sample_id,split
0,train
1,train
2,test
3,train
4,train
5,train
6,train
7,train
8,train
9,test
10,train
11,train
12,test
13,train
14,train
15,train
16,train
17,train
18,train
19,train
20,train
21,test
22,train
23,train
24,test
25,train
26,test
27,train
28,test
29,train
30,train
31,train
32,train
33,train
34,train
35,train
36,train
37,train
38,train
39,train
40,train
41,train
42,train
43,train
44,train
45,train
46,train
47,train
48,train
49,test
50,train
51,train
52,train
53,train
54,train
55,train
56,train
57,train
58,train
59,train
60,train
61,train
62,train
63,train
64,train
65,train
66,test
67,train
68,train
69,train
70,train
71,train
72,test
73,train
74,train
75,train
76,train
77,test
78,train
79,train
80,train
81,train
82,train
83,train
84,train
85,train
86,test
87,test
88,train
89,train
90,train
91,train
92,train
93,test
94,test
95,test
96,train
97,test
98,test
99,train
100,test
101,train
102,train
103,test
104,train
105,test
106,train
107,train
108,train
109,train
110,train
111,train
112,train
113,train
114,train
115,train
116,train
117,train
118,train
119,train
120,train
121,test
122,train
123,train
124,train
125,train
126,test
127,train
128,train
129,train
130,train
131,train
132,train
133,train
134,train
135,train
136,train
137,train
138,train
139,train
140,test
141,train
142,train
143,train
144,train
145,train
146,train
147,train
148,train
149,train
150,train
151,test
152,train
153,test
154,test
155,train
156,train
157,test
158,train
159,train
160,train
161,train
162,train
163,train
164,test
165,train
166,train
167,train
168,train
169,train
170,train
171,train
172,test
173,train
174,train
175,train
176,train
177,train
178,train
179,test
180,train
181,train
182,test
183,train
184,train
185,train
186,train
187,test
188,train
189,train
190,train
191,train
192,train
193,train
194,test
195,train
196,train
197,train
198,test
199,train
200,train
201,test
202,train
203,train
204,train
205,train
206,train
207,train
208,train
209,test
210,test
211,train
212,test
213,test
214,train
215,train
216,train
217,train
218,test
219,test
220,train
221,train
222,train
223,train
224,test
225,test
226,train
227,train
228,train
229,test
230,train
231,test
232,train
233,train
234,train
235,test
236,train
237,train
238,train
239,train
240,train
241,train
242,train
243,train
244,train
245,train
246,train
247,train
248,test
249,test
250,train
251,train
252,train
253,train
254,train
255,train
256,train
257,test
258,train
259,test
260,train
261,train
262,train
263,train
264,train
265,train
266,train
267,train
268,train
269,train
270,train
271,test
272,train
273,train
274,train
275,train
276,train
277,train
278,train
279,train
280,train
281,train
282,train
283,train
284,train
285,test
286,train
287,train
288,train
289,train
290,train
291,train
292,train
293,train
294,train
295,test
296,test
297,train
298,test
299,train
300,train
301,train
302,train
303,train
304,train
305,train
306,test
307,train
308,test
309,train
310,train
311,train
312,train
313,train
314,train
315,train
316,train
317,test
318,train
319,train
320,test
321,train
322,test
323,train
324,train
325,train
326,train
327,train
328,train
329,train
330,train
331,test
332,train
333,test
334,train
335,train
336,test
337,train
338,train
339,train
340,test
341,train
342,train
343,train
344,train
345,train
346,train
347,test
348,train
349,train
350,train
351,train
352,test
353,train
354,train
355,train
356,train
357,train
358,train
359,train
360,test
361,train
362,train
363,test
364,train
365,train
366,train
367,train
368,train
369,train
370,train
371,test
372,train
373,train
374,train
375,train
376,train
377,train
378,train
379,train
380,train
381,train
382,train
383,train
384,train
385,train
386,train
387,train
388,train
389,test
390,test
391,train
392,test
393,train
394,train
395,train
396,test
397,test
398,test
399,train
400,train
401,train
402,train
403,test
404,train
405,test
406,train
407,test
408,train
409,train
410,train
411,test
412,test
413,train
414,train
415,train
416,test
417,test
418,train
419,train
420,train
421,train
422,train
423,train
424,train
425,test
426,train
427,train
428,test
429,train
430,test
431,train
432,train
433,test
434,train
435,train
436,train
437,train
438,test
439,test
440,test
441,train
442,train
443,train
444,train
445,train
446,train
447,test
448,train
449,train
450,train
451,train
452,test
453,train
454,train
455,train
456,train
457,train
458,train
459,train
460,train
461,train
462,train
463,train
464,train
465,train
466,train
467,train
468,test
469,train
470,train
471,train
472,train
473,train
474,train
475,train
476,train
477,train
478,train
479,train
480,train
481,train
482,test
483,test
484,train
485,test
486,train
487,train
488,train
489,train
490,train
491,train
492,train
493,train
494,train
495,train
496,train
497,train
498,test
499,train
500,train
501,train
502,test
503,train
504,test
505,train
506,train
507,train
508,train
509,train
510,train
511,train
512,train
513,test
514,train
515,train
516,train
517,train
518,test
519,test
520,test
521,train
522,train
523,train
524,train
525,train
526,train
527,test
528,train
529,train
530,train
531,train
532,train
533,test
534,train
535,train
536,train
537,train
538,test
539,test
540,test
541,train
542,test
543,train
544,train
545,train
546,test
547,test
548,train
549,train
550,train
551,train
552,train
553,train
554,test
555,train
556,test
557,train
558,train
559,train
560,test
561,train
562,train
563,test
564,train
565,train
566,train
567,test
568,test
569,train
570,train
571,train
572,test
573,train
574,train
575,train
576,train
577,train
578,test
579,train
580,train
581,test
582,train
583,train
584,test
585,test
586,train
587,train
588,test
589,train
590,train
591,train
592,test
593,train
594,train
595,train
596,test
597,train
598,train
599,train
600,train
601,train
602,train
603,train
604,train
605,train
606,train
607,test
608,train
609,train
610,train
611,train
612,train
613,train
614,train
615,train
616,test
617,train
618,train
619,test
620,train
621,train
622,train
623,train
624,test
625,train
626,train
627,train
628,train
629,train
630,test
631,train
632,train
633,train
634,train
635,train
636,train
637,train
638,train
639,train
640,train
641,train
642,test
643,train
644,train
645,train
646,train
647,train
648,train
649,train
650,test
651,train
652,test
653,train
654,train
655,train
656,train
657,train
658,train
659,test
660,test
661,train
662,train
663,train
664,train
665,train
666,train
667,train
668,train
669,train
670,train
671,train
672,test
673,train
674,train
675,train
676,test
677,train
678,train
679,train
680,train
681,train
682,test
683,train
684,train
685,test
686,train
687,test
688,train
689,train
690,train
691,train
692,test
693,train
694,test
695,test
696,train
697,train
698,train
699,train
700,train
701,train
702,train
703,test
704,train
705,train
706,train
707,train
708,train
709,train
710,train
711,test
712,train
713,train
714,test
715,train
716,train
717,train
718,train
719,test
720,test
721,train
722,train
723,train
724,train
725,train
726,test
727,test
728,train
729,train
730,test
731,train
732,test
733,train
734,train
735,train
736,test
737,train
738,train
739,train
740,train
741,test
742,train
743,train
744,train
745,train
746,test
747,test
748,train
749,train
750,train
751,train
752,train
753,test
754,train
755,train
756,train
757,train
758,train
759,train
760,train
761,train
762,train
763,test
764,train
765,train
766,train
767,train
768,test
769,train
770,train
771,train
772,train
773,train
774,train
775,train
776,train
777,train
778,train
779,train
780,train
781,train
782,train
783,train
784,test
785,train
786,train
787,train
788,train
789,train
790,train
791,train
792,test
793,train
794,train
795,train
796,train
797,train
798,test
799,test
800,train
801,test
802,train
803,train
804,train
805,train
806,train
807,train
808,train
809,test
810,train
811,test
812,train
813,train
814,train
815,train
816,train
817,train
818,train
819,train
820,train
821,train
822,train
823,train
824,test
825,train
826,train
827,train
828,train
829,train
830,train
831,train
832,train
833,train
834,train
835,train
836,test
837,test
838,test
839,train
840,train
841,train
842,train
843,train
844,train
845,train
846,train
847,train
848,test
849,train
850,test
851,train
852,train
853,test
854,test
855,train
856,train
857,train
858,train
859,train
860,train
861,train
862,train
863,train
864,train
865,train
866,train
867,train
868,train
869,train
870,test
871,test
872,train
873,train
874,train
875,train
876,train
877,test
878,train
879,train
880,train
881,train
882,train
883,train
884,train
885,train
886,train
887,train
888,train
889,train
890,train
891,train
892,train
893,test
894,train
895,train
896,train
897,train
898,train
899,test
900,train
901,train
902,train
903,train
904,train
905,train
906,train
907,train
908,train
909,test
910,train
911,train
912,train
913,train
914,train
915,test
916,test
917,train
918,train
919,train
920,train
921,train
922,train
923,test
924,train
925,train
926,train
927,train
928,train
929,train
930,train
931,train
932,test
933,train
934,train
935,train
936,test
937,train
938,train
939,train
940,test
941,train
942,train
943,train
944,train
945,test
946,train
947,test
948,train
949,test
950,train
951,train
952,train
953,train
954,train
955,train
956,train
957,train
958,train
959,train
960,test
961,train
962,train
963,test
964,train
965,train
966,test
967,train
968,train
969,train
970,train
971,train
972,train
973,train
974,train
975,train
976,test
977,train
978,test
979,train
980,train
981,train
982,train
983,test
984,train
985,train
986,train
987,train
988,test
989,train
990,train
991,train
992,test
993,train
994,test
995,train
996,test
997,train
998,train
999,train
1000,test
1001,train
1002,test
1003,train
1004,train
1005,test
1006,test
1007,train
1008,train
1009,train
1010,test
1011,train
1012,test
1013,train
1014,train
1015,train
1016,train
1017,train
1018,train
1019,train
1020,train
1021,train
1022,train
1023,test
1024,train
1025,train
1026,test
1027,train
1028,train
1029,train
1030,train
1031,train
1032,train
1033,train
1034,train
1035,train
1036,test
1037,train
1038,train
1039,train
1040,train
1041,train
1042,train
1043,train
1044,test
1045,train
1046,train
1047,train
1048,train
1049,train
1050,test
1051,test
1052,train
1053,train
1054,train
1055,train
1056,train
1057,train
1058,test
1059,train
1060,train
1061,train
1062,test
1063,train
1064,train
1065,train
1066,train
1067,train
1068,train
1069,test
1070,train
1071,train
1072,test
1073,test
1074,train
1075,train
1076,train
1077,test
1078,train
1079,test
1080,train
1081,train
1082,train
1083,train
1084,train
1085,train
1086,train
1087,train
1088,train
1089,train
1090,test
1091,train
1092,train
1093,test
1094,train
1095,train
1096,train
1097,train
1098,train
1099,train
1100,test
1101,train
1102,train
1103,train
1104,train
1105,train
1106,train
1107,train
1108,test
1109,test
1110,train
1111,train
1112,train
1113,train
1114,train
1115,train
1116,test
1117,train
1118,train
1119,train
1120,train
1121,train
1122,train
1123,train
1124,train
1125,train
1126,test
1127,train
1128,train
1129,train
1130,train
1131,test
1132,test
1133,train
1134,test
1135,test
1136,train
1137,train
1138,test
1139,train
1140,train
1141,train
1142,test
1143,train
1144,train
1145,test
1146,train
1147,train
1148,train
1149,test
1150,train
1151,test
1152,test
1153,train
1154,test
1155,train
1156,train
1157,test
1158,train
1159,train
1160,train
1161,train
1162,train
1163,train
1164,train
1165,train
1166,test
1167,train
1168,train
1169,train
1170,train
1171,train
1172,train
1173,train
1174,train
1175,train
1176,train
1177,train
1178,test
1179,train
1180,train
1181,train
1182,train
1183,train
1184,train
1185,train
1186,train
1187,train
1188,test
1189,train
1190,train
1191,train
1192,test
1193,test
1194,train
1195,test
1196,test
1197,train
1198,train
1199,test
1200,test
1201,train
1202,train
1203,test
1204,train
1205,train
1206,train
1207,train
1208,test
1209,test
1210,train
1211,train
1212,train
1213,train
1214,train
1215,train
1216,train
1217,train
1218,train
1219,train
1220,train
1221,test
1222,train
1223,train
1224,train
1225,test
1226,train
1227,train
1228,test
1229,test
1230,train
1231,train
1232,train
1233,train
1234,train
1235,test
1236,train
1237,train
1238,train
1239,train
1240,train
1241,train
1242,train
1243,test
1244,train
1245,train
1246,train
1247,test
1248,train
1249,test
1250,train
1251,train
1252,train
1253,train
1254,train
1255,train
1256,train
1257,train
1258,test
1259,train
1260,train
1261,train
1262,train
1263,train
1264,train
1265,train
1266,train
1267,train
1268,train
1269,train
1270,train
1271,train
1272,train
1273,train
1274,test
1275,test
1276,train
1277,train
1278,test
1279,train
1280,train
1281,train
1282,train
1283,train
1284,train
1285,train
1286,test
1287,train
1288,train
1289,test
1290,train
1291,train
1292,train
1293,train
1294,train
1295,train
1296,train
1297,train
1298,train
1299,train
1300,train
1301,test
1302,train
1303,train
1304,train
1305,test
1306,train
1307,train
1308,train
1309,train
1310,test
1311,train
1312,train
1313,train
1314,train
1315,train
1316,train
1317,test
1318,train
1319,train
1320,train
1321,test
1322,train
1323,train
1324,train
1325,test
1326,train
1327,train
1328,train
1329,test
1330,train
1331,train
1332,test
1333,train
1334,train
1335,test
1336,train
1337,test
1338,train
1339,train
1340,train
1341,test
1342,train
1343,train
1344,test
1345,test
1346,train
1347,train
1348,train
1349,train
1350,train
1351,train
1352,train
1353,train
1354,train
1355,train
1356,train
1357,train
1358,train
1359,train
1360,train
1361,train
1362,train
1363,train
1364,test
1365,train
1366,train
1367,train
1368,train
1369,train
1370,train
1371,train
1372,train
1373,train
1374,train
1375,train
1376,test
1377,test
1378,train
1379,test
1380,train
1381,test
1382,train
1383,train
1384,train
1385,train
1386,train
1387,train
1388,train
1389,test
1390,train
1391,train
1392,train
1393,train
1394,test
1395,train
1396,train
1397,train
1398,train
1399,test
1400,train
1401,train
1402,train
1403,train
1404,test
1405,train
1406,train
1407,train
1408,train
1409,train
1410,train
1411,train
1412,test
1413,test
1414,train
1415,train
1416,train
1417,train
1418,train
1419,test
1420,train
1421,train
1422,train
1423,train
1424,train
1425,train
1426,train
1427,train
1428,train
1429,train
1430,train
1431,test
1432,train
1433,train
1434,train
1435,train
1436,train
1437,train
1438,train
1439,train
1440,train
1441,train
1442,train
1443,test
1444,train
1445,train
1446,train
1447,train
1448,train
1449,test
1450,train
1451,train
1452,test
1453,train
1454,train
1455,test
1456,test
1457,train
1458,train
1459,test
1460,train
1461,train
1462,train
1463,train
1464,train
1465,train
1466,train
1467,test
1468,train
1469,test
1470,train
1471,test
1472,test
1473,train
1474,train
1475,train
1476,test
1477,train
1478,train
1479,test
1480,test
1481,train
1482,train
1483,train
1484,test
1485,train
1486,train
1487,train
1488,test
1489,test
1490,test
1491,train
1492,test
1493,test
1494,test
1495,train
1496,train
1497,train
1498,train
1499,train
1500,test
1501,train
1502,train
1503,train
1504,train
1505,train
1506,test
1507,train
1508,train
1509,train
1510,train
1511,train
1512,train
1513,train
1514,train
1515,train
1516,train
1517,train
1518,train
1519,train
1520,train
1521,train
1522,test
1523,train
1524,train
1525,train
1526,train
1527,train
1528,train
1529,test
1530,train
1531,train
1532,train
1533,train
1534,train
1535,train
1536,train
1537,train
1538,train
1539,train
1540,train
1541,train
1542,train
1543,train
1544,train
1545,train
1546,train
1547,train
1548,train
1549,train
1550,train
1551,train
1552,train
1553,test
1554,test
1555,train
1556,train
1557,train
1558,train
1559,train
1560,train
1561,test
1562,train
1563,train
1564,train
1565,train
1566,train
1567,test
1568,train
1569,train
1570,train
1571,train
1572,test
1573,train
1574,train
1575,train
1576,train
1577,train
1578,train
1579,train
1580,train
1581,train
1582,train
1583,train
1584,test
1585,train
1586,train
1587,train
1588,train
1589,train
1590,test
1591,train
1592,train
1593,test
1594,train
1595,train
1596,train
1597,train
1598,test
1599,train
1600,train
1601,train
1602,train
1603,train
1604,train
1605,train
1606,train
1607,train
1608,test
1609,train
1610,train
1611,train
1612,train
1613,train
1614,train
1615,train
1616,train
1617,train
1618,test
1619,train
1620,train
1621,train
1622,train
1623,train
1624,train
1625,train
1626,train
1627,test
1628,test
1629,train
1630,train
1631,test
1632,train
1633,train
1634,train
1635,train
1636,train
1637,train
1638,train
1639,train
1640,train
1641,train
1642,train
1643,train
1644,train
1645,train
1646,train
1647,train
1648,train
1649,test
1650,train
1651,train
1652,train
1653,train
1654,train
1655,train
1656,train
1657,train
1658,train
1659,train
1660,train
1661,train
1662,train
1663,train
1664,train
1665,train
1666,test
1667,test
1668,test
1669,train
1670,train
1671,train
1672,train
1673,train
1674,test
1675,test
1676,train
1677,train
1678,train
1679,train
1680,train
1681,train
1682,train
1683,train
1684,train
1685,train
1686,train
1687,train
1688,test
1689,train
1690,test
1691,train
1692,train
1693,train
1694,train
1695,train
1696,train
1697,train
1698,train
1699,train
1700,train
1701,test
1702,test
1703,train
1704,train
1705,train
1706,test
1707,test
1708,train
1709,train
1710,test
1711,train
1712,train
1713,train
1714,train
1715,test
1716,train
1717,train
1718,test
1719,train
1720,train
1721,train
1722,train
1723,train
1724,train
1725,test
1726,train
1727,test
1728,train
1729,train
1730,train
1731,train
1732,test
1733,train
1734,train
1735,test
1736,train
1737,train
1738,train
1739,test
1740,train
1741,train
1742,train
1743,train
1744,train
1745,train
1746,train
1747,train
1748,train
1749,train
1750,train
1751,test
1752,train
1753,train
1754,train
1755,train
1756,train
1757,train
1758,train
1759,train
1760,train
1761,train
1762,train
1763,train
1764,train
1765,train
1766,test
1767,train
1768,train
1769,train
1770,train
1771,train
1772,train
1773,train
1774,test
1775,train
1776,test
1777,test
1778,train
1779,train
1780,train
1781,train
1782,train
1783,train
1784,train
1785,train
1786,train
1787,test
1788,train
1789,train
1790,train
1791,train
1792,train
1793,train
1794,train
1795,test
1796,train
1797,test
1798,train
1799,train
1800,train
1801,train
1802,train
1803,train
1804,train
1805,train
1806,train
1807,test
1808,test
1809,train
1810,train
1811,train
1812,train
1813,train
1814,train
1815,train
1816,test
1817,train
1818,train
1819,train
1820,train
1821,train
1822,train
1823,train
1824,train
1825,train
1826,train
1827,train
1828,train
1829,train
1830,train
1831,train
1832,train
1833,train
1834,train
1835,test
1836,train
1837,test
1838,train
1839,train
1840,train
1841,train
1842,train
1843,train
1844,test
1845,train
1846,train
1847,train
1848,train
1849,train
1850,train
1851,train
1852,test
1853,train
1854,test
1855,train
1856,train
1857,train
1858,train
1859,test
1860,train
1861,train
1862,train
1863,train
1864,train
1865,train
1866,test
1867,train
1868,train
1869,train
1870,train
1871,train
1872,train
1873,train
1874,train
1875,train
1876,train
1877,train
1878,train
1879,test
1880,test
1881,train
1882,train
1883,train
1884,test
1885,train
1886,train
1887,train
1888,train
1889,train
1890,train
1891,train
1892,test
1893,train
1894,train
1895,train
1896,train
1897,train
1898,train
1899,train
1900,train
1901,train
1902,test
1903,train
1904,test
1905,test
1906,train
1907,train
1908,train
1909,test
1910,test
1911,train
1912,test
1913,test
1914,train
1915,train
1916,train
1917,train
1918,train
1919,train
1920,train
1921,train
1922,train
1923,test
1924,train
1925,train
1926,train
1927,train
1928,train
1929,train
1930,train
1931,test
1932,train
1933,train
1934,train
1935,train
1936,test
1937,train
1938,train
1939,train
1940,train
1941,train
1942,train
1943,train
1944,train
1945,train
1946,train
1947,train
1948,test
1949,train
1950,train
1951,test
1952,train
1953,train
1954,train
1955,train
1956,train
1957,train
1958,train
1959,train
1960,test
1961,test
1962,train
1963,test
1964,test
1965,train
1966,test
1967,test
1968,test
1969,train
1970,train
1971,train
1972,test
1973,train
1974,train
1975,test
1976,train
1977,train
1978,train
1979,train
1980,train
1981,test
1982,train
1983,train
1984,test
1985,test
1986,test
1987,train
1988,train
1989,train
1990,test
1991,train
1992,train
1993,train
1994,train
1995,test
1996,train
1997,train
1998,train
1999,train
2000,train
2001,train
2002,train
2003,test
2004,train
2005,test
2006,train
2007,train
2008,train
2009,train
2010,train
2011,train
2012,train
2013,test
2014,train
2015,train
2016,test
2017,train
2018,train
2019,test
2020,test
2021,train
2022,train
2023,train
2024,train
2025,train
2026,test
2027,train
2028,train
2029,train
2030,train
2031,train
2032,train
2033,train
2034,train
2035,train
2036,test
2037,test
2038,train
2039,test
2040,test
2041,train
2042,test
2043,test
2044,train
2045,train
2046,train
2047,train
2048,test
2049,train
2050,train
2051,train
2052,test
2053,train
2054,train
2055,train
2056,test
2057,train
2058,train
2059,train
2060,train
2061,train
2062,train
2063,test
2064,train
2065,train
2066,train
2067,test
2068,test
2069,train
2070,test
2071,train
2072,train
2073,train
2074,train
2075,train
2076,train
2077,train
2078,train
2079,train
2080,train
2081,train
2082,train
2083,test
2084,train
2085,train
2086,train
2087,train
2088,train
2089,train
2090,test
2091,train
2092,test
2093,train
2094,test
2095,train
2096,train
2097,train
2098,train
2099,train
2100,train
2101,test
2102,train
2103,train
2104,train
2105,train
2106,train
2107,test
2108,train
2109,train
2110,train
2111,train
2112,train
2113,train
2114,test
2115,train
2116,train
2117,test
2118,test
2119,train
2120,test
2121,train
2122,train
2123,test
2124,train
2125,train
2126,train
2127,train
2128,test
2129,train
2130,train
2131,train
2132,train
2133,train
2134,train
2135,train
2136,train
2137,test
2138,train
2139,train
2140,train
2141,train
2142,train
2143,train
2144,test
2145,train
2146,train
2147,train
2148,train
2149,test
2150,test
2151,train
2152,test
2153,train
2154,train
2155,train
2156,train
2157,train
2158,test
2159,train
2160,train
2161,train
2162,train
2163,train
2164,test
2165,test
2166,train
2167,train
2168,train
2169,train
2170,train
2171,test
2172,test
2173,train
2174,test
2175,train
2176,test
2177,train
2178,test
2179,train
2180,test
2181,test
2182,train
2183,test
2184,train
2185,test
2186,train
2187,train
2188,train
2189,test
2190,train
2191,train
2192,train
2193,train
2194,train
2195,train
2196,train
2197,train
2198,train
2199,train
2200,train
2201,train
2202,train
2203,train
2204,test
2205,test
2206,test
2207,train
2208,train
2209,train
2210,train
2211,test
2212,train
2213,train
2214,train
2215,train
2216,train
2217,train
2218,train
2219,train
2220,train
2221,test
2222,train
2223,train
2224,train
2225,train
2226,train
2227,train
2228,test
2229,test
2230,train
2231,train
2232,train
2233,train
2234,train
2235,train
2236,train
2237,train
2238,train
2239,train
2240,train
2241,train
2242,train
2243,train
2244,train
2245,test
2246,train
2247,train
2248,train
2249,train
2250,train
2251,train
2252,train
2253,train
2254,train
2255,train
2256,train
2257,train
2258,train
2259,train
2260,train
2261,train
2262,test
2263,train
2264,test
2265,train
2266,train
2267,train
2268,train
2269,train
2270,train
2271,train
2272,train
2273,train
2274,train
2275,train
2276,train
2277,train
2278,train
2279,train
2280,train
2281,train
2282,train
2283,test
2284,train
2285,test
2286,train
2287,train
2288,train
2289,test
2290,test
2291,train
2292,train
2293,test
2294,test
2295,test
2296,train
2297,train
2298,train
2299,train
2300,test
2301,train
2302,train
2303,train
2304,train
2305,train
2306,train
2307,test
2308,train
2309,train
2310,train
2311,test
2312,train
2313,train
2314,train
2315,train
2316,train
2317,train
2318,train
2319,train
2320,train
2321,test
2322,train
2323,train
2324,train
2325,train
2326,train
2327,train
2328,train
2329,test
2330,train
2331,train
2332,train
2333,train
2334,train
2335,test
2336,test
2337,train
2338,train
2339,train
2340,train
2341,train
2342,test
2343,train
2344,train
2345,train
2346,train
2347,test
2348,train
2349,train
2350,train
2351,train
2352,train
2353,test
2354,train
2355,train
2356,train
2357,train
2358,train
2359,train
2360,train
2361,train
2362,test
2363,train
2364,train
2365,train
2366,train
2367,train
2368,train
2369,train
2370,train
2371,train
2372,train
2373,train
2374,train
2375,train
2376,train
2377,train
2378,test
2379,train
2380,train
2381,train
2382,test
2383,train
2384,train
2385,train
2386,train
2387,train
2388,train
2389,train
2390,train
2391,train
2392,train
2393,train
2394,train
2395,train
2396,train
2397,train
2398,train
2399,train
2400,test
2401,train
2402,train
2403,train
2404,test
2405,test
2406,train
2407,train
2408,test
2409,train
2410,train
2411,train
2412,train
2413,train
2414,train
2415,train
2416,train
2417,train
2418,test
2419,train
2420,train
2421,train
2422,train
2423,train
2424,train
2425,train
2426,train
2427,test
2428,train
2429,test
2430,train
2431,train
2432,train
2433,train
2434,train
2435,test
2436,test
2437,test
2438,train
2439,train
2440,train
2441,train
2442,train
2443,train
2444,train
2445,train
2446,train
2447,train
2448,train
2449,train
2450,train
2451,train
2452,train
2453,train
2454,train
2455,train
2456,train
2457,train
2458,train
2459,train
2460,train
2461,train
2462,test
2463,train
2464,train
2465,train
2466,train
2467,train
2468,train
2469,test
2470,test
2471,test
2472,train
2473,train
2474,train
2475,train
2476,train
2477,test
2478,train
2479,train
2480,test
2481,test
2482,test
2483,test
2484,train
2485,test
2486,train
2487,train
2488,train
2489,train
2490,train
2491,train
2492,train
2493,train
2494,test
2495,train
2496,train
2497,train
2498,train
2499,train
2500,train
2501,train
2502,train
2503,train
2504,train
2505,train
2506,train
2507,test
2508,train
2509,train
2510,train
2511,train
2512,train
2513,train
2514,train
2515,train
2516,train
2517,train
2518,test
2519,train
2520,train
2521,train
2522,train
2523,train
2524,train
2525,train
2526,train
2527,train
2528,test
2529,train
2530,train
2531,train
2532,test
2533,train
2534,train
2535,test
2536,train
2537,test
2538,test
2539,train
2540,test
2541,train
2542,train
2543,train
2544,train
2545,train
2546,train
2547,train
2548,train
2549,train
2550,train
2551,train
2552,train
2553,train
2554,train
2555,train
2556,train
2557,train
2558,test
2559,train
2560,train
2561,test
2562,train
2563,train
2564,train
2565,test
2566,train
2567,train
2568,train
2569,train
2570,train
2571,train
2572,test
2573,train
2574,train
2575,train
2576,train
2577,train
2578,train
2579,train
2580,train
2581,train
2582,train
2583,train
2584,train
2585,train
2586,train
2587,train
2588,train
2589,train
2590,train
2591,train
2592,train
2593,train
2594,train
2595,train
2596,train
2597,train
2598,train
2599,train
2600,train
2601,train
2602,train
2603,train
2604,train
2605,train
2606,train
2607,train
2608,test
2609,train
2610,train
2611,test
2612,train
2613,train
2614,test
2615,test
2616,test
2617,train
2618,train
2619,train
2620,train
2621,train
2622,train
2623,train
2624,train
2625,train
2626,train
2627,train
2628,train
2629,train
2630,train
2631,test
2632,train
2633,train
2634,train
2635,train
2636,train
2637,train
2638,train
2639,train
2640,train
2641,train
2642,train
2643,test
2644,test
2645,train
2646,train
2647,train
2648,train
2649,train
2650,train
2651,test
2652,train
2653,train
2654,train
2655,train
2656,test
2657,train
2658,train
2659,train
2660,train
2661,train
2662,train
2663,train
2664,train
2665,train
2666,train
2667,train
2668,train
2669,train
2670,test
2671,train
2672,train
2673,test
2674,train
2675,train
2676,test
2677,train
2678,train
2679,train
2680,train
2681,train
2682,train
2683,train
2684,train
2685,train
2686,test
2687,train
2688,train
2689,train
2690,train
2691,test
2692,test
2693,train
2694,train
2695,test
2696,train
2697,train
2698,train
2699,train
2700,train
2701,train
2702,train
2703,train
2704,train
2705,train
2706,train
2707,train
2708,train
2709,test
2710,train
2711,train
2712,train
2713,train
2714,train
2715,train
2716,test
2717,train
2718,train
2719,train
2720,train
2721,train
2722,test
2723,train
2724,train
2725,train
2726,train
2727,train
2728,train
2729,train
2730,train
2731,train
2732,train
2733,train
2734,train
2735,train
2736,test
2737,test
2738,test
2739,train
2740,train
2741,train
2742,train
2743,train
2744,train
2745,train
2746,train
2747,train
2748,train
2749,train
2750,train
2751,train
2752,train
2753,train
2754,test
2755,train
2756,train
2757,train
2758,train
2759,train
2760,train
2761,train
2762,train
2763,train
2764,train
2765,train
2766,train
2767,train
2768,test
2769,train
2770,train
2771,test
2772,train
2773,test
2774,train
2775,train
2776,train
2777,train
2778,train
2779,train
2780,train
2781,train
2782,train
2783,train
2784,test
2785,train
2786,train
2787,train
2788,train
2789,train
2790,train
2791,train
2792,train
2793,train
2794,train
2795,train
2796,train
2797,test
2798,train
2799,train
2800,train
2801,train
2802,train
2803,train
2804,train
2805,train
2806,train
2807,test
2808,train
2809,train
2810,train
2811,train
2812,train
2813,train
2814,train
2815,train
2816,test
2817,test
2818,train
2819,test
2820,train
2821,train
2822,train
2823,train
2824,train
2825,train
2826,train
2827,test
2828,train
2829,train
2830,train
2831,train
2832,train
2833,train
2834,train
2835,train
2836,train
2837,train
2838,train
2839,train
2840,train
2841,test
2842,train
2843,train
2844,train
2845,test
2846,train
2847,train
2848,train
2849,train
2850,train
2851,train
2852,train
2853,train
2854,train
2855,train
2856,train
2857,train
2858,train
2859,train
2860,test
2861,train
2862,test
2863,train
2864,train
2865,train
2866,test
2867,train
2868,train
2869,train
2870,test
2871,test
2872,train
2873,train
2874,test
2875,train
2876,train
2877,test
2878,train
2879,train
2880,train
2881,train
2882,train
2883,train
2884,train
2885,train
2886,train
2887,train
2888,test
2889,train
2890,train
2891,train
2892,train
2893,train
2894,train
2895,train
2896,test
2897,train
2898,train
2899,train
2900,train
2901,train
2902,train
2903,train
2904,train
2905,train
2906,train
2907,train
2908,train
2909,train
2910,train
2911,train
2912,train
2913,train
2914,train
2915,train
2916,test
2917,train
2918,train
2919,train
2920,test
2921,train
2922,train
2923,train
2924,train
2925,train
2926,train
2927,train
2928,train
2929,train
2930,train
2931,test
2932,train
2933,test
2934,train
2935,train
2936,test
2937,train
2938,train
2939,train
2940,train
2941,train
2942,train
2943,test
2944,train
2945,train
2946,train
2947,train
2948,train
2949,train
2950,train
2951,train
2952,train
2953,train
2954,train
2955,train
2956,train
2957,test
2958,train
2959,train
2960,train
2961,test
2962,test
2963,test
2964,train
2965,train
2966,train
2967,train
2968,train
2969,train
2970,train
2971,test
2972,train
2973,train
2974,train
2975,train
2976,test
2977,train
2978,train
2979,train
2980,train
2981,train
2982,train
2983,train
2984,train
2985,train
2986,train
2987,train
2988,train
2989,test
2990,train
2991,train
2992,test
2993,train
2994,train
2995,train
2996,train
2997,train
2998,train
2999,train
3000,train
3001,train
3002,train
3003,train
3004,train
3005,test
3006,train
3007,train
3008,test
3009,train
3010,train
3011,train
3012,train
3013,train
3014,train
3015,train
3016,train
3017,train
3018,train
3019,train
3020,train
3021,train
3022,train
3023,train
3024,train
3025,train
3026,train
3027,train
3028,train
3029,test
3030,train
3031,train
3032,train
3033,train
3034,test
3035,test
3036,test
3037,train
3038,train
3039,train
3040,train
3041,test
3042,test
3043,train
3044,train
3045,train
3046,train
3047,test
3048,train
3049,train
3050,test
3051,train
3052,train
3053,train
3054,test
3055,train
3056,train
3057,test
3058,train
3059,test
3060,train
3061,train
3062,train
3063,train
3064,train
3065,train
3066,train
3067,test
3068,train
3069,train
3070,test
3071,train
3072,train
3073,test
3074,test
3075,train
3076,train
3077,train
3078,train
3079,test
3080,train
3081,train
3082,train
3083,test
3084,train
3085,train
3086,train
3087,train
3088,train
3089,train
3090,train
3091,test
3092,train
3093,test
3094,train
3095,train
3096,train
3097,test
3098,train
3099,train
3100,test
3101,train
3102,train
3103,train
3104,train
3105,train
3106,train
3107,train
3108,train
3109,train
3110,train
3111,train
3112,train
3113,train
3114,train
3115,train
3116,test
3117,test
3118,train
3119,train
3120,train
3121,test
3122,train
3123,train
3124,train
3125,test
3126,test
3127,test
3128,train
3129,train
3130,train
3131,test
3132,train
3133,test
3134,test
3135,train
3136,train
3137,train
3138,train
3139,train
3140,train
3141,train
3142,train
3143,test
3144,train
3145,train
3146,train
3147,train
3148,test
3149,train
3150,train
3151,train
3152,train
3153,train
3154,test
3155,train
3156,train
3157,test
3158,train
3159,train
3160,train
3161,train
3162,train
3163,train
3164,train
3165,test
3166,test
3167,test
3168,train
3169,train
3170,train
3171,train
3172,train
3173,train
3174,train
3175,test
3176,train
3177,train
3178,test
3179,train
3180,train
3181,train
3182,train
3183,train
3184,test
3185,train
3186,train
3187,train
3188,train
3189,train
3190,train
3191,train
3192,train
3193,train
3194,train
3195,train
3196,train
3197,train
3198,test
3199,train
3200,test
3201,test
3202,train
3203,train
3204,train
3205,train
3206,train
3207,train
3208,test
3209,train
3210,train
3211,train
3212,train
3213,train
3214,test
3215,train
3216,train
3217,test
3218,train
3219,train
3220,test
3221,train
3222,train
3223,train
3224,test
3225,test
3226,train
3227,train
3228,test
3229,train
3230,train
3231,train
3232,train
3233,test
3234,test
3235,test
3236,train
3237,train
3238,test
3239,train
3240,train
3241,test
3242,train
3243,train
3244,test
3245,train
3246,train
3247,train
3248,test
3249,train
3250,test
3251,train
3252,train
3253,train
3254,train
3255,train
3256,train
3257,train
3258,train
3259,train
3260,train
3261,train
3262,train
3263,train
3264,train
3265,test
3266,train
3267,train
3268,train
3269,train
3270,train
3271,test
3272,train
3273,train
3274,train
3275,test
3276,train
3277,test
3278,train
3279,train
3280,train
3281,test
3282,train
3283,train
3284,train
3285,train
3286,train
3287,train
3288,train
3289,train
3290,train
3291,train
3292,train
3293,train
3294,train
3295,train
3296,train
3297,train
3298,train
3299,train
3300,train
3301,train
3302,train
3303,train
3304,train
3305,train
3306,train
3307,train
3308,train
3309,train
3310,test
3311,test
3312,train
3313,train
3314,train
3315,test
3316,train
3317,train
3318,train
3319,test
3320,train
3321,train
3322,train
3323,train
3324,train
3325,train
3326,train
3327,train
3328,train
3329,train
3330,train
3331,train
3332,train
3333,train
3334,train
3335,train
3336,train
3337,train
3338,train
3339,train
3340,test
3341,train
3342,train
3343,train
3344,test
3345,train
3346,train
3347,test
3348,train
3349,train
3350,train
3351,train
3352,train
3353,train
3354,test
3355,train
3356,train
3357,train
3358,train
3359,test
3360,train
3361,train
3362,train
3363,train
3364,train
3365,test
3366,train
3367,train
3368,train
3369,train
3370,train
3371,test
3372,test
3373,train
3374,train
3375,train
3376,train
3377,train
3378,test
3379,test
3380,train
3381,train
3382,test
3383,train
3384,test
3385,test
3386,train
3387,train
3388,train
3389,train
3390,train
3391,train
3392,train
3393,test
3394,train
3395,train
3396,train
3397,test
3398,test
3399,train
3400,train
3401,test
3402,test
3403,train
3404,train
3405,train
3406,train
3407,test
3408,train
3409,train
3410,train
3411,train
3412,train
3413,train
3414,train
3415,train
3416,train
3417,train
3418,test
3419,test
3420,test
3421,test
3422,train
3423,train
3424,train
3425,train
3426,train
3427,train
3428,train
3429,train
3430,train
3431,test
3432,test
3433,train
3434,train
3435,test
3436,train
3437,train
3438,train
3439,train
3440,train
3441,test
3442,train
3443,train
3444,train
3445,test
3446,train
3447,train
3448,test
3449,train
3450,train
3451,test
3452,train
3453,test
3454,train
3455,train
3456,train
3457,train
3458,train
3459,train
3460,train
3461,test
3462,train
3463,test
3464,train
3465,train
3466,train
3467,train
3468,train
3469,train
3470,train
3471,train
3472,test
3473,train
3474,train
3475,train
3476,train
3477,train
3478,test
3479,train
3480,train
3481,test
3482,train
3483,train
3484,train
3485,train
3486,test
3487,train
3488,train
3489,train
3490,train
3491,train
3492,train
3493,train
3494,test
3495,test
3496,train
3497,test
3498,test
3499,train
3500,test
3501,train
3502,train
3503,test
3504,train
3505,test
3506,train
3507,test
3508,train
3509,train
3510,train
3511,train
3512,train
3513,train
3514,train
3515,train
3516,train
3517,train
3518,train
3519,train
3520,train
3521,train
3522,train
3523,train
3524,train
3525,train
3526,train
3527,train
3528,test
3529,test
3530,train
3531,train
3532,train
3533,test
3534,train
3535,train
3536,train
3537,train
3538,train
3539,train
3540,train
3541,train
3542,train
3543,train
3544,train
3545,train
3546,train
3547,train
3548,test
3549,train
3550,test
3551,train
3552,train
3553,train
3554,train
3555,test
3556,train
3557,test
3558,train
3559,train
3560,train
3561,train
3562,train
3563,train
3564,train
3565,train
3566,train
3567,train
3568,train
3569,train
3570,test
3571,test
3572,train
3573,train
3574,train
3575,train
3576,train
3577,train
3578,train
3579,train
3580,train
3581,train
3582,train
3583,train
3584,test
3585,test
3586,train
3587,train
3588,train
3589,train
3590,train
3591,train
3592,train
3593,train
3594,train
3595,train
3596,train
3597,train
3598,test
3599,train
3600,train
3601,train
3602,train
3603,test
3604,test
3605,test
3606,test
3607,test
3608,train
3609,train
3610,train
3611,train
3612,test
3613,test
3614,test
3615,train
3616,train
3617,train
3618,train
3619,test
3620,train
3621,train
3622,train
3623,train
3624,train
3625,test
3626,train
3627,train
3628,test
3629,train
3630,train
3631,train
3632,test
3633,train
3634,test
3635,train
3636,train
3637,train
3638,train
3639,test
3640,train
3641,train
3642,train
3643,train
3644,test
3645,test
3646,train
3647,train
3648,test
3649,train
3650,test
3651,train
3652,train
3653,train
3654,train
3655,train
3656,test
3657,test
3658,train
3659,test
3660,train
3661,train
3662,train
3663,train
3664,train
3665,test
3666,train
3667,train
3668,test
3669,train
3670,train
3671,train
3672,train
3673,train
3674,train
3675,train
3676,train
3677,train
3678,train
3679,train
3680,train
3681,test
3682,train
3683,train
3684,test
3685,test
3686,train
3687,train
3688,train
3689,train
3690,train
3691,train
3692,train
3693,train
3694,train
3695,train
3696,test
3697,test
3698,test
3699,train
3700,train
3701,train
3702,test
3703,train
3704,train
3705,test
3706,train
3707,train
3708,train
3709,test
3710,train
3711,train
3712,train
3713,train
3714,test
3715,train
3716,test
3717,test
3718,train
3719,train
3720,train
3721,train
3722,train
3723,train
3724,train
3725,train
3726,train
3727,train
3728,train
3729,train
3730,train
3731,test
3732,train
3733,test
3734,train
3735,train
3736,train
3737,train
3738,train
3739,train
3740,train
3741,test
3742,train
3743,train
3744,train
3745,train
3746,train
3747,train
3748,train
3749,train
3750,train
3751,train
3752,train
3753,test
3754,test
3755,train
3756,train
3757,train
3758,test
3759,test
3760,train
3761,train
3762,test
3763,train
3764,test
3765,train
3766,train
3767,train
3768,train
3769,train
3770,train
3771,train
3772,train
3773,train
3774,train
3775,test
3776,test
3777,train
3778,train
3779,train
3780,train
3781,train
3782,train
3783,train
3784,test
3785,train
3786,train
3787,train
3788,train
3789,train
3790,train
3791,train
3792,train
3793,train
3794,train
3795,train
3796,train
3797,train
3798,train
3799,train
3800,train
3801,train
3802,train
3803,train
3804,train
3805,train
3806,train
3807,train
3808,train
3809,train
3810,train
3811,train
3812,test
3813,train
3814,test
3815,train
3816,test
3817,train
3818,train
3819,test
3820,test
3821,test
3822,train
3823,train
3824,test
3825,test
3826,train
3827,test
3828,train
3829,train
3830,train
3831,train
3832,test
3833,train
3834,train
3835,train
3836,train
3837,test
3838,train
3839,train
3840,train
3841,train
3842,train
3843,test
3844,train
3845,test
3846,train
3847,test
3848,train
3849,test
3850,train
3851,train
3852,train
3853,test
3854,train
3855,train
3856,train
3857,train
3858,test
3859,train
3860,test
3861,train
3862,test
3863,train
3864,train
3865,train
3866,train
3867,train
3868,test
3869,train
3870,train
3871,train
3872,train
3873,train
3874,train
3875,train
3876,train
3877,train
3878,train
3879,train
3880,train
3881,test
3882,train
3883,train
3884,test
3885,train
3886,train
3887,test
3888,test
3889,train
3890,train
3891,train
3892,train
3893,train
3894,train
3895,train
3896,train
3897,test
3898,train
3899,train
3900,train
3901,test
3902,train
3903,test
3904,train
3905,test
3906,train
3907,train
3908,test
3909,train
3910,train
3911,train
3912,train
3913,test
3914,train
3915,test
3916,train
3917,train
3918,train
3919,test
3920,train
3921,train
3922,train
3923,test
3924,train
3925,test
3926,test
3927,train
3928,test
3929,train
3930,train
3931,test
3932,train
3933,train
3934,train
3935,train
3936,train
3937,train
3938,train
3939,train
3940,train
3941,train
3942,train
3943,test
3944,train
3945,train
3946,train
3947,test
3948,train
3949,train
3950,train
3951,train
3952,train
3953,test
3954,train
3955,train
3956,train
3957,test
3958,train
3959,train
3960,train
3961,train
3962,test
3963,train
3964,train
3965,train
3966,train
3967,test
3968,train
3969,train
3970,train
3971,train
3972,train
3973,train
3974,train
3975,train
3976,train
3977,train
3978,train
3979,train
3980,train
3981,train
3982,test
3983,train
3984,train
3985,test
3986,train
3987,train
3988,train
3989,train
3990,train
3991,train
3992,train
3993,train
3994,train
3995,test
3996,test
3997,train
3998,train
3999,train
4000,test
4001,train
4002,test
4003,train
4004,train
4005,train
4006,train
4007,train
4008,test
4009,train
4010,train
4011,train
4012,train
4013,train
4014,train
4015,test
4016,train
4017,train
4018,train
4019,train
4020,train
4021,test
4022,train
4023,train
4024,train
4025,train
4026,train
4027,test
4028,train
4029,test
4030,train
4031,train
4032,train
4033,train
4034,train
4035,train
4036,train
4037,train
4038,test
4039,train
4040,train
4041,train
4042,train
4043,test
4044,train
4045,test
4046,train
4047,train
4048,train
4049,train
4050,train
4051,train
4052,test
4053,test
4054,train
4055,train
4056,train
4057,train
4058,train
4059,test
4060,train
4061,train
4062,train
4063,train
4064,test
4065,test
4066,train
4067,test
4068,train
4069,train
4070,train
4071,test
4072,train
4073,test
4074,train
4075,train
4076,test
4077,test
4078,test
4079,test
4080,train
4081,train
4082,train
4083,train
4084,train
4085,train
4086,train
4087,train
4088,train
4089,train
4090,train
4091,test
4092,test
4093,train
4094,train
4095,train
4096,train
4097,train
4098,test
4099,train
4100,test
4101,train
4102,train
4103,train
4104,train
4105,train
4106,train
4107,train
4108,train
4109,train
4110,train
4111,train
4112,train
4113,train
4114,train
4115,train
4116,train
4117,train
4118,train
4119,train
4120,train
4121,train
4122,train
4123,train
4124,train
4125,train
4126,train
4127,train
4128,test
4129,test
4130,test
4131,train
4132,train
4133,test
4134,train
4135,train
4136,test
4137,train
4138,train
4139,train
4140,test
4141,train
4142,train
4143,train
4144,train
4145,train
4146,train
4147,train
4148,train
4149,train
4150,train
4151,train
4152,train
4153,train
4154,train
4155,train
4156,train
4157,train
4158,train
4159,test
4160,train
4161,train
4162,train
4163,train
4164,test
4165,train
4166,train
4167,train
4168,train
4169,train
4170,test
4171,test
4172,train
4173,train
4174,train
4175,train
4176,train
4177,train
4178,test
4179,train
4180,train
4181,train
4182,train
4183,train
4184,test
4185,train
4186,train
4187,train
4188,train
4189,train
4190,train
4191,test
4192,train
4193,train
4194,train
4195,test
4196,train
4197,train
4198,train
4199,train
4200,test
4201,train
4202,train
4203,test
4204,train
4205,test
4206,train
4207,train
4208,test
4209,train
4210,train
4211,train
4212,test
4213,train
4214,test
4215,train
4216,train
4217,train
4218,train
4219,train
4220,train
4221,train
4222,train
4223,train
4224,train
4225,test
4226,test
4227,train
4228,train
4229,test
4230,train
4231,train
4232,train
4233,test
4234,train
4235,train
4236,train
4237,train
4238,train
4239,train
4240,test
4241,train
4242,train
4243,train
4244,train
4245,train
4246,train
4247,train
4248,train
4249,train
4250,train
4251,train
4252,test
4253,train
4254,test
4255,test
4256,train
4257,train
4258,train
4259,train
4260,train
4261,test
4262,test
4263,train
4264,train
4265,train
4266,train
4267,test
4268,train
4269,test
4270,train
4271,train
4272,train
4273,train
4274,train
4275,train
4276,train
4277,train
4278,train
4279,test
4280,train
4281,train
4282,train
4283,train
4284,train
4285,train
4286,train
4287,train
4288,train
4289,test
4290,train
4291,test
4292,train
4293,train
4294,test
4295,train
4296,train
4297,test
4298,train
4299,train
4300,test
4301,test
4302,test
4303,test
4304,train
4305,test
4306,train
4307,train
4308,train
4309,test
4310,train
4311,train
4312,train
4313,test
4314,test
4315,test
4316,train
4317,test
4318,train
4319,train
4320,test
4321,test
4322,train
4323,train
4324,train
4325,train
4326,train
4327,train
4328,train
4329,test
4330,train
4331,train
4332,train
4333,train
4334,test
4335,test
4336,train
4337,train
4338,train
4339,train
4340,train
4341,train
4342,train
4343,train
4344,train
4345,test
4346,train
4347,test
4348,train
4349,train
4350,train
4351,train
4352,train
4353,train
4354,test
4355,train
4356,train
4357,train
4358,train
4359,train
4360,train
4361,train
4362,train
4363,train
4364,train
4365,test
4366,train
4367,train
4368,train
4369,train
4370,train
4371,train
4372,test
4373,test
4374,train
4375,train
4376,train
4377,train
4378,train
4379,test
4380,train
4381,train
4382,train
4383,train
4384,train
4385,train
4386,train
4387,train
4388,train
4389,train
4390,train
4391,train
4392,test
4393,train
4394,train
4395,train
4396,train
4397,train
4398,test
4399,test
4400,test
4401,train
4402,test
4403,test
4404,train
4405,test
4406,train
4407,train
4408,train
4409,train
4410,train
4411,train
4412,train
4413,train
4414,train
4415,train
4416,test
4417,test
4418,test
4419,test
4420,test
4421,test
4422,train
4423,train
4424,train
4425,test
4426,train
4427,train
4428,train
4429,train
4430,train
4431,train
4432,train
4433,train
4434,train
4435,test
4436,test
4437,test
4438,test
4439,train
4440,train
4441,test
4442,train
4443,train
4444,train
4445,train
4446,train
4447,test
4448,test
4449,train
4450,train
4451,train
4452,train
4453,test
4454,train
4455,train
4456,train
4457,train
4458,train
4459,train
4460,train
4461,test
4462,train
4463,train
4464,train
4465,train
4466,test
4467,train
4468,test
4469,train
4470,train
4471,test
4472,train
4473,train
4474,test
4475,test
4476,test
4477,test
4478,train
4479,train
4480,train
4481,test
4482,train
4483,train
4484,train
4485,train
4486,train
4487,train
4488,train
4489,train
4490,train
4491,test
4492,train
4493,train
4494,train
4495,train
4496,train
4497,train
4498,train
4499,train
4500,train
4501,test
4502,train
4503,test
4504,train
4505,train
4506,train
4507,train
4508,train
4509,train
4510,train
4511,train
4512,train
4513,train
4514,train
4515,train
4516,train
4517,train
4518,train
4519,test
4520,train
4521,train
4522,test
4523,train
4524,train
4525,train
4526,train
4527,train
4528,train
4529,train
4530,test
4531,train
4532,train
4533,test
4534,train
4535,train
4536,train
4537,train
4538,train
4539,train
4540,train
4541,train
4542,train
4543,train
4544,train
4545,train
4546,train
4547,train
4548,test
4549,train
4550,train
4551,train
4552,test
4553,train
4554,train
4555,train
4556,test
4557,train
4558,test
4559,train
4560,train
4561,test
4562,train
4563,train
4564,train
4565,train
4566,train
4567,test
4568,train
4569,test
4570,test
4571,train
4572,train
4573,train
4574,test
4575,train
4576,test
4577,train
4578,train
4579,test
4580,train
4581,test
4582,test
4583,train
4584,train
4585,train
4586,train
4587,train
4588,train
4589,test
4590,train
4591,test
4592,test
4593,train
4594,train
4595,train
4596,test
4597,train
4598,train
4599,train
4600,test
4601,train
4602,train
4603,test
4604,train
4605,train
4606,train
4607,train
4608,train
4609,train
4610,train
4611,train
4612,train
4613,train
4614,train
4615,train
4616,train
4617,train
4618,test
4619,train
4620,test
4621,train
4622,train
4623,test
4624,train
4625,train
4626,train
4627,train
4628,test
4629,test
4630,test
4631,train
4632,train
4633,train
4634,train
4635,train
4636,test
4637,train
4638,train
4639,test
4640,train
4641,train
4642,test
4643,train
4644,train
4645,train
4646,train
4647,train
4648,train
4649,train
4650,train
4651,train
4652,train
4653,train
4654,train
4655,train
4656,train
4657,train
4658,train
4659,test
4660,test
4661,train
4662,train
4663,train
4664,train
4665,train
4666,train
4667,train
4668,train
4669,train
4670,train
4671,train
4672,train
4673,test
4674,train
4675,test
4676,train
4677,train
4678,train
4679,train
4680,train
4681,train
4682,train
4683,test
4684,test
4685,test
4686,test
4687,train
4688,train
4689,train
4690,train
4691,train
4692,train
4693,train
4694,train
4695,train
4696,train
4697,train
4698,train
4699,train
4700,test
4701,test
4702,train
4703,train
4704,test
4705,train
4706,train
4707,train
4708,test
4709,test
4710,train
4711,train
4712,train
4713,train
4714,train
4715,train
4716,train
4717,train
4718,train
4719,train
4720,train
4721,train
4722,test
4723,train
4724,train
4725,train
4726,test
4727,test
4728,test
4729,train
4730,train
4731,train
4732,train
4733,test
4734,train
4735,train
4736,test
4737,train
4738,train
4739,train
4740,train
4741,train
4742,train
4743,train
4744,test
4745,train
4746,test
4747,train
4748,train
4749,test
4750,train
4751,train
4752,train
4753,train
4754,train
4755,train
4756,train
4757,train
4758,train
4759,train
4760,train
4761,train
4762,train
4763,train
4764,train
4765,test
4766,train
4767,test
4768,test
4769,train
4770,train
4771,train
4772,train
4773,train
4774,train
4775,train
4776,train
4777,train
4778,test
4779,train
4780,test
4781,train
4782,train
4783,train
4784,train
4785,train
4786,train
4787,train
4788,train
4789,train
4790,train
4791,train
4792,train
4793,train
4794,train
4795,train
4796,test
4797,test
4798,train
4799,train
4800,train
4801,train
4802,train
4803,train
4804,train
4805,train
4806,train
4807,train
4808,train
4809,train
4810,test
4811,train
4812,train
4813,train
4814,train
4815,train
4816,train
4817,train
4818,train
4819,train
4820,test
4821,test
4822,train
4823,test
4824,train
4825,train
4826,test
4827,train
4828,train
4829,train
4830,train
4831,train
4832,train
4833,train
4834,train
4835,train
4836,train
4837,train
4838,test
4839,train
4840,train
4841,train
4842,train
4843,train
4844,train
4845,train
4846,test
4847,train
4848,test
4849,train
4850,train
4851,train
4852,test
4853,train
4854,test
4855,test
4856,train
4857,train
4858,train
4859,test
4860,train
4861,train
4862,train
4863,test
4864,train
4865,train
4866,train
4867,train
4868,train
4869,train
4870,train
4871,train
4872,train
4873,train
4874,train
4875,train
4876,train
4877,train
4878,train
4879,train
4880,train
4881,train
4882,train
4883,train
4884,train
4885,train
4886,train
4887,test
4888,train
4889,train
4890,train
4891,train
4892,train
4893,train
4894,train
4895,train
4896,train
4897,train
4898,test
4899,train
4900,train
4901,test
4902,test
4903,train
4904,train
4905,test
4906,train
4907,train
4908,train
4909,test
4910,test
4911,train
4912,train
4913,train
4914,test
4915,train
4916,train
4917,train
4918,train
4919,train
4920,train
4921,train
4922,test
4923,train
4924,train
4925,train
4926,train
4927,train
4928,train
4929,train
4930,train
4931,train
4932,train
4933,train
4934,train
4935,train
4936,train
4937,test
4938,train
4939,train
4940,test
4941,test
4942,test
4943,train
4944,train
4945,train
4946,train
4947,train
4948,train
4949,train
4950,train
4951,train
4952,test
4953,test
4954,train
4955,train
4956,test
4957,train
4958,train
4959,train
4960,test
4961,train
4962,train
4963,train
4964,test
4965,train
4966,train
4967,train
4968,train
4969,test
4970,train
4971,train
4972,train
4973,train
4974,train
4975,train
4976,train
4977,test
4978,train
4979,train
4980,train
4981,train
4982,test
4983,train
4984,train
4985,train
4986,train
4987,train
4988,train
4989,train
4990,train
4991,train
4992,train
4993,train
4994,train
4995,test
4996,train
4997,train
4998,test
4999,train
5000,test
5001,test
5002,train
5003,train
5004,train
5005,train
5006,train
5007,train
5008,train
5009,train
5010,train
5011,train
5012,train
5013,train
5014,train
5015,train
5016,train
5017,train
5018,train
5019,train
5020,train
5021,train
5022,train
5023,test
5024,test
5025,train
5026,test
5027,test
5028,test
5029,train
5030,test
5031,train
5032,train
5033,test
5034,train
5035,train
5036,train
5037,test
5038,train
5039,train
5040,train
5041,train
5042,train
5043,train
5044,test
5045,train
5046,test
5047,train
5048,train
5049,test
5050,train
5051,train
5052,train
5053,train
5054,train
5055,train
5056,train
5057,train
5058,train
5059,train
5060,train
5061,train
5062,test
5063,train
5064,train
5065,train
5066,train
5067,train
5068,test
5069,train
5070,train
5071,train
5072,train
5073,test
5074,test
5075,train
5076,train
5077,train
5078,train
5079,train
5080,train
5081,train
5082,train
5083,train
5084,train
5085,train
5086,train
5087,train
5088,train
5089,train
5090,train
5091,test
5092,train
5093,train
5094,test
5095,test
5096,train
5097,train
5098,train
5099,train
5100,train
5101,train
5102,train
5103,train
5104,train
5105,train
5106,train
5107,train
5108,train
5109,train
5110,train
5111,train
5112,train
5113,train
5114,train
5115,test
5116,test
5117,train
5118,train
5119,test
5120,train
5121,train
5122,train
5123,train
5124,train
5125,train
5126,test
5127,train
5128,train
5129,test
5130,train
5131,train
5132,test
5133,train
5134,train
5135,train
5136,train
5137,train
5138,train
5139,train
5140,train
5141,train
5142,train
5143,train
5144,test
5145,train
5146,test
5147,train
5148,test
5149,train
5150,train
5151,train
5152,train
5153,train
5154,test
5155,train
5156,train
5157,train
5158,test
5159,test
5160,train
5161,train
5162,train
5163,train
5164,train
5165,test
5166,train
5167,train
5168,train
5169,train
5170,train
5171,train
5172,train
5173,train
5174,train
5175,train
5176,train
5177,train
5178,train
5179,test
5180,test
5181,train
5182,train
5183,train
5184,train
5185,train
5186,train
5187,train
5188,test
5189,train
5190,test
5191,train
5192,test
5193,train
5194,train
5195,train
5196,train
5197,test
5198,train
5199,test
5200,train
5201,train
5202,train
5203,test
5204,test
5205,test
5206,train
5207,test
5208,train
5209,train
5210,train
5211,train
5212,train
5213,train
5214,train
5215,test
5216,test
5217,train
5218,train
5219,train
5220,train
5221,train
5222,test
5223,train
5224,train
5225,test
5226,test
5227,train
5228,train
5229,train
5230,train
5231,train
5232,train
5233,train
5234,train
5235,test
5236,train
5237,train
5238,train
5239,train
5240,test
5241,test
5242,train
5243,test
5244,train
5245,train
5246,train
5247,test
5248,train
5249,train
5250,train
5251,train
5252,train
5253,train
5254,train
5255,train
5256,test
5257,train
5258,train
5259,train
5260,train
5261,train
5262,train
5263,train
5264,train
5265,train
5266,train
5267,train
5268,train
5269,test
5270,train
5271,train
5272,train
5273,test
5274,train
5275,train
5276,train
5277,train
5278,train
5279,test
5280,test
5281,train
5282,train
5283,test
5284,test
5285,train
5286,train
5287,train
5288,train
5289,test
5290,test
5291,train
5292,train
5293,train
5294,train
5295,train
5296,train
5297,train
5298,train
5299,train
5300,train
5301,test
5302,train
5303,train
5304,train
5305,test
5306,train
5307,train
5308,train
5309,train
5310,train
5311,train
5312,train
5313,train
5314,train
5315,train
5316,train
5317,train
5318,test
5319,test
5320,train
5321,train
5322,train
5323,train
5324,train
5325,train
5326,train
5327,train
5328,train
5329,train
5330,train
5331,train
5332,train
5333,train
5334,train
5335,test
5336,train
5337,test
5338,test
5339,train
5340,test
5341,train
5342,train
5343,test
5344,train
5345,train
5346,train
5347,train
5348,train
5349,train
5350,train
5351,train
5352,test
5353,test
5354,train
5355,train
5356,train
5357,train
5358,train
5359,train
5360,train
5361,train
5362,train
5363,test
5364,test
5365,train
5366,train
5367,test
5368,train
5369,train
5370,test
5371,train
5372,test
5373,train
5374,train
5375,train
5376,test
5377,test
5378,test
5379,train
5380,test
5381,test
5382,test
5383,train
5384,test
5385,test
5386,train
5387,train
5388,train
5389,test
5390,train
5391,train
5392,train
5393,train
5394,train
5395,train
5396,train
5397,test
5398,train
5399,train
5400,train
5401,test
5402,train
5403,test
5404,train
5405,train
5406,test
5407,train
5408,train
5409,train
5410,train
5411,train
5412,train
5413,train
5414,train
5415,train
5416,train
5417,train
5418,train
5419,train
5420,train
5421,train
5422,train
5423,train
5424,test
5425,train
5426,test
5427,test
5428,test
5429,train
5430,train
5431,train
5432,train
5433,train
5434,train
5435,test
5436,train
5437,train
5438,test
5439,train
5440,test
5441,train
5442,train
5443,train
5444,train
5445,train
5446,train
5447,train
5448,train
5449,train
5450,train
5451,train
5452,test
5453,test
5454,train
5455,test
5456,train
5457,train
5458,train
5459,train
5460,train
5461,train
5462,test
5463,train
5464,test
5465,train
5466,train
5467,train
5468,train
5469,train
5470,train
5471,test
5472,test
5473,train
5474,test
5475,test
5476,train
5477,train
5478,train
5479,train
5480,train
5481,test
5482,train
5483,train
5484,train
5485,train
5486,train
5487,train
5488,train
5489,train
5490,train
5491,train
5492,test
5493,train
5494,train
5495,train
5496,train
5497,train
5498,test
5499,train
5500,test
5501,train
5502,train
5503,train
5504,train
5505,train
5506,train
5507,train
5508,test
5509,train
5510,test
5511,test
5512,train
5513,train
5514,train
5515,test
5516,train
5517,test
5518,test
5519,train
5520,train
5521,train
5522,test
5523,train
5524,test
5525,train
5526,train
5527,train
5528,test
5529,train
5530,train
5531,test
5532,train
5533,train
5534,train
5535,train
5536,train
5537,train
5538,train
5539,train
5540,train
5541,train
5542,train
5543,train
5544,train
5545,train
5546,train
5547,train
5548,train
5549,train
5550,test
5551,test
5552,train
5553,test
5554,train
5555,train
5556,train
5557,test
5558,train
5559,test
5560,train
5561,train
5562,train
5563,train
5564,train
5565,train
5566,train
5567,train
5568,train
5569,train
5570,train
5571,train
5572,test
5573,test
5574,train
5575,train
5576,train
5577,train
5578,train
5579,train
5580,train
5581,train
5582,train
5583,train
5584,train
5585,train
5586,train
5587,train
5588,train
5589,train
5590,train
5591,train
5592,train
5593,train
5594,train
5595,train
5596,train
5597,train
5598,train
5599,train
5600,train
5601,train
5602,train
5603,test
5604,test
5605,train
5606,test
5607,train
5608,train
5609,train
5610,train
5611,train
5612,test
5613,train
5614,test
5615,train
5616,test
5617,train
5618,test
5619,train
5620,test
5621,train
5622,train
5623,train
5624,train
5625,train
5626,train
5627,train
5628,train
5629,train
5630,train
5631,test
5632,train
5633,train
5634,train
5635,train
5636,train
5637,train
5638,train
5639,train
5640,train
5641,train
5642,train
5643,train
5644,train
5645,test
5646,test
5647,train
5648,train
5649,train
5650,test
5651,train
5652,test
5653,train
5654,train
5655,test
5656,train
5657,train
5658,train
5659,train
5660,train
5661,test
5662,train
5663,train
5664,train
5665,train
5666,train
5667,test
5668,test
5669,train
5670,train
5671,train
5672,train
5673,train
5674,train
5675,train
5676,train
5677,train
5678,train
5679,train
5680,train
5681,train
5682,train
5683,test
5684,train
5685,train
5686,test
5687,train
5688,train
5689,train
5690,train
5691,train
5692,test
5693,train
5694,train
5695,test
5696,train
5697,train
5698,train
5699,test
5700,train
5701,test
5702,test
5703,train
5704,train
5705,test
5706,train
5707,train
5708,train
5709,train
5710,train
5711,train
5712,train
5713,train
5714,train
5715,train
5716,train
5717,train
5718,train
5719,train
5720,train
5721,train
5722,test
5723,train
5724,train
5725,train
5726,train
5727,train
5728,train
5729,test
5730,train
5731,test
5732,train
5733,train
5734,train
5735,train
5736,train
5737,train
5738,train
5739,test
5740,train
5741,test
5742,train
5743,train
5744,train
5745,test
5746,train
5747,test
5748,train
5749,train
5750,train
5751,train
5752,test
5753,train
5754,train
5755,test
5756,test
5757,test
5758,train
5759,train
5760,test
5761,train
5762,train
5763,test
5764,train
5765,train
5766,train
5767,train
5768,train
5769,test
5770,train
5771,train
5772,train
5773,train
5774,train
5775,train
5776,train
5777,train
5778,train
5779,test
5780,train
5781,train
5782,train
5783,train
5784,train
5785,test
5786,train
5787,train
5788,train
5789,train
5790,test
5791,test
5792,test
5793,train
5794,train
5795,test
5796,train
5797,train
5798,train
5799,train
5800,train
5801,train
5802,train
5803,train
5804,test
5805,test
5806,train
5807,train
5808,train
5809,train
5810,train
5811,train
5812,train
5813,test
5814,train
5815,train
5816,train
5817,train
5818,train
5819,train
5820,train
5821,test
5822,train
5823,train
5824,train
5825,train
5826,train
5827,test
5828,train
5829,train
5830,train
5831,test
5832,train
5833,test
5834,test
5835,train
5836,test
5837,train
5838,train
5839,train
5840,train
5841,train
5842,train
5843,train
5844,train
5845,train
5846,train
5847,train
5848,test
5849,train
5850,test
5851,test
5852,train
5853,train
5854,train
5855,train
5856,train
5857,test
5858,test
5859,train
5860,train
5861,train
5862,train
5863,train
5864,test
5865,train
5866,test
5867,train
5868,train
5869,train
5870,test
5871,train
5872,train
5873,test
5874,test
5875,train
5876,test
5877,train
5878,train
5879,train
5880,train
5881,train
5882,train
5883,train
5884,test
5885,train
5886,train
5887,train
5888,train
5889,train
5890,train
5891,train
5892,test
5893,train
5894,test
5895,test
5896,train
5897,train
5898,train
5899,train
5900,train
5901,train
5902,test
5903,train
5904,train
5905,train
5906,train
5907,train
5908,train
5909,train
5910,test
5911,train
5912,train
5913,test
5914,train
5915,test
5916,test
5917,train
5918,train
5919,train
5920,train
5921,train
5922,test
5923,test
5924,test
5925,train
5926,train
5927,train
5928,test
5929,train
5930,train
5931,train
5932,test
5933,train
5934,train
5935,train
5936,test
5937,train
5938,train
5939,train
5940,train
5941,train
5942,train
5943,train
5944,train
5945,test
5946,train
5947,train
5948,train
5949,train
5950,train
5951,train
5952,train
5953,train
5954,train
5955,test
5956,train
5957,train
5958,train
5959,train
5960,train
5961,test
5962,train
5963,train
5964,test
5965,train
5966,train
5967,test
5968,train
5969,train
5970,train
5971,train
5972,train
5973,train
5974,train
5975,train
5976,test
5977,test
5978,train
5979,train
5980,train
5981,train
5982,train
5983,train
5984,train
5985,train
5986,train
5987,test
5988,train
5989,train
5990,test
5991,train
5992,train
5993,train
5994,test
5995,train
5996,test
5997,test
5998,train
5999,train
6000,test
6001,train
6002,train
6003,train
6004,train
6005,train
6006,train
6007,train
6008,train
6009,train
6010,train
6011,train
6012,test
6013,train
6014,train
6015,train
6016,train
6017,train
6018,train
6019,train
6020,train
6021,train
6022,train
6023,train
6024,train
6025,train
6026,train
6027,train
6028,test
6029,train
6030,train
6031,train
6032,test
6033,test
6034,train
6035,train
6036,train
6037,train
6038,train
6039,train
6040,train
6041,train
6042,test
6043,train
6044,test
6045,train
6046,train
6047,train
6048,train
6049,train
6050,train
6051,test
6052,train
6053,train
6054,train
6055,train
6056,train
6057,test
6058,train
6059,train
6060,train
6061,train
6062,train
6063,train
6064,test
6065,train
6066,test
6067,train
6068,test
6069,train
6070,train
6071,train
6072,test
6073,train
6074,train
6075,train
6076,train
6077,train
6078,train
6079,train
6080,test
6081,train
6082,train
6083,test
6084,train
6085,train
6086,test
6087,train
6088,train
6089,test
6090,test
6091,train
6092,train
6093,test
6094,train
6095,train
6096,test
6097,train
6098,train
6099,train
6100,train
6101,train
6102,train
6103,train
6104,train
6105,train
6106,train
6107,train
6108,test
6109,train
6110,train
6111,test
6112,train
6113,train
6114,train
6115,test
6116,train
6117,train
6118,train
6119,train
6120,train
6121,train
6122,test
6123,train
6124,train
6125,train
6126,train
6127,train
6128,train
6129,train
6130,train
6131,train
6132,train
6133,train
6134,train
6135,train
6136,train
6137,test
6138,train
6139,train
6140,train
6141,train
6142,train
6143,train
6144,train
6145,train
6146,train
6147,train
6148,test
6149,test
6150,train
6151,train
6152,train
6153,train
6154,train
6155,train
6156,train
6157,train
6158,train
6159,test
6160,train
6161,train
6162,train
6163,train
6164,train
6165,train
6166,train
6167,train
6168,train
6169,train
6170,train
6171,train
6172,train
6173,train
6174,train
6175,test
6176,train
6177,train
6178,train
6179,train
6180,train
6181,train
6182,train
6183,train
6184,test
6185,test
6186,train
6187,test
6188,train
6189,train
6190,train
6191,train
6192,train
6193,train
6194,test
6195,train
6196,train
6197,train
6198,train
6199,train
6200,train
6201,train
6202,train
6203,train
6204,train
6205,train
6206,train
6207,train
6208,train
6209,test
6210,train
6211,train
6212,train
6213,train
6214,train
6215,test
6216,train
6217,train
6218,train
6219,train
6220,train
6221,train
6222,train
6223,train
6224,train
6225,train
6226,train
6227,train
6228,train
6229,train
6230,train
6231,train
6232,train
6233,train
6234,test
6235,test
6236,test
6237,train
6238,train
6239,train
6240,train
6241,test
6242,train
6243,train
6244,train
6245,train
6246,train
6247,test
6248,train
6249,train
6250,train
6251,train
6252,train
6253,train
6254,train
6255,train
6256,train
6257,test
6258,test
6259,train
6260,train
6261,train
6262,train
6263,train
6264,train
6265,train
6266,train
6267,train
6268,train
6269,train
6270,train
6271,train
6272,train
6273,test
6274,test
6275,test
6276,train
6277,test
6278,train
6279,train
6280,train
6281,train
6282,train
6283,train
6284,test
6285,train
6286,train
6287,train
6288,train
6289,train
6290,train
6291,train
6292,train
6293,train
6294,train
6295,train
6296,test
6297,train
6298,test
6299,test
6300,train
6301,train
6302,train
6303,train
6304,train
6305,train
6306,train
6307,train
6308,train
6309,train
6310,train
6311,train
6312,train
6313,test
6314,train
6315,train
6316,train
6317,train
6318,test
6319,train
6320,test
6321,train
6322,train
6323,train
6324,train
6325,train
6326,train
6327,train
6328,train
6329,train
6330,test
6331,train
6332,train
6333,train
6334,train
6335,train
6336,test
6337,train
6338,train
6339,train
6340,test
6341,train
6342,train
6343,train
6344,train
6345,train
6346,train
6347,train
6348,train
6349,train
6350,train
6351,train
6352,train
6353,train
6354,train
6355,train
6356,train
6357,train
6358,test
6359,train
6360,train
6361,test
6362,train
6363,train
6364,train
6365,train
6366,train
6367,train
6368,test
6369,test
6370,train
6371,train
6372,train
6373,train
6374,train
6375,test
6376,train
6377,train
6378,train
6379,train
6380,train
6381,train
6382,train
6383,train
6384,train
6385,train
6386,test
6387,train
6388,train
6389,train
6390,train
6391,train
6392,test
6393,train
6394,train
6395,train
6396,train
6397,train
6398,test
6399,test
6400,train
6401,train
6402,train
6403,train
6404,test
6405,train
6406,train
6407,train
6408,train
6409,test
6410,test
6411,train
6412,train
6413,train
6414,train
6415,train
6416,test
6417,train
6418,train
6419,train
6420,train
6421,train
6422,train
6423,train
6424,train
6425,train
6426,train
6427,test
6428,test
6429,train
6430,train
6431,test
6432,train
6433,test
6434,test
6435,train
6436,test
6437,train
6438,train
6439,train
6440,train
6441,train
6442,train
6443,test
6444,train
6445,train
6446,train
6447,train
6448,train
6449,train
6450,train
6451,train
6452,train
6453,train
6454,train
6455,train
6456,train
6457,train
6458,train
6459,test
6460,test
6461,train
6462,train
6463,train
6464,train
6465,test
6466,test
6467,train
6468,train
6469,train
6470,train
6471,train
6472,train
6473,train
6474,train
6475,train
6476,test
6477,train
6478,test
6479,train
6480,train
6481,train
6482,test
6483,train
6484,train
6485,train
6486,train
6487,test
6488,test
6489,train
6490,train
6491,test
6492,train
6493,train
6494,train
6495,train
6496,train
6497,train
6498,train
6499,train
6500,train
6501,train
6502,test
6503,train
6504,train
6505,train
6506,train
6507,train
6508,train
6509,test
6510,train
6511,train
6512,train
6513,train
6514,train
6515,train
6516,train
6517,train
6518,train
6519,test
6520,train
6521,train
6522,train
6523,train
6524,train
6525,train
6526,test
6527,test
6528,train
6529,train
6530,train
6531,train
6532,train
6533,train
6534,train
6535,test
6536,train
6537,train
6538,test
6539,train
6540,train
6541,train
6542,train
6543,train
6544,train
6545,test
6546,train
6547,train
6548,test
6549,train
6550,train
6551,train
6552,train
6553,train
6554,train
6555,train
6556,train
6557,train
6558,train
6559,train
6560,train
6561,train
6562,test
6563,train
6564,train
6565,train
6566,train
6567,train
6568,test
6569,train
6570,train
6571,test
6572,train
6573,train
6574,train
6575,train
6576,test
6577,train
6578,train
6579,train
6580,train
6581,train
6582,test
6583,train
6584,train
6585,test
6586,train
6587,train
6588,test
6589,train
6590,train
6591,train
6592,train
6593,train
6594,train
6595,train
6596,train
6597,test
6598,train
6599,train
6600,train
6601,train
6602,train
6603,train
6604,train
6605,train
6606,train
6607,test
6608,train
6609,train
6610,train
6611,train
6612,train
6613,train
6614,train
6615,train
6616,test
6617,train
6618,train
6619,train
6620,test
6621,train
6622,train
6623,test
6624,test
6625,test
6626,train
6627,test
6628,test
6629,train
6630,train
6631,test
6632,train
6633,train
6634,train
6635,train
6636,train
6637,train
6638,train
6639,train
6640,train
6641,train
6642,train
6643,test
6644,train
6645,train
6646,test
6647,train
6648,train
6649,test
6650,train
6651,train
6652,test
6653,test
6654,train
6655,test
6656,train
6657,train
6658,train
6659,train
6660,train
6661,train
6662,train
6663,train
6664,train
6665,train
6666,train
6667,train
6668,test
6669,train
6670,train
6671,test
6672,train
6673,train
6674,train
6675,train
6676,train
6677,train
6678,test
6679,train
6680,train
6681,train
6682,train
6683,train
6684,train
6685,test
6686,train
6687,test
6688,train
6689,train
6690,train
6691,train
6692,train
6693,train
6694,train
6695,test
6696,train
6697,train
6698,train
6699,train
6700,train
6701,train
6702,train
6703,test
6704,train
6705,train
6706,train
6707,test
6708,test
6709,train
6710,train
6711,test
6712,train
6713,train
6714,train
6715,train
6716,train
6717,train
6718,train
6719,train
6720,train
6721,train
6722,train
6723,train
6724,train
6725,test
6726,train
6727,test
6728,test
6729,test
6730,train
6731,train
6732,train
6733,test
6734,train
6735,train
6736,train
6737,train
6738,train
6739,train
6740,test
6741,train
6742,test
6743,train
6744,train
6745,train
6746,train
6747,train
6748,train
6749,train
6750,test
6751,train
6752,train
6753,train
6754,train
6755,train
6756,train
6757,train
6758,train
6759,test
6760,train
6761,test
6762,train
6763,train
6764,train
6765,train
6766,train
6767,test
6768,test
6769,train
6770,train
6771,train
6772,train
6773,train
6774,train
6775,train
6776,test
6777,train
6778,train
6779,train
6780,test
6781,train
6782,train
6783,train
6784,train
6785,train
6786,train
6787,train
6788,train
6789,train
6790,test
6791,train
6792,train
6793,train
6794,train
6795,test
6796,test
6797,train
6798,train
6799,train
6800,train
6801,train
6802,train
6803,train
6804,test
6805,train
6806,test
6807,train
6808,train
6809,test
6810,train
6811,train
6812,train
6813,test
6814,train
6815,train
6816,train
6817,train
6818,train
6819,train
6820,train
6821,test
6822,train
6823,train
6824,train
6825,test
6826,train
6827,train
6828,train
6829,train
6830,train
6831,train
6832,train
6833,train
6834,train
6835,train
6836,train
6837,train
6838,train
6839,train
6840,train
6841,train
6842,train
6843,test
6844,train
6845,train
6846,test
6847,train
6848,test
6849,train
6850,train
6851,train
6852,train
6853,test
6854,train
6855,train
6856,train
6857,train
6858,train
6859,train
6860,train
6861,train
6862,train
6863,train
6864,train
6865,train
6866,test
6867,train
6868,train
6869,train
6870,train
6871,train
6872,train
6873,train
6874,train
6875,test
6876,train
6877,test
6878,train
6879,train
6880,train
6881,train
6882,test
6883,test
6884,train
6885,train
6886,train
6887,test
6888,train
6889,train
6890,train
6891,test
6892,train
6893,test
6894,train
6895,train
6896,train
6897,train
6898,train
6899,test
6900,test
6901,train
6902,train
6903,train
6904,train
6905,train
6906,train
6907,test
6908,train
6909,test
6910,train
6911,train
6912,train
6913,train
6914,train
6915,test
6916,train
6917,test
6918,train
6919,train
6920,test
6921,train
6922,train
6923,test
6924,train
6925,train
6926,test
6927,train
6928,train
6929,test
6930,test
6931,train
6932,train
6933,train
6934,train
6935,train
6936,train
6937,train
6938,test
6939,train
6940,train
6941,train
6942,train
6943,train
6944,test
6945,train
6946,train
6947,train
6948,test
6949,train
6950,train
6951,train
6952,train
6953,train
6954,test
6955,train
6956,train
6957,test
6958,train
6959,train
6960,train
6961,train
6962,train
6963,train
6964,train
6965,train
6966,train
6967,train
6968,test
6969,train
6970,test
6971,train
6972,train
6973,train
6974,train
6975,train
6976,train
6977,test
6978,test
6979,train
6980,train
6981,train
6982,test
6983,train
6984,test
6985,train
6986,train
6987,train
6988,train
6989,train
6990,train
6991,train
6992,train
6993,train
6994,test
6995,test
6996,train
6997,test
6998,train
6999,train
7000,train
7001,train
7002,test
7003,test
7004,test
7005,test
7006,train
7007,train
7008,train
7009,test
7010,train
7011,train
7012,train
7013,train
7014,train
7015,train
7016,train
7017,train
7018,train
7019,train
7020,test
7021,train
7022,train
7023,train
7024,train
7025,train
7026,train
7027,train
7028,train
7029,test
7030,test
7031,test
7032,test
7033,train
7034,train
7035,train
7036,test
7037,train
7038,train
7039,train
7040,train
7041,train
7042,test
7043,train
7044,train
7045,train
7046,test
7047,train
7048,test
7049,train
7050,train
7051,train
7052,train
7053,test
7054,train
7055,train
7056,train
7057,train
7058,train
7059,train
7060,train
7061,train
7062,train
7063,train
7064,test
7065,test
7066,test
7067,train
7068,train
7069,train
7070,train
7071,train
7072,train
7073,train
7074,test
7075,train
7076,train
7077,train
7078,test
7079,train
7080,test
7081,train
7082,test
7083,train
7084,train
7085,train
7086,train
7087,train
7088,train
7089,train
7090,test
7091,train
7092,train
7093,test
7094,test
7095,train
7096,test
7097,train
7098,train
7099,train
7100,test
7101,train
7102,train
7103,train
7104,train
7105,test
7106,test
7107,train
7108,train
7109,train
7110,test
7111,train
7112,train
7113,train
7114,train
7115,train
7116,train
7117,train
7118,train
7119,train
7120,train
7121,test
7122,train
7123,train
7124,train
7125,train
7126,test
7127,train
7128,train
7129,test
7130,train
7131,train
7132,train
7133,train
7134,train
7135,train
7136,train
7137,train
7138,test
7139,train
7140,train
7141,train
7142,train
7143,train
7144,train
7145,test
7146,train
7147,train
7148,train
7149,train
7150,train
7151,train
7152,train
7153,train
7154,train
7155,train
7156,train
7157,train
7158,train
7159,train
7160,train
7161,train
7162,test
7163,train
7164,train
7165,train
7166,test
7167,test
7168,train
7169,train
7170,train
7171,train
7172,train
7173,train
7174,train
7175,train
7176,train
7177,train
7178,train
7179,train
7180,train
7181,train
7182,test
7183,train
7184,train
7185,train
7186,train
7187,train
7188,test
7189,train
7190,train
7191,train
7192,train
7193,train
7194,train
7195,train
7196,train
7197,train
7198,train
7199,test
7200,train
7201,train
7202,test
7203,train
7204,train
7205,train
7206,test
7207,train
7208,train
7209,test
7210,train
7211,train
7212,train
7213,train
7214,train
7215,test
7216,train
7217,train
7218,test
7219,train
7220,train
7221,test
7222,train
7223,train
7224,train
7225,test
7226,train
7227,train
7228,train
7229,train
7230,test
7231,train
7232,train
7233,train
7234,train
7235,train
7236,train
7237,train
7238,train
7239,train
7240,train
7241,train
7242,train
7243,train
7244,train
7245,train
7246,train
7247,train
7248,train
7249,test
7250,test
7251,train
7252,train
7253,train
7254,test
7255,train
7256,train
7257,test
7258,train
7259,train
7260,train
7261,train
7262,train
7263,train
7264,test
7265,train
7266,train
7267,train
7268,train
7269,test
7270,test
7271,train
7272,train
7273,test
7274,test
7275,train
7276,train
7277,train
7278,train
7279,train
7280,train
7281,train
7282,train
7283,train
7284,train
7285,train
7286,train
7287,train
7288,train
7289,train
7290,train
7291,train
7292,train
7293,train
7294,test
7295,train
7296,train
7297,train
7298,test
7299,train
7300,train
7301,train
7302,train
7303,train
7304,train
7305,train
7306,train
7307,train
7308,train
7309,train
7310,train
7311,train
7312,train
7313,train
7314,train
7315,train
7316,test
7317,train
7318,train
7319,train
7320,train
7321,train
7322,test
7323,train
7324,test
7325,test
7326,train
7327,train
7328,train
7329,train
7330,test
7331,train
7332,train
7333,train
7334,train
7335,train
7336,test
7337,train
7338,train
7339,train
7340,train
7341,test
7342,test
7343,train
7344,train
7345,train
7346,test
7347,train
7348,test
7349,train
7350,train
7351,train
7352,train
7353,test
7354,train
7355,train
7356,test
7357,test
7358,train
7359,train
7360,train
7361,test
7362,test
7363,train
7364,train
7365,train
7366,train
7367,train
7368,train
7369,train
7370,train
7371,train
7372,train
7373,train
7374,train
7375,train
7376,test
7377,test
7378,train
7379,train
7380,train
7381,train
7382,train
7383,train
7384,train
7385,train
7386,train
7387,train
7388,train
7389,train
7390,train
7391,train
7392,train
7393,test
7394,test
7395,train
7396,train
7397,train
7398,train
7399,train
7400,train
7401,train
7402,train
7403,train
7404,train
7405,train
7406,train
7407,test
7408,test
7409,train
7410,train
7411,train
7412,train
7413,train
7414,test
7415,train
7416,train
7417,test
7418,train
7419,train
7420,train
7421,train
7422,train
7423,train
7424,test
7425,train
7426,train
7427,train
7428,test
7429,train
7430,train
7431,train
7432,train
7433,train
7434,train
7435,train
7436,test
7437,train
7438,train
7439,train
7440,test
7441,train
7442,test
7443,train
7444,train
7445,train
7446,train
7447,train
7448,train
7449,train
7450,train
7451,train
7452,train
7453,train
7454,train
7455,train
7456,train
7457,train
7458,test
7459,train
7460,train
7461,train
7462,train
7463,train
7464,train
7465,train
7466,train
7467,train
7468,train
7469,train
7470,train
7471,train
7472,train
7473,test
7474,train
7475,train
7476,train
7477,train
7478,train
7479,train
7480,train
7481,train
7482,train
7483,train
7484,test
7485,test
7486,train
7487,test
7488,train
7489,train
7490,train
7491,train
7492,train
7493,train
7494,train
7495,train
7496,train
7497,train
7498,train
7499,train
7500,train
7501,train
7502,train
7503,train
7504,train
7505,train
7506,train
7507,train
7508,test
7509,train
7510,train
7511,train
7512,train
7513,train
7514,train
7515,train
7516,train
7517,train
7518,train
7519,test
7520,train
7521,test
7522,train
7523,train
7524,test
7525,train
7526,train
7527,train
7528,test
7529,train
7530,train
7531,train
7532,train
7533,test
7534,train
7535,train
7536,train
7537,train
7538,test
7539,train
7540,train
7541,train
7542,train
7543,train
7544,train
7545,test
7546,train
7547,train
7548,train
7549,train
7550,train
7551,train
7552,train
7553,train
7554,train
7555,train
7556,train
7557,train
7558,train
7559,train
7560,train
7561,test
7562,train
7563,train
7564,train
7565,train
7566,train
7567,train
7568,test
7569,train
7570,train
7571,train
7572,test
7573,train
7574,train
7575,train
7576,train
7577,test
7578,train
7579,train
7580,test
7581,train
7582,train
7583,train
7584,train
7585,test
7586,train
7587,test
7588,train
7589,test
7590,train
7591,train
7592,test
7593,test
7594,train
7595,test
7596,train
7597,train
7598,train
7599,test
7600,train
7601,train
7602,train
7603,train
7604,train
7605,test
7606,test
7607,train
7608,test
7609,train
7610,train
7611,train
7612,test
7613,train
7614,train
7615,train
7616,train
7617,test
7618,train
7619,train
7620,test
7621,train
7622,train
7623,test
7624,train
7625,train
7626,train
7627,train
7628,train
7629,train
7630,train
7631,train
7632,train
7633,train
7634,train
7635,train
7636,test
7637,train
7638,train
7639,train
7640,train
7641,train
7642,train
7643,train
7644,train
7645,test
7646,test
7647,train
7648,train
7649,train
7650,test
7651,train
7652,test
7653,train
7654,train
7655,test
7656,train
7657,train
7658,test
7659,train
7660,train
7661,train
7662,train
7663,train
7664,train
7665,train
7666,train
7667,train
7668,test
7669,train
7670,train
7671,train
7672,test
7673,test
7674,test
7675,train
7676,train
7677,train
7678,test
7679,train
7680,train
7681,train
7682,train
7683,test
7684,train
7685,train
7686,train
7687,train
7688,train
7689,train
7690,train
7691,train
7692,train
7693,train
7694,train
7695,train
7696,test
7697,train
7698,train
7699,train
7700,train
7701,test
7702,train
7703,train
7704,train
7705,train
7706,train
7707,test
7708,train
7709,train
7710,train
7711,train
7712,train
7713,train
7714,train
7715,train
7716,train
7717,train
7718,test
7719,train
7720,train
7721,train
7722,train
7723,train
7724,train
7725,train
7726,test
7727,train
7728,train
7729,train
7730,train
7731,train
7732,train
7733,test
7734,train
7735,train
7736,train
7737,test
7738,test
7739,test
7740,train
7741,train
7742,train
7743,train
7744,train
7745,train
7746,test
7747,train
7748,train
7749,train
7750,train
7751,test
7752,test
7753,train
7754,train
7755,train
7756,train
7757,train
7758,train
7759,train
7760,train
7761,train
7762,train
7763,train
7764,train
7765,test
7766,train
7767,test
7768,train
7769,train
7770,test
7771,train
7772,train
7773,test
7774,train
7775,train
7776,train
7777,train
7778,train
7779,train
7780,train
7781,test
7782,train
7783,train
7784,train
7785,train
7786,test
7787,train
7788,train
7789,train
7790,train
7791,test
7792,train
7793,train
7794,train
7795,train
7796,train
7797,train
7798,train
7799,test
7800,train
7801,train
7802,train
7803,test
7804,test
7805,test
7806,train
7807,test
7808,train
7809,train
7810,train
7811,train
7812,train
7813,train
7814,test
7815,train
7816,train
7817,train
7818,test
7819,train
7820,train
7821,train
7822,test
7823,test
7824,train
7825,train
7826,train
7827,train
7828,train
7829,train
7830,train
7831,train
7832,train
7833,train
7834,train
7835,train
7836,train
7837,train
7838,train
7839,train
7840,train
7841,train
7842,train
7843,train
7844,train
7845,train
7846,train
7847,test
7848,train
7849,test
7850,train
7851,test
7852,train
7853,train
7854,train
7855,train
7856,train
7857,train
7858,train
7859,train
7860,test
7861,test
7862,train
7863,test
7864,train
7865,train
7866,train
7867,train
7868,test
7869,train
7870,train
7871,train
7872,train
7873,train
7874,train
7875,train
7876,train
7877,test
7878,test
7879,train
7880,test
7881,train
7882,train
7883,train
7884,train
7885,train
7886,train
7887,train
7888,test
7889,train
7890,train
7891,train
7892,test
7893,test
7894,train
7895,train
7896,train
7897,train
7898,train
7899,train
7900,train
7901,train
7902,train
7903,train
7904,train
7905,train
7906,train
7907,train
7908,train
7909,train
7910,train
7911,train
7912,train
7913,train
7914,train
7915,train
7916,train
7917,train
7918,train
7919,train
7920,test
7921,test
7922,test
7923,train
7924,train
7925,train
7926,train
7927,train
7928,train
7929,train
7930,test
7931,test
7932,train
7933,train
7934,train
7935,train
7936,train
7937,train
7938,train
7939,test
7940,train
7941,train
7942,train
7943,train
7944,train
7945,test
7946,test
7947,test
7948,train
7949,train
7950,train
7951,train
7952,train
7953,test
7954,train
7955,train
7956,test
7957,train
7958,test
7959,train
7960,test
7961,train
7962,train
7963,train
7964,train
7965,train
7966,train
7967,test
7968,train
7969,train
7970,train
7971,test
7972,train
7973,train
7974,test
7975,train
7976,train
7977,train
7978,train
7979,test
7980,train
7981,train
7982,test
7983,train
7984,train
7985,test
7986,train
7987,train
7988,test
7989,train
7990,train
7991,train
7992,train
7993,train
7994,train
7995,train
7996,train
7997,train
7998,train
7999,test
8000,test
8001,train
8002,train
8003,train
8004,test
8005,train
8006,test
8007,train
8008,train
8009,train
8010,test
8011,train
8012,test
8013,train
8014,test
8015,train
8016,train
8017,train
8018,train
8019,train
8020,train
8021,train
8022,train
8023,train
8024,train
8025,train
8026,train
8027,train
8028,train
8029,test
8030,train
8031,train
8032,test
8033,test
8034,train
8035,train
8036,test
8037,train
8038,test
8039,train
8040,train
8041,train
8042,train
8043,train
8044,train
8045,train
8046,test
8047,test
8048,train
8049,train
8050,train
8051,train
8052,train
8053,train
8054,train
8055,train
8056,train
8057,test
8058,train
8059,train
8060,test
8061,train
8062,test
8063,train
8064,train
8065,train
8066,train
8067,train
8068,train
8069,test
8070,train
8071,train
8072,test
8073,test
8074,train
8075,test
8076,train
8077,test
8078,train
8079,train
8080,train
8081,train
8082,train
8083,train
8084,train
8085,test
8086,train
8087,train
8088,train
8089,train
8090,train
8091,train
8092,train
8093,train
8094,train
8095,train
8096,train
8097,train
8098,train
8099,train
8100,train
8101,train
8102,train
8103,train
8104,test
8105,train
8106,train
8107,train
8108,train
8109,train
8110,train
8111,train
8112,train
8113,test
8114,test
8115,train
8116,test
8117,train
8118,train
8119,train
8120,train
8121,train
8122,train
8123,train
8124,test
8125,test
8126,test
8127,train
8128,test
8129,train
8130,train
8131,train
8132,test
8133,train
8134,train
8135,train
8136,train
8137,train
8138,test
8139,test
8140,train
8141,test
8142,test
8143,train
8144,train
8145,train
8146,train
8147,train
8148,train
8149,train
8150,train
8151,train
8152,train
8153,train
8154,train
8155,train
8156,test
8157,test
8158,train
8159,test
8160,train
8161,train
8162,train
8163,train
8164,train
8165,train
8166,train
8167,train
8168,test
8169,train
8170,train
8171,test
8172,train
8173,train
8174,train
8175,train
8176,train
8177,test
8178,train
8179,train
8180,train
8181,train
8182,train
8183,train
8184,test
8185,test
8186,train
8187,test
8188,train
8189,train
8190,train
8191,train
8192,train
8193,train
8194,test
8195,train
8196,test
8197,train
8198,train
8199,train
8200,train
8201,train
8202,test
8203,test
8204,train
8205,train
8206,train
8207,train
8208,train
8209,train
8210,test
8211,train
8212,test
8213,train
8214,test
8215,train
8216,train
8217,train
8218,test
8219,train
8220,train
8221,train
8222,test
8223,train
8224,train
8225,train
8226,train
8227,train
8228,train
8229,train
8230,train
8231,train
8232,train
8233,train
8234,test
8235,test
8236,test
8237,train
8238,test
8239,test
8240,train
8241,train
8242,train
8243,test
8244,test
8245,train
8246,train
8247,train
8248,train
8249,train
8250,train
8251,test
8252,train
8253,train
8254,train
8255,train
8256,test
8257,test
8258,train
8259,train
8260,train
8261,train
8262,train
8263,train
8264,train
8265,train
8266,train
8267,train
8268,train
8269,train
8270,train
8271,train
8272,test
8273,train
8274,train
8275,train
8276,train
8277,train
8278,train
8279,train
8280,train
8281,train
8282,train
8283,train
8284,train
8285,train
8286,test
8287,train
8288,train
8289,train
8290,train
8291,train
8292,train
8293,train
8294,train
8295,train
8296,train
8297,test
8298,train
8299,train
8300,train
8301,train
8302,train
8303,train
8304,train
8305,train
8306,train
8307,train
8308,train
8309,train
8310,train
8311,train
8312,train
8313,test
8314,train
8315,train
8316,train
8317,train
8318,train
8319,train
8320,train
8321,train
8322,test
8323,train
8324,train
8325,test
8326,test
8327,train
8328,test
8329,train
8330,test
8331,train
8332,train
8333,train
8334,test
8335,train
8336,train
8337,train
8338,train
8339,train
8340,test
8341,train
8342,test
8343,train
8344,train
8345,train
8346,train
8347,train
8348,train
8349,train
8350,train
8351,train
8352,train
8353,test
8354,train
8355,train
8356,train
8357,train
8358,train
8359,test
8360,train
8361,train
8362,train
8363,train
8364,test
8365,train
8366,test
8367,train
8368,train
8369,train
8370,train
8371,train
8372,train
8373,train
8374,train
8375,train
8376,train
8377,train
8378,train
8379,train
8380,test
8381,train
8382,train
8383,train
8384,test
8385,train
8386,train
8387,train
8388,train
8389,train
8390,train
8391,test
8392,test
8393,train
8394,test
8395,train
8396,test
8397,train
8398,test
8399,train
8400,train
8401,train
8402,train
8403,train
8404,train
8405,train
8406,train
8407,train
8408,train
8409,train
8410,train
8411,test
8412,train
8413,train
8414,train
8415,train
8416,train
8417,train
8418,train
8419,train
8420,train
8421,test
8422,test
8423,train
8424,train
8425,train
8426,test
8427,train
8428,test
8429,train
8430,test
8431,test
8432,train
8433,train
8434,train
8435,train
8436,train
8437,train
8438,test
8439,train
8440,test
8441,train
8442,train
8443,test
8444,test
8445,train
8446,train
8447,test
8448,test
8449,train
8450,train
8451,train
8452,train
8453,train
8454,train
8455,train
8456,train
8457,test
8458,train
8459,train
8460,train
8461,test
8462,train
8463,test
8464,train
8465,train
8466,train
8467,test
8468,train
8469,train
8470,train
8471,train
8472,train
8473,test
8474,train
8475,train
8476,test
8477,train
8478,test
8479,test
8480,test
8481,train
8482,train
8483,test
8484,test
8485,train
8486,train
8487,train
8488,train
8489,train
8490,train
8491,train
8492,train
8493,train
8494,test
8495,train
8496,train
8497,test
8498,train
8499,train
8500,train
8501,train
8502,train
8503,test
8504,test
8505,train
8506,test
8507,train
8508,train
8509,train
8510,train
8511,train
8512,train
8513,train
8514,train
8515,train
8516,train
8517,train
8518,train
8519,train
8520,test
8521,train
8522,train
8523,train
8524,test
8525,train
8526,train
8527,train
8528,train
8529,train
8530,train
8531,train
8532,test
8533,test
8534,train
8535,test
8536,train
8537,train
8538,train
8539,test
8540,train
8541,train
8542,test
8543,train
8544,train
8545,train
8546,test
8547,train
8548,train
8549,train
8550,train
8551,train
8552,train
8553,train
8554,train
8555,train
8556,test
8557,train
8558,train
8559,train
8560,train
8561,test
8562,train
8563,train
8564,train
8565,train
8566,train
8567,train
8568,train
8569,train
8570,train
8571,train
8572,train
8573,train
8574,train
8575,train
8576,train
8577,train
8578,train
8579,train
8580,train
8581,train
8582,train
8583,train
8584,train
8585,test
8586,train
8587,train
8588,test
8589,train
8590,train
8591,train
8592,train
8593,train
8594,train
8595,train
8596,train
8597,test
8598,train
8599,train
8600,train
8601,train
8602,train
8603,train
8604,test
8605,train
8606,train
8607,train
8608,train
8609,test
8610,train
8611,train
8612,test
8613,test
8614,test
8615,train
8616,train
8617,test
8618,train
8619,test
8620,train
8621,train
8622,train
8623,train
8624,train
8625,test
8626,train
8627,train
8628,train
8629,train
8630,train
8631,train
8632,train
8633,train
8634,train
8635,train
8636,train
8637,train
8638,test
8639,train
8640,train
8641,test
8642,test
8643,train
8644,train
8645,train
8646,train
8647,train
8648,train
8649,train
8650,train
8651,test
8652,test
8653,train
8654,test
8655,train
8656,train
8657,train
8658,test
8659,test
8660,test
8661,train
8662,train
8663,test
8664,train
8665,test
8666,train
8667,train
8668,test
8669,train
8670,test
8671,test
8672,test
8673,train
8674,train
8675,train
8676,train
8677,train
8678,train
8679,train
8680,test
8681,train
8682,test
8683,train
8684,train
8685,train
8686,train
8687,train
8688,train
8689,test
8690,train
8691,test
8692,train
8693,train
8694,train
8695,test
8696,train
8697,train
8698,train
8699,train
8700,train
8701,train
8702,train
8703,train
8704,train
8705,train
8706,train
8707,train
8708,test
8709,train
8710,test
8711,test
8712,train
8713,train
8714,train
8715,train
8716,train
8717,train
8718,train
8719,test
8720,train
8721,train
8722,train
8723,train
8724,test
8725,test
8726,train
8727,train
8728,train
8729,train
8730,train
8731,train
8732,test
8733,train
8734,train
8735,train
8736,train
8737,test
8738,train
8739,train
8740,train
8741,train
8742,train
8743,train
8744,train
8745,train
8746,test
8747,train
8748,train
8749,train
8750,train
8751,train
8752,train
8753,train
8754,test
8755,test
8756,train
8757,test
8758,train
8759,train
8760,train
8761,train
8762,train
8763,train
8764,train
8765,train
8766,test
8767,train
8768,train
8769,train
8770,train
8771,train
8772,train
8773,train
8774,test
8775,train
8776,train
8777,train
8778,train
8779,train
8780,train
8781,train
8782,train
8783,test
8784,train
8785,train
8786,train
8787,train
8788,train
8789,train
8790,test
8791,train
8792,train
8793,test
8794,test
8795,train
8796,train
8797,train
8798,train
8799,train
8800,test
8801,train
8802,train
8803,train
8804,train
8805,test
8806,train
8807,train
8808,test
8809,train
8810,test
8811,train
8812,train
8813,train
8814,train
8815,test
8816,train
8817,test
8818,train
8819,train
8820,train
8821,train
8822,train
8823,train
8824,train
8825,train
8826,test
8827,train
8828,test
8829,train
8830,train
8831,train
8832,train
8833,train
8834,train
8835,train
8836,train
8837,train
8838,train
8839,test
8840,train
8841,test
8842,train
8843,train
8844,train
8845,train
8846,train
8847,train
8848,train
8849,train
8850,test
8851,train
8852,test
8853,train
8854,train
8855,train
8856,test
8857,train
8858,train
8859,train
8860,train
8861,train
8862,train
8863,train
8864,test
8865,train
8866,train
8867,train
8868,train
8869,train
8870,train
8871,train
8872,test
8873,test
8874,train
8875,train
8876,train
8877,train
8878,train
8879,train
8880,train
8881,test
8882,test
8883,test
8884,train
8885,train
8886,train
8887,test
8888,train
8889,train
8890,train
8891,train
8892,train
8893,train
8894,train
8895,train
8896,test
8897,train
8898,train
8899,train
8900,test
8901,train
8902,test
8903,test
8904,train
8905,train
8906,train
8907,train
8908,train
8909,train
8910,train
8911,train
8912,train
8913,train
8914,train
8915,train
8916,train
8917,train
8918,train
8919,train
8920,train
8921,train
8922,train
8923,train
8924,train
8925,train
8926,test
8927,train
8928,train
8929,train
8930,test
8931,train
8932,train
8933,train
8934,train
8935,test
8936,test
8937,train
8938,test
8939,train
8940,train
8941,train
8942,train
8943,train
8944,test
8945,test
8946,train
8947,train
8948,train
8949,train
8950,train
8951,test
8952,train
8953,test
8954,train
8955,train
8956,train
8957,train
8958,test
8959,test
8960,train
8961,train
8962,train
8963,train
8964,train
8965,train
8966,train
8967,train
8968,train
8969,test
8970,test
8971,train
8972,train
8973,train
8974,train
8975,train
8976,train
8977,train
8978,test
8979,train
8980,train
8981,train
8982,train
8983,train
8984,train
8985,train
8986,test
8987,train
8988,train
8989,test
8990,train
8991,test
8992,train
8993,train
8994,train
8995,train
8996,train
8997,train
8998,train
8999,train
9000,train
9001,train
9002,train
9003,train
9004,train
9005,test
9006,train
9007,train
9008,train
9009,train
9010,train
9011,train
9012,train
9013,test
9014,train
9015,train
9016,train
9017,train
9018,train
9019,train
9020,test
9021,train
9022,train
9023,train
9024,train
9025,train
9026,train
9027,test
9028,train
9029,train
9030,train
9031,train
9032,test
9033,train
9034,train
9035,test
9036,train
9037,train
9038,train
9039,train
9040,train
9041,train
9042,test
9043,train
9044,train
9045,train
9046,train
9047,test
9048,test
9049,test
9050,train
9051,train
9052,train
9053,train
9054,test
9055,train
9056,train
9057,train
9058,train
9059,train
9060,train
9061,train
9062,train
9063,train
9064,train
9065,train
9066,train
9067,train
9068,test
9069,train
9070,test
9071,train
9072,train
9073,train
9074,train
9075,train
9076,train
9077,train
9078,train
9079,train
9080,train
9081,train
9082,train
9083,train
9084,train
9085,train
9086,train
9087,train
9088,train
9089,test
9090,train
9091,train
9092,train
9093,train
9094,train
9095,train
9096,test
9097,test
9098,train
9099,test
9100,train
9101,train
9102,train
9103,test
9104,train
9105,train
9106,train
9107,train
9108,train
9109,train
9110,test
9111,train
9112,train
9113,train
9114,train
9115,train
9116,test
9117,train
9118,train
9119,train
9120,train
9121,test
9122,train
9123,train
9124,train
9125,train
9126,train
9127,test
9128,test
9129,train
9130,train
9131,test
9132,train
9133,train
9134,test
9135,train
9136,train
9137,train
9138,train
9139,train
9140,train
9141,train
9142,test
9143,train
9144,train
9145,train
9146,train
9147,train
9148,train
9149,train
9150,train
9151,train
9152,test
9153,train
9154,train
9155,train
9156,test
9157,train
9158,train
9159,train
9160,train
9161,train
9162,test
9163,train
9164,train
9165,train
9166,train
9167,train
9168,train
9169,test
9170,test
9171,train
9172,train
9173,train
9174,test
9175,train
9176,train
9177,test
9178,test
9179,train
9180,train
9181,train
9182,train
9183,train
9184,train
9185,train
9186,train
9187,test
9188,train
9189,train
9190,train
9191,train
9192,train
9193,test
9194,train
9195,train
9196,train
9197,train
9198,train
9199,train
9200,train
9201,test
9202,train
9203,train
9204,train
9205,train
9206,train
9207,train
9208,train
9209,train
9210,test
9211,train
9212,train
9213,test
9214,train
9215,train
9216,train
9217,train
9218,train
9219,train
9220,train
9221,train
9222,train
9223,train
9224,train
9225,train
9226,train
9227,train
9228,train
9229,train
9230,train
9231,train
9232,train
9233,train
9234,train
9235,train
9236,train
9237,train
9238,train
9239,train
9240,test
9241,train
9242,train
9243,train
9244,test
9245,train
9246,train
9247,train
9248,train
9249,train
9250,train
9251,train
9252,train
9253,train
9254,train
9255,train
9256,train
9257,test
9258,train
9259,train
9260,train
9261,train
9262,test
9263,train
9264,train
9265,train
9266,train
9267,train
9268,train
9269,train
9270,train
9271,train
9272,train
9273,train
9274,train
9275,train
9276,train
9277,train
9278,train
9279,train
9280,train
9281,test
9282,train
9283,train
9284,test
9285,train
9286,train
9287,train
9288,train
9289,train
9290,train
9291,test
9292,train
9293,train
9294,train
9295,train
9296,train
9297,train
9298,train
9299,train
9300,test
9301,train
9302,train
9303,train
9304,train
9305,train
9306,train
9307,train
9308,train
9309,train
9310,test
9311,train
9312,train
9313,train
9314,test
9315,train
9316,train
9317,train
9318,train
9319,train
9320,train
9321,train
9322,train
9323,train
9324,train
9325,train
9326,test
9327,train
9328,train
9329,train
9330,train
9331,test
9332,train
9333,train
9334,train
9335,train
9336,train
9337,train
9338,train
9339,train
9340,train
9341,train
9342,test
9343,train
9344,train
9345,train
9346,train
9347,train
9348,test
9349,train
9350,train
9351,train
9352,train
9353,train
9354,test
9355,train
9356,test
9357,train
9358,train
9359,train
9360,test
9361,test
9362,train
9363,train
9364,train
9365,train
9366,test
9367,test
9368,train
9369,train
9370,train
9371,test
9372,train
9373,train
9374,train
9375,train
9376,train
9377,train
9378,train
9379,train
9380,train
9381,train
9382,train
9383,train
9384,train
9385,test
9386,train
9387,train
9388,train
9389,train
9390,train
9391,train
9392,train
9393,train
9394,test
9395,train
9396,train
9397,test
9398,train
9399,train
9400,train
9401,train
9402,train
9403,test
9404,train
9405,train
9406,train
9407,test
9408,train
9409,train
9410,train
9411,train
9412,test
9413,train
9414,test
9415,train
9416,train
9417,train
9418,train
9419,train
9420,train
9421,train
9422,train
9423,train
9424,train
9425,train
9426,train
9427,train
9428,train
9429,train
9430,train
9431,train
9432,train
9433,train
9434,train
9435,test
9436,train
9437,train
9438,train
9439,train
9440,train
9441,test
9442,train
9443,train
9444,test
9445,train
9446,train
9447,train
9448,train
9449,test
9450,train
9451,test
9452,train
9453,train
9454,test
9455,test
9456,train
9457,train
9458,train
9459,train
9460,test
9461,train
9462,train
9463,train
9464,train
9465,train
9466,train
9467,test
9468,train
9469,test
9470,train
9471,train
9472,train
9473,train
9474,train
9475,train
9476,train
9477,train
9478,train
9479,train
9480,train
9481,test
9482,train
9483,train
9484,train
9485,train
9486,test
9487,train
9488,train
9489,train
9490,train
9491,train
9492,test
9493,train
9494,train
9495,train
9496,train
9497,train
9498,train
9499,train
9500,train
9501,train
9502,train
9503,train
9504,test
9505,test
9506,train
9507,train
9508,train
9509,train
9510,train
9511,train
9512,train
9513,train
9514,train
9515,train
9516,train
9517,test
9518,train
9519,test
9520,train
9521,train
9522,train
9523,test
9524,train
9525,train
9526,train
9527,train
9528,train
9529,train
9530,train
9531,train
9532,train
9533,train
9534,train
9535,train
9536,test
9537,train
9538,train
9539,train
9540,train
9541,test
9542,train
9543,train
9544,train
9545,train
9546,train
9547,test
9548,train
9549,train
9550,train
9551,train
9552,train
9553,train
9554,train
9555,train
9556,train
9557,train
9558,train
9559,train
9560,train
9561,test
9562,train
9563,train
9564,train
9565,train
9566,test
9567,train
9568,train
9569,train
9570,test
9571,train
9572,train
9573,train
9574,test
9575,train
9576,train
9577,train
9578,test
9579,train
9580,train
9581,train
9582,train
9583,train
9584,train
9585,train
9586,train
9587,test
9588,train
9589,train
9590,train
9591,train
9592,train
9593,train
9594,train
9595,train
9596,train
9597,train
9598,train
9599,train
9600,test
9601,test
9602,test
9603,train
9604,train
9605,train
9606,train
9607,train
9608,train
9609,test
9610,train
9611,test
9612,train
9613,train
9614,train
9615,test
9616,train
9617,train
9618,train
9619,train
9620,train
9621,train
9622,train
9623,train
9624,test
9625,test
9626,train
9627,train
9628,train
9629,train
9630,train
9631,train
9632,train
9633,train
9634,train
9635,test
9636,train
9637,train
9638,test
9639,train
9640,train
9641,test
9642,train
9643,train
9644,train
9645,test
9646,train
9647,train
9648,train
9649,train
9650,train
9651,train
9652,train
9653,train
9654,train
9655,test
9656,train
9657,train
9658,train
9659,train
9660,train
9661,train
9662,train
9663,test
9664,train
9665,test
9666,test
9667,train
9668,train
9669,train
9670,train
9671,train
9672,train
9673,test
9674,train
9675,train
9676,train
9677,test
9678,train
9679,test
9680,test
9681,train
9682,train
9683,train
9684,train
9685,train
9686,train
9687,train
9688,train
9689,train
9690,test
9691,train
9692,test
9693,train
9694,train
9695,train
9696,train
9697,train
9698,train
9699,train
9700,train
9701,train
9702,train
9703,train
9704,train
9705,train
9706,train
9707,train
9708,train
9709,train
9710,train
9711,train
9712,test
9713,train
9714,test
9715,train
9716,test
9717,train
9718,train
9719,train
9720,train
9721,train
9722,train
9723,train
9724,train
9725,train
9726,test
9727,train
9728,train
9729,train
9730,test
9731,train
9732,test
9733,train
9734,train
9735,train
9736,train
9737,train
9738,train
9739,train
9740,train
9741,test
9742,train
9743,train
9744,train
9745,train
9746,train
9747,test
9748,train
9749,test
9750,train
9751,train
9752,train
9753,train
9754,train
9755,train
9756,test
9757,train
9758,train
9759,test
9760,train
9761,train
9762,train
9763,train
9764,train
9765,train
9766,train
9767,train
9768,train
9769,train
9770,train
9771,train
9772,train
9773,train
9774,train
9775,test
9776,train
9777,train
9778,train
9779,train
9780,train
9781,train
9782,train
9783,train
9784,train
9785,train
9786,train
9787,train
9788,test
9789,train
9790,train
9791,train
9792,train
9793,test
9794,train
9795,train
9796,train
9797,train
9798,train
9799,test
9800,train
9801,train
9802,train
9803,train
9804,train
9805,train
9806,train
9807,test
9808,test
9809,test
9810,train
9811,train
9812,test
9813,train
9814,train
9815,train
9816,train
9817,train
9818,train
9819,train
9820,train
9821,train
9822,train
9823,test
9824,test
9825,test
9826,train
9827,train
9828,train
9829,train
9830,train
9831,test
9832,test
9833,train
9834,test
9835,train
9836,train
9837,train
9838,test
9839,train
9840,train
9841,train
9842,train
9843,train
9844,test
9845,train
9846,train
9847,train
9848,train
9849,train
9850,train
9851,train
9852,train
9853,train
9854,train
9855,train
9856,train
9857,train
9858,train
9859,test
9860,test
9861,train
9862,train
9863,train
9864,train
9865,train
9866,test
9867,train
9868,train
9869,train
9870,train
9871,train
9872,train
9873,train
9874,train
9875,train
9876,train
9877,test
9878,train
9879,train
9880,train
9881,test
9882,train
9883,train
9884,train
9885,train
9886,train
9887,train
9888,train
9889,train
9890,train
9891,train
9892,train
9893,train
9894,train
9895,train
9896,train
9897,train
9898,train
9899,test
9900,train
9901,train
9902,train
9903,train
9904,test
9905,train
9906,train
9907,train
9908,train
9909,train
9910,train
9911,train
9912,train
9913,train
9914,train
9915,train
9916,test
9917,test
9918,train
9919,train
9920,train
9921,test
9922,train
9923,train
9924,train
9925,train
9926,train
9927,test
9928,train
9929,test
9930,train
9931,train
9932,test
9933,test
9934,test
9935,test
9936,train
9937,train
9938,train
9939,train
9940,test
9941,train
9942,train
9943,train
9944,train
9945,train
9946,train
9947,train
9948,test
9949,train
9950,train
9951,train
9952,test
9953,train
9954,test
9955,train
9956,train
9957,train
9958,train
9959,test
9960,train
9961,train
9962,test
9963,train
9964,train
9965,train
9966,train
9967,train
9968,train
9969,train
9970,train
9971,train
9972,train
9973,train
9974,train
9975,train
9976,train
9977,train
9978,train
9979,train
9980,train
9981,test
9982,train
9983,train
9984,train
9985,train
9986,train
9987,train
9988,train
9989,train
9990,train
9991,train
9992,train
9993,test
9994,test
9995,train
9996,train
9997,test
9998,test
9999,train
10000,train
10001,train
10002,train
10003,train
10004,train
10005,train
10006,train
10007,train
10008,test
10009,train
10010,train
10011,train
10012,train
10013,train
10014,train
10015,train
10016,test
10017,train
10018,train
10019,train
10020,train
10021,train
10022,train
10023,train
10024,test
10025,train
10026,train
10027,train
10028,train
10029,test
10030,train
10031,test
10032,train
10033,train
10034,train
10035,test
10036,train
10037,test
10038,train
10039,train
10040,train
10041,train
10042,train
10043,train
10044,train
10045,train
10046,train
10047,train
10048,test
10049,train
10050,test
10051,train
10052,train
10053,train
10054,train
10055,train
10056,train
10057,train
10058,test
10059,train
10060,train
10061,train
10062,train
10063,train
10064,test
10065,test
10066,train
10067,train
10068,train
10069,train
10070,train
10071,test
10072,train
10073,test
10074,test
10075,train
10076,train
10077,train
10078,train
10079,train
10080,train
10081,train
10082,test
10083,train
10084,train
10085,train
10086,train
10087,train
10088,test
10089,test
10090,train
10091,test
10092,train
10093,train
10094,test
10095,train
10096,train
10097,train
10098,train
10099,train
10100,test
10101,train
10102,train
10103,train
10104,train
10105,train
10106,train
10107,train
10108,test
10109,train
10110,test
10111,train
10112,train
10113,train
10114,test
10115,train
10116,train
10117,train
10118,train
10119,train
10120,test
10121,train
10122,train
10123,test
10124,train
10125,train
10126,train
10127,train
10128,train
10129,train
10130,train
10131,train
10132,train
10133,train
10134,train
10135,train
10136,test
10137,train
10138,train
10139,train
10140,test
10141,train
10142,test
10143,train
10144,train
10145,train
10146,train
10147,train
10148,train
10149,train
10150,train
10151,train
10152,train
10153,train
10154,train
10155,train
10156,train
10157,train
10158,test
10159,test
10160,train
10161,train
10162,train
10163,train
10164,train
10165,test
10166,train
10167,test
10168,train
10169,train
10170,train
10171,train
10172,train
10173,train
10174,train
10175,train
10176,train
10177,train
10178,train
10179,train
10180,train
10181,test
10182,train
10183,train
10184,train
10185,train
10186,test
10187,train
10188,test
10189,train
10190,test
10191,train
10192,train
10193,train
10194,train
10195,train
10196,train
10197,train
10198,test
10199,test
10200,train
10201,train
10202,train
10203,train
10204,train
10205,train
10206,train
10207,train
10208,train
10209,train
10210,train
10211,train
10212,test
10213,train
10214,train
10215,test
10216,test
10217,train
10218,test
10219,train
10220,test
10221,train
10222,train
10223,train
10224,test
10225,train
10226,train
10227,train
10228,train
10229,train
10230,train
10231,train
10232,test
10233,test
10234,train
10235,train
10236,train
10237,train
10238,train
10239,train
10240,test
10241,train
10242,test
10243,train
10244,train
10245,train
10246,train
10247,train
10248,train
10249,train
10250,train
10251,train
10252,train
10253,train
10254,test
10255,train
10256,train
10257,train
10258,train
10259,train
10260,test
10261,train
10262,train
10263,train
10264,train
10265,train
10266,test
10267,train
10268,train
10269,train
10270,train
10271,train
10272,train
10273,train
10274,train
10275,train
10276,test
10277,train
10278,train
10279,train
10280,train
10281,train
10282,train
10283,test
10284,train
10285,train
10286,test
10287,train
10288,train
10289,train
10290,train
10291,train
10292,train
10293,train
10294,test
10295,train
10296,train
10297,test
10298,train
10299,test
10300,train
10301,train
10302,train
10303,train
10304,train
10305,train
10306,train
10307,train
10308,train
10309,train
10310,train
10311,train
10312,train
10313,train
10314,train
10315,train
10316,train
10317,train
10318,train
10319,train
10320,train
10321,train
10322,train
10323,test
10324,train
10325,train
10326,train
10327,train
10328,train
10329,test
10330,train
10331,train
10332,train
10333,train
10334,train
10335,train
10336,train
10337,train
10338,train
10339,train
10340,test
10341,train
10342,train
10343,train
10344,test
10345,train
10346,train
10347,test
10348,train
10349,train
10350,train
10351,train
10352,test
10353,train
10354,train
10355,train
10356,train
10357,train
10358,test
10359,train
10360,test
10361,test
10362,train
10363,train
10364,train
10365,train
10366,train
10367,train
10368,train
10369,train
10370,train
10371,train
10372,train
10373,train
10374,test
10375,train
10376,train
10377,test
10378,train
10379,test
10380,train
10381,train
10382,train
10383,train
10384,test
10385,train
10386,train
10387,test
10388,train
10389,train
10390,train
10391,train
10392,train
10393,train
10394,train
10395,train
10396,train
10397,train
10398,train
10399,train
10400,train
10401,train
10402,train
10403,test
10404,train
10405,train
10406,train
10407,train
10408,train
10409,train
10410,train
10411,train
10412,train
10413,train
10414,train
10415,test
10416,train
10417,test
10418,train
10419,train
10420,train
10421,train
10422,test
10423,train
10424,train
10425,train
10426,train
10427,train
10428,test
10429,train
10430,train
10431,train
10432,test
10433,train
10434,train
10435,test
10436,train
10437,test
10438,test
10439,test
10440,train
10441,test
10442,train
10443,train
10444,train
10445,test
10446,train
10447,train
10448,train
10449,train
10450,train
10451,train
10452,train
10453,train
10454,train
10455,train
10456,train
10457,train
10458,train
10459,train
10460,test
10461,test
10462,train
10463,train
10464,test
10465,train
10466,test
10467,train
10468,train
10469,train
10470,train
10471,train
10472,test
10473,train
10474,train
10475,train
10476,train
10477,train
10478,train
10479,train
10480,test
10481,train
10482,test
10483,train
10484,test
10485,train
10486,train
10487,train
10488,train
10489,train
10490,train
10491,train
10492,train
10493,train
10494,train
10495,train
10496,train
10497,test
10498,train
10499,train
10500,train
10501,train
10502,train
10503,train
10504,train
10505,train
10506,train
10507,test
10508,test
10509,train
10510,train
10511,train
10512,train
10513,train
10514,train
10515,train
10516,train
10517,train
10518,train
10519,train
10520,train
10521,train
10522,train
10523,train
10524,test
10525,train
10526,test
10527,train
10528,train
10529,train
10530,train
10531,train
10532,train
10533,train
10534,train
10535,train
10536,train
10537,train
10538,test
10539,test
10540,test
10541,test
10542,test
10543,train
10544,train
10545,test
10546,test
10547,train
10548,test
10549,train
10550,train
10551,train
10552,train
10553,train
10554,test
10555,train
10556,train
10557,train
10558,test
10559,train
10560,train
10561,test
10562,train
10563,train
10564,train
10565,train
10566,train
10567,train
10568,test
10569,train
10570,test
10571,train
10572,train
10573,train
10574,train
10575,test
10576,train
10577,train
10578,train
10579,train
10580,train
10581,train
10582,train
10583,train
10584,train
10585,train
10586,test
10587,train
10588,train
10589,train
10590,train
10591,train
10592,train
10593,train
10594,train
10595,train
10596,train
10597,train
10598,train
10599,train
10600,train
10601,train
10602,train
10603,train
10604,test
10605,train
10606,train
10607,train
10608,train
10609,train
10610,train
10611,train
10612,train
10613,train
10614,train
10615,train
10616,train
10617,train
10618,train
10619,train
10620,train
10621,train
10622,train
10623,train
10624,test
10625,train
10626,train
10627,train
10628,train
10629,train
10630,test
10631,train
10632,train
10633,train
10634,train
10635,train
10636,train
10637,test
10638,train
10639,test
10640,train
10641,train
10642,test
10643,train
10644,test
10645,train
10646,train
10647,train
10648,train
10649,train
10650,test
10651,train
10652,train
10653,train
10654,test
10655,train
10656,test
10657,train
10658,train
10659,train
10660,test
10661,test
10662,train
10663,train
10664,train
10665,train
10666,test
10667,train
10668,test
10669,train
10670,train
10671,train
10672,train
10673,train
10674,train
10675,train
10676,train
10677,test
10678,train
10679,train
10680,test
10681,test
10682,test
10683,test
10684,train
10685,test
10686,train
10687,train
10688,train
10689,train
10690,test
10691,train
10692,test
10693,train
10694,train
10695,train
10696,train
10697,train
10698,train
10699,train
10700,train
10701,train
10702,train
10703,train
10704,test
10705,train
10706,train
10707,test
10708,train
10709,train
10710,test
10711,train
10712,train
10713,train
10714,train
10715,train
10716,train
10717,test
10718,train
10719,train
10720,test
10721,train
10722,train
10723,train
10724,train
10725,train
10726,train
10727,train
10728,train
10729,train
10730,train
10731,train
10732,train
10733,train
10734,train
10735,train
10736,train
10737,train
10738,train
10739,train
10740,test
10741,train
10742,train
10743,train
10744,test
10745,train
10746,train
10747,train
10748,train
10749,train
10750,train
10751,train
10752,train
10753,train
10754,train
10755,test
10756,test
10757,train
10758,train
10759,train
10760,train
10761,train
10762,train
10763,train
10764,train
10765,train
10766,train
10767,train
10768,train
10769,test
10770,test
10771,train
10772,train
10773,train
10774,train
10775,train
10776,train
10777,test
10778,train
10779,train
10780,test
10781,train
10782,test
10783,train
10784,train
10785,train
10786,test
10787,train
10788,train
10789,test
10790,train
10791,train
10792,train
10793,train
10794,train
10795,train
10796,test
10797,train
10798,train
10799,test
10800,train
10801,train
10802,train
10803,train
10804,train
10805,train
10806,test
10807,train
10808,test
10809,train
10810,train
10811,train
10812,train
10813,train
10814,train
10815,train
10816,train
10817,train
10818,train
10819,train
10820,train
10821,train
10822,test
10823,train
10824,test
10825,train
10826,train
10827,train
10828,test
10829,test
10830,train
10831,train
10832,test
10833,train
10834,test
10835,test
10836,train
10837,test
10838,test
10839,train
10840,train
10841,train
10842,train
10843,test
10844,test
10845,train
10846,train
10847,train
10848,train
10849,train
10850,train
10851,train
10852,train
10853,train
10854,train
10855,train
10856,train
10857,test
10858,train
10859,train
10860,test
10861,train
10862,train
10863,test
10864,train
10865,train
10866,train
10867,train
10868,train
10869,train
10870,test
10871,train
10872,test
10873,train
10874,train
10875,train
10876,test
10877,train
10878,train
10879,train
10880,train
10881,train
10882,train
10883,train
10884,train
10885,train
10886,train
10887,train
10888,train
10889,test
10890,train
10891,train
10892,train
10893,test
10894,train
10895,test
10896,train
10897,train
10898,train
10899,test
10900,train
10901,test
10902,train
10903,train
10904,train
10905,train
10906,train
10907,test
10908,train
10909,train
10910,train
10911,train
10912,train
10913,train
10914,train
10915,train
10916,train
10917,train
10918,train
10919,test
10920,train
10921,train
10922,train
10923,test
10924,train
10925,test
10926,train
10927,train
10928,train
10929,test
10930,train
10931,test
10932,train
10933,train
10934,train
10935,train
10936,train
10937,test
10938,test
10939,train
10940,train
10941,train
10942,train
10943,train
10944,test
10945,train
10946,test
10947,train
10948,train
10949,train
10950,train
10951,test
10952,train
10953,train
10954,train
10955,train
10956,test
10957,train
10958,train
10959,train
10960,train
10961,train
10962,train
10963,train
10964,train
10965,train
10966,test
10967,train
10968,train
10969,train
10970,train
10971,test
10972,test
10973,train
10974,test
10975,train
10976,train
10977,train
10978,train
10979,test
10980,train
10981,train
10982,train
10983,train
10984,train
10985,train
10986,train
10987,test
10988,train
10989,train
10990,train
10991,test
10992,train
10993,train
10994,test
10995,train
10996,test
10997,train
10998,train
10999,train
11000,train
11001,test
11002,train
11003,train
11004,train
11005,train
11006,train
11007,test
11008,train
11009,train
11010,train
11011,train
11012,train
11013,train
11014,train
11015,train
11016,train
11017,train
11018,train
11019,train
11020,train
11021,test
11022,test
11023,test
11024,train
11025,test
11026,train
11027,train
11028,train
11029,train
11030,train
11031,train
11032,train
11033,test
11034,test
11035,test
11036,test
11037,train
11038,train
11039,train
11040,train
11041,train
11042,test
11043,train
11044,train
11045,train
11046,train
11047,test
11048,test
11049,train
11050,train
11051,train
11052,train
11053,train
11054,train
11055,train
11056,train
11057,train
11058,train
11059,test
11060,train
11061,train
11062,train
11063,train
11064,train
11065,train
11066,test
11067,test
11068,train
11069,train
11070,test
11071,train
11072,train
11073,train
11074,test
11075,test
11076,train
11077,train
11078,train
11079,train
11080,test
11081,test
11082,train
11083,train
11084,train
11085,train
11086,train
11087,test
11088,train
11089,train
11090,train
11091,train
11092,test
11093,train
11094,train
11095,train
11096,train
11097,train
11098,train
11099,train
11100,train
11101,train
11102,train
11103,train
11104,test
11105,train
11106,train
11107,train
11108,train
11109,train
11110,train
11111,train
11112,train
11113,train
11114,train
11115,train
11116,train
11117,train
11118,train
11119,train
11120,train
11121,train
11122,test
11123,train
11124,train
11125,train
11126,train
11127,train
11128,train
11129,test
11130,test
11131,train
11132,train
11133,test
11134,train
11135,train
11136,train
11137,test
11138,train
11139,train
11140,train
11141,train
11142,train
11143,test
11144,train
11145,train
11146,train
11147,train
11148,train
11149,test
11150,train
11151,test
11152,train
11153,test
11154,train
11155,train
11156,train
11157,train
11158,train
11159,train
11160,train
11161,train
11162,train
11163,train
11164,train
11165,train
11166,train
11167,train
11168,train
11169,test
11170,train
11171,train
11172,train
11173,train
11174,train
11175,train
11176,train
11177,train
11178,train
11179,train
11180,train
11181,train
11182,test
11183,test
11184,train
11185,train
11186,train
11187,train
11188,test
11189,train
11190,train
11191,test
11192,train
11193,train
11194,train
11195,test
11196,train
11197,train
11198,train
11199,train
11200,train
11201,train
11202,test
11203,train
11204,train
11205,train
11206,train
11207,test
11208,train
11209,train
11210,train
11211,train
11212,train
11213,train
11214,test
11215,test
11216,train
11217,train
11218,test
11219,train
11220,train
11221,train
11222,train
11223,train
11224,test
11225,train
11226,train
11227,train
11228,train
11229,train
11230,train
11231,train
11232,train
11233,train
11234,train
11235,train
11236,train
11237,test
11238,train
11239,test
11240,train
11241,train
11242,train
11243,train
11244,train
11245,train
11246,train
11247,train
11248,train
11249,train
11250,train
11251,train
11252,train
11253,train
11254,train
11255,train
11256,train
11257,train
11258,train
11259,test
11260,train
11261,test
11262,train
11263,test
11264,train
11265,train
11266,train
11267,train
11268,train
11269,train
11270,train
11271,train
11272,train
11273,train
11274,train
11275,train
11276,train
11277,test
11278,test
11279,train
11280,test
11281,train
11282,train
11283,train
11284,train
11285,train
11286,train
11287,train
11288,train
11289,test
11290,test
11291,train
11292,train
11293,train
11294,train
11295,test
11296,train
11297,train
11298,train
11299,train
11300,train
11301,train
11302,test
11303,train
11304,train
11305,train
11306,train
11307,train
11308,test
11309,test
11310,train
11311,test
11312,train
11313,train
11314,test
11315,test
11316,train
11317,train
11318,test
11319,train
11320,train
11321,train
11322,train
11323,test
11324,train
11325,train
11326,train
11327,test
11328,train
11329,train
11330,test
11331,train
11332,train
11333,train
11334,train
11335,train
11336,train
11337,train
11338,train
11339,train
11340,train
11341,train
11342,test
11343,train
11344,train
11345,train
11346,train
11347,test
11348,train
11349,train
11350,train
11351,test
11352,test
11353,train
11354,test
11355,train
11356,train
11357,train
11358,train
11359,train
11360,test
11361,train
11362,train
11363,train
11364,train
11365,train
11366,train
11367,train
11368,train
11369,test
11370,train
11371,train
11372,train
11373,train
11374,test
11375,train
11376,train
11377,train
11378,train
11379,train
11380,train
11381,train
11382,train
11383,train
11384,train
11385,train
11386,train
11387,test
11388,train
11389,train
11390,train
11391,train
11392,train
11393,test
11394,test
11395,train
11396,train
11397,test
11398,train
11399,train
11400,train
11401,train
11402,train
11403,train
11404,train
11405,train
11406,train
11407,train
11408,train
11409,train
11410,train
11411,test
11412,test
11413,train
11414,train
11415,train
11416,test
11417,train
11418,train
11419,train
11420,train
11421,train
11422,train
11423,train
11424,train
11425,train
11426,train
11427,train
11428,train
11429,train
11430,train
11431,train
11432,train
11433,train
11434,test
11435,train
11436,train
11437,train
11438,train
11439,train
11440,train
11441,test
11442,test
11443,train
11444,train
11445,train
11446,test
11447,test
11448,train
11449,train
11450,train
11451,train
11452,train
11453,test
11454,train
11455,train
11456,train
11457,train
11458,train
11459,train
11460,train
11461,train
11462,train
11463,train
11464,train
11465,train
11466,train
11467,train
11468,train
11469,train
11470,train
11471,test
11472,train
11473,train
11474,train
11475,train
11476,train
11477,test
11478,train
11479,test
11480,test
11481,train
11482,train
11483,train
11484,train
11485,train
11486,train
11487,train
11488,train
11489,train
11490,train
11491,train
11492,train
11493,train
11494,test
11495,test
11496,train
11497,train
11498,test
11499,train
11500,test
11501,train
11502,test
11503,train
11504,train
11505,train
11506,train
11507,test
11508,test
11509,train
11510,train
11511,train
11512,test
11513,train
11514,train
11515,test
11516,train
11517,test
11518,train
11519,train
11520,train
11521,train
11522,train
11523,train
11524,train
11525,test
11526,train
11527,train
11528,train
11529,test
11530,test
11531,train
11532,train
11533,train
11534,train
11535,train
11536,train
11537,test
11538,test
11539,train
11540,train
11541,train
11542,train
11543,train
11544,test
11545,train
11546,train
11547,train
11548,train
11549,train
11550,train
11551,train
11552,test
11553,train
11554,train
11555,train
11556,train
11557,train
11558,train
11559,train
11560,train
11561,train
11562,train
11563,train
11564,train
11565,train
11566,test
11567,train
11568,train
11569,train
11570,train
11571,train
11572,train
11573,train
11574,test
11575,train
11576,test
11577,train
11578,train
11579,train
11580,train
11581,test
11582,train
11583,train
11584,test
11585,train
11586,test
11587,train
11588,test
11589,test
11590,test
11591,train
11592,train
11593,train
11594,train
11595,train
11596,train
11597,train
11598,train
11599,train
11600,test
11601,train
11602,train
11603,train
11604,train
11605,train
11606,train
11607,train
11608,train
11609,train
11610,train
11611,train
11612,train
11613,test
11614,train
11615,train
11616,train
11617,test
11618,train
11619,train
11620,train
11621,train
11622,train
11623,train
11624,train
11625,train
11626,train
11627,train
11628,train
11629,test
11630,train
11631,train
11632,train
11633,train
11634,train
11635,train
11636,train
11637,test
11638,train
11639,train
11640,train
11641,train
11642,train
11643,train
11644,train
11645,train
11646,train
11647,train
11648,train
11649,test
11650,train
11651,train
11652,train
11653,train
11654,train
11655,train
11656,train
11657,train
11658,test
11659,test
11660,train
11661,train
11662,train
11663,train
11664,train
11665,train
11666,train
11667,train
11668,train
11669,train
11670,train
11671,train
11672,train
11673,train
11674,train
11675,train
11676,train
11677,train
11678,test
11679,train
11680,train
11681,train
11682,train
11683,test
11684,train
11685,test
11686,train
11687,train
11688,train
11689,train
11690,test
11691,train
11692,train
11693,train
11694,train
11695,train
11696,train
11697,train
11698,train
11699,train
11700,train
11701,train
11702,train
11703,train
11704,train
11705,train
11706,train
11707,train
11708,train
11709,train
11710,train
11711,train
11712,train
11713,train
11714,test
11715,train
11716,train
11717,train
11718,train
11719,train
11720,train
11721,train
11722,train
11723,train
11724,train
11725,train
11726,train
11727,train
11728,train
11729,train
11730,train
11731,train
11732,train
11733,train
11734,test
11735,train
11736,train
11737,train
11738,train
11739,train
11740,train
11741,train
11742,train
11743,test
11744,train
11745,train
11746,test
11747,train
11748,train
11749,train
11750,train
11751,test
11752,test
11753,train
11754,train
11755,train
11756,train
11757,test
11758,train
11759,train
11760,train
11761,train
11762,train
11763,train
11764,train
11765,test
11766,train
11767,test
11768,train
11769,train
11770,train
11771,train
11772,train
11773,train
11774,train
11775,train
11776,train
11777,train
11778,train
11779,train
11780,train
11781,train
11782,test
11783,train
11784,train
11785,train
11786,test
11787,train
11788,train
11789,train
11790,train
11791,train
11792,train
11793,train
11794,train
11795,train
11796,test
11797,train
11798,test
11799,train
11800,test
11801,train
11802,test
11803,train
11804,test
11805,train
11806,train
11807,train
11808,train
11809,test
11810,train
11811,train
11812,test
11813,test
11814,test
11815,train
11816,train
11817,train
11818,train
11819,test
11820,train
11821,train
11822,train
11823,train
11824,test
11825,train
11826,train
11827,train
11828,test
11829,train
11830,train
11831,train
11832,train
11833,train
11834,test
11835,test
11836,train
11837,train
11838,train
11839,train
11840,train
11841,train
11842,train
11843,train
11844,train
11845,train
11846,train
11847,train
11848,train
11849,train
11850,train
11851,train
11852,train
11853,train
11854,train
11855,train
11856,train
11857,train
11858,train
11859,train
11860,train
11861,train
11862,train
11863,train
11864,train
11865,train
11866,train
11867,train
11868,train
11869,train
11870,train
11871,train
11872,test
11873,train
11874,train
11875,train
11876,test
11877,train
11878,train
11879,test
11880,train
11881,train
11882,train
11883,train
11884,train
11885,test
11886,train
11887,train
11888,train
11889,train
11890,train
11891,test
11892,test
11893,train
11894,train
11895,train
11896,test
11897,test
11898,test
11899,train
11900,train
11901,train
11902,train
11903,test
11904,train
11905,train
11906,train
11907,train
11908,train
11909,train
11910,test
11911,train
11912,train
11913,train
11914,train
11915,train
11916,train
11917,train
11918,train
11919,test
11920,train
11921,train
11922,train
11923,train
11924,train
11925,train
11926,train
11927,train
11928,train
11929,test
11930,train
11931,train
11932,train
11933,train
11934,train
11935,train
11936,train
11937,test
11938,train
11939,test
11940,train
11941,train
11942,train
11943,test
11944,train
11945,train
11946,train
11947,train
11948,test
11949,train
11950,train
11951,test
11952,train
11953,test
11954,test
11955,train
11956,train
11957,train
11958,train
11959,train
11960,train
11961,train
11962,test
11963,train
11964,train
11965,train
11966,train
11967,train
11968,train
11969,train
11970,train
11971,train
11972,train
11973,train
11974,train
11975,test
11976,train
11977,train
11978,train
11979,train
11980,test
11981,train
11982,train
11983,train
11984,train
11985,train
11986,train
11987,train
11988,train
11989,test
11990,train
11991,train
11992,train
11993,train
11994,test
11995,train
11996,train
11997,train
11998,train
11999,train
12000,train
12001,train
12002,test
12003,train
12004,train
12005,train
12006,train
12007,test
12008,test
12009,train
12010,train
12011,test
12012,test
12013,test
12014,train
12015,test
12016,train
12017,train
12018,train
12019,train
12020,train
12021,train
12022,train
12023,test
12024,test
12025,train
12026,train
12027,train
12028,train
12029,train
12030,train
12031,train
12032,test
12033,test
12034,train
12035,train
12036,train
12037,train
12038,train
12039,train
12040,train
12041,train
12042,train
12043,train
12044,train
12045,train
12046,train
12047,train
12048,train
12049,train
12050,train
12051,train
12052,test
12053,train
12054,train
12055,train
12056,train
12057,train
12058,train
12059,test
12060,train
12061,train
12062,train
12063,train
12064,train
12065,train
12066,test
12067,train
12068,train
12069,train
12070,train
12071,train
12072,test
12073,train
12074,train
12075,test
12076,train
12077,train
12078,test
12079,train
12080,train
12081,train
12082,train
12083,train
12084,train
12085,train
12086,train
12087,train
12088,train
12089,train
12090,train
12091,train
12092,test
12093,train
12094,train
12095,train
12096,train
12097,train
12098,test
12099,train
12100,test
12101,train
12102,train
12103,train
12104,train
12105,test
12106,train
12107,train
12108,test
12109,test
12110,train
12111,train
12112,train
12113,train
12114,test
12115,train
12116,train
12117,train
12118,train
12119,train
12120,train
12121,train
12122,train
12123,train
12124,train
12125,train
12126,train
12127,train
12128,train
12129,train
12130,train
12131,test
12132,train
12133,train
12134,train
12135,train
12136,train
12137,train
12138,train
12139,train
12140,test
12141,train
12142,train
12143,train
12144,train
12145,train
12146,train
12147,train
12148,train
12149,train
12150,train
12151,train
12152,train
12153,train
12154,train
12155,train
12156,train
12157,train
12158,test
12159,train
12160,train
12161,train
12162,train
12163,train
12164,train
12165,train
12166,train
12167,train
12168,test
12169,train
12170,train
12171,train
12172,train
12173,train
12174,test
12175,test
12176,train
12177,train
12178,test
12179,test
12180,train
12181,train
12182,train
12183,train
12184,train
12185,train
12186,train
12187,test
12188,train
12189,train
12190,train
12191,train
12192,test
12193,test
12194,train
12195,test
12196,train
12197,test
12198,train
12199,train
12200,test
12201,train
12202,train
12203,train
12204,train
12205,train
12206,test
12207,train
12208,train
12209,test
12210,train
12211,train
12212,train
12213,train
12214,test
12215,train
12216,train
12217,train
12218,train
12219,train
12220,test
12221,train
12222,test
12223,train
12224,train
12225,test
12226,train
12227,test
12228,train
12229,train
12230,train
12231,train
12232,train
12233,train
12234,train
12235,train
12236,train
12237,train
12238,train
12239,test
12240,train
12241,train
12242,train
12243,train
12244,train
12245,train
12246,train
12247,train
12248,train
12249,train
12250,test
12251,train
12252,train
12253,train
12254,train
12255,train
12256,train
12257,test
12258,train
12259,test
12260,train
12261,train
12262,test
12263,train
12264,test
12265,train
12266,train
12267,train
12268,test
12269,train
12270,train
12271,train
12272,train
12273,test
12274,train
12275,train
12276,train
12277,train
12278,train
12279,train
12280,test
12281,train
12282,train
12283,train
12284,train
12285,train
12286,train
12287,train
12288,train
12289,test
12290,train
12291,train
12292,train
12293,test
12294,train
12295,test
12296,train
12297,train
12298,train
12299,train
12300,train
12301,train
12302,train
12303,train
12304,train
12305,train
12306,test
12307,train
12308,test
12309,train
12310,train
12311,train
12312,train
12313,train
12314,train
12315,train
12316,train
12317,train
12318,train
12319,train
12320,train
12321,train
12322,train
12323,train
12324,train
12325,test
12326,test
12327,train
12328,train
12329,train
12330,train
12331,train
12332,train
12333,train
12334,train
12335,train
12336,train
12337,train
12338,test
12339,train
12340,train
12341,train
12342,train
12343,test
12344,train
12345,train
12346,train
12347,train
12348,train
12349,train
12350,train
12351,train
12352,test
12353,train
12354,train
12355,train
12356,train
12357,train
12358,train
12359,test
12360,train
12361,train
12362,train
12363,train
12364,test
12365,train
12366,train
12367,train
12368,train
12369,train
12370,test
12371,train
12372,train
12373,test
12374,test
12375,train
12376,train
12377,train
12378,train
12379,train
12380,train
12381,train
12382,train
12383,train
12384,test
12385,train
12386,train
12387,test
12388,train
12389,train
12390,train
12391,train
12392,train
12393,train
12394,train
12395,train
12396,train
12397,train
12398,test
12399,train
12400,train
12401,train
12402,train
12403,test
12404,train
12405,train
12406,train
12407,test
12408,train
12409,train
12410,train
12411,train
12412,train
12413,train
12414,train
12415,train
12416,train
12417,test
12418,train
12419,train
12420,train
12421,train
12422,train
12423,train
12424,train
12425,train
12426,train
12427,train
12428,train
12429,train
12430,train
12431,train
12432,test
12433,train
12434,train
12435,train
12436,train
12437,train
12438,train
12439,train
12440,train
12441,test
12442,train
12443,train
12444,test
12445,train
12446,train
12447,train
12448,train
12449,train
12450,train
12451,train
12452,train
12453,train
12454,train
12455,train
12456,test
12457,train
12458,train
12459,train
12460,test
12461,train
12462,train
12463,train
12464,train
12465,train
12466,train
12467,train
12468,train
12469,train
12470,train
12471,test
12472,train
12473,train
12474,train
12475,train
12476,train
12477,train
12478,test
12479,train
12480,train
12481,test
12482,train
12483,test
12484,test
12485,train
12486,train
12487,test
12488,train
12489,train
12490,train
12491,train
12492,train
12493,train
12494,train
12495,test
12496,train
12497,train
12498,train
12499,train
12500,train
12501,train
12502,train
12503,train
12504,train
12505,train
12506,test
12507,train
12508,train
12509,train
12510,train
12511,train
12512,train
12513,test
12514,test
12515,train
12516,train
12517,train
12518,train
12519,test
12520,train
12521,train
12522,train
12523,train
12524,train
12525,train
12526,train
12527,train
12528,train
12529,test
12530,train
12531,train
12532,train
12533,train
12534,train
12535,train
12536,train
12537,train
12538,train
12539,test
12540,test
12541,train
12542,train
12543,train
12544,train
12545,train
12546,train
12547,train
12548,train
12549,train
12550,train
12551,test
12552,train
12553,train
12554,test
12555,train
12556,train
12557,train
12558,test
12559,train
12560,train
12561,train
12562,train
12563,train
12564,train
12565,test
12566,train
12567,train
12568,train
12569,train
12570,test
12571,train
12572,train
12573,train
12574,test
12575,train
12576,test
12577,test
12578,train
12579,train
12580,test
12581,train
12582,train
12583,train
12584,train
12585,train
12586,train
12587,train
12588,train
12589,train
12590,train
12591,train
12592,train
12593,train
12594,train
12595,train
12596,train
12597,train
12598,train
12599,train
12600,train
12601,train
12602,train
12603,train
12604,train
12605,train
12606,train
12607,train
12608,train
12609,train
12610,test
12611,train
12612,train
12613,train
12614,train
12615,train
12616,train
12617,train
12618,train
12619,train
12620,test
12621,train
12622,train
12623,train
12624,train
12625,train
12626,train
12627,train
12628,train
12629,train
12630,test
12631,train
12632,train
12633,test
12634,test
12635,train
12636,train
12637,test
12638,train
12639,train
12640,train
12641,train
12642,train
12643,train
12644,train
12645,test
12646,train
12647,train
12648,train
12649,train
12650,train
12651,train
12652,train
12653,train
12654,train
12655,train
12656,test
12657,train
12658,train
12659,train
12660,test
12661,train
12662,train
12663,train
12664,train
12665,train
12666,train
12667,test
12668,train
12669,train
12670,train
12671,test
12672,train
12673,train
12674,train
12675,train
12676,train
12677,train
12678,train
12679,train
12680,train
12681,train
12682,train
12683,test
12684,train
12685,train
12686,train
12687,test
12688,test
12689,train
12690,train
12691,train
12692,test
12693,train
12694,train
12695,train
12696,train
12697,train
12698,train
12699,train
12700,train
12701,train
12702,test
12703,train
12704,train
12705,train
12706,test
12707,train
12708,train
12709,train
12710,train
12711,train
12712,train
12713,train
12714,test
12715,train
12716,test
12717,train
12718,train
12719,train
12720,train
12721,train
12722,test
12723,test
12724,train
12725,train
12726,train
12727,train
12728,train
12729,train
12730,train
12731,train
12732,train
12733,train
12734,test
12735,train
12736,train
12737,train
12738,train
12739,train
12740,train
12741,test
12742,train
12743,test
12744,train
12745,train
12746,train
12747,train
12748,train
12749,train
12750,train
12751,train
12752,train
12753,test
12754,train
12755,train
12756,train
12757,train
12758,train
12759,test
12760,train
12761,train
12762,train
12763,train
12764,train
12765,train
12766,train
12767,train
12768,train
12769,train
12770,train
12771,test
12772,train
12773,train
12774,test
12775,train
12776,train
12777,train
12778,train
12779,train
12780,test
12781,train
12782,test
12783,test
12784,test
12785,test
12786,train
12787,train
12788,train
12789,test
12790,train
12791,train
12792,train
12793,train
12794,train
12795,train
12796,train
12797,train
12798,train
12799,train
12800,train
12801,train
12802,train
12803,train
12804,train
12805,train
12806,test
12807,train
12808,train
12809,train
12810,train
12811,train
12812,train
12813,train
12814,train
12815,train
12816,train
12817,train
12818,train
12819,train
12820,train
12821,train
12822,train
12823,train
12824,train
12825,train
12826,train
12827,train
12828,train
12829,train
12830,train
12831,train
12832,train
12833,train
12834,test
12835,train
12836,train
12837,train
12838,train
12839,train
12840,train
12841,train
12842,train
12843,train
12844,train
12845,train
12846,train
12847,test
12848,test
12849,test
12850,test
12851,train
12852,test
12853,train
12854,train
12855,train
12856,train
12857,train
12858,train
12859,train
12860,train
12861,train
12862,train
12863,train
12864,train
12865,train
12866,test
12867,train
12868,test
12869,train
12870,train
12871,train
12872,train
12873,train
12874,test
12875,train
12876,train
12877,train
12878,test
12879,test
12880,test
12881,train
12882,train
12883,test
12884,train
12885,test
12886,train
12887,train
12888,train
12889,train
12890,train
12891,train
12892,train
12893,train
12894,train
12895,train
12896,train
12897,train
12898,test
12899,train
12900,train
12901,train
12902,train
12903,train
12904,train
12905,test
12906,train
12907,train
12908,test
12909,train
12910,train
12911,test
12912,train
12913,train
12914,train
12915,train
12916,train
12917,test
12918,train
12919,test
12920,test
12921,train
12922,train
12923,train
12924,test
12925,train
12926,train
12927,train
12928,test
12929,train
12930,train
12931,train
12932,test
12933,train
12934,train
12935,train
12936,train
12937,train
12938,train
12939,test
12940,train
12941,train
12942,test
12943,train
12944,train
12945,train
12946,train
12947,train
12948,train
12949,train
12950,train
12951,train
12952,train
12953,train
12954,test
12955,train
12956,train
12957,test
12958,train
12959,train
12960,test
12961,test
12962,train
12963,train
12964,train
12965,train
12966,train
12967,train
12968,test
12969,train
12970,train
12971,train
12972,train
12973,train
12974,test
12975,train
12976,test
12977,train
12978,test
12979,train
12980,test
12981,train
12982,train
12983,test
12984,train
12985,test
12986,train
12987,train
12988,test
12989,train
12990,train
12991,train
12992,train
12993,train
12994,train
12995,test
12996,train
12997,train
12998,train
12999,train
13000,test
13001,train
13002,train
13003,train
13004,train
13005,test
13006,train
13007,train
13008,train
13009,test
13010,train
13011,train
13012,train
13013,train
13014,train
13015,train
13016,train
13017,train
13018,train
13019,train
13020,train
13021,test
13022,train
13023,train
13024,train
13025,train
13026,test
13027,train
13028,test
13029,test
13030,train
13031,train
13032,train
13033,train
13034,train
13035,train
13036,test
13037,train
13038,train
13039,test
13040,train
13041,train
13042,train
13043,train
13044,train
13045,test
13046,test
13047,train
13048,train
13049,train
13050,train
13051,train
13052,train
13053,train
13054,train
13055,train
13056,train
13057,test
13058,train
13059,train
13060,train
13061,train
13062,train
13063,train
13064,train
13065,test
13066,train
13067,train
13068,test
13069,train
13070,train
13071,train
13072,test
13073,train
13074,train
13075,test
13076,train
13077,test
13078,train
13079,train
13080,test
13081,train
13082,train
13083,test
13084,train
13085,train
13086,train
13087,train
13088,train
13089,train
13090,train
13091,train
13092,test
13093,train
13094,train
13095,train
13096,test
13097,train
13098,train
13099,train
13100,train
13101,train
13102,test
13103,train
13104,test
13105,train
13106,train
13107,train
13108,train
13109,train
13110,train
13111,train
13112,train
13113,test
13114,train
13115,train
13116,train
13117,test
13118,test
13119,train
13120,train
13121,train
13122,train
13123,train
13124,train
13125,train
13126,train
13127,train
13128,train
13129,train
13130,train
13131,train
13132,test
13133,train
13134,train
13135,test
13136,train
13137,train
13138,train
13139,train
13140,train
13141,train
13142,train
13143,test
13144,train
13145,train
13146,train
13147,train
13148,train
13149,train
13150,test
13151,train
13152,train
13153,train
13154,train
13155,test
13156,test
13157,train
13158,train
13159,train
13160,test
13161,test
13162,train
13163,train
13164,train
13165,train
13166,train
13167,train
13168,train
13169,train
13170,train
13171,train
13172,train
13173,test
13174,train
13175,test
13176,train
13177,train
13178,train
13179,train
13180,test
13181,train
13182,train
13183,train
13184,train
13185,train
13186,test
13187,test
13188,train
13189,train
13190,test
13191,test
13192,train
13193,test
13194,train
13195,train
13196,train
13197,test
13198,train
13199,test
13200,train
13201,test
13202,train
13203,train
13204,train
13205,train
13206,train
13207,train
13208,train
13209,test
13210,train
13211,train
13212,train
13213,train
13214,train
13215,train
13216,train
13217,train
13218,train
13219,train
13220,train
13221,train
13222,train
13223,train
13224,train
13225,test
13226,train
13227,test
13228,train
13229,train
13230,train
13231,train
13232,train
13233,test
13234,train
13235,test
13236,train
13237,train
13238,train
13239,train
13240,train
13241,test
13242,train
13243,train
13244,test
13245,test
13246,train
13247,train
13248,train
13249,train
13250,train
13251,train
13252,train
13253,train
13254,train
13255,train
13256,test
13257,train
13258,train
13259,train
13260,train
13261,test
13262,train
13263,train
13264,train
13265,train
13266,train
13267,test
13268,train
13269,train
13270,train
13271,test
13272,train
13273,train
13274,train
13275,train
13276,test
13277,train
13278,test
13279,test
13280,train
13281,train
13282,train
13283,train
13284,train
13285,test
13286,train
13287,train
13288,train
13289,train
13290,train
13291,train
13292,train
13293,train
13294,train
13295,test
13296,train
13297,train
13298,train
13299,train
13300,train
13301,train
13302,test
13303,test
13304,train
13305,train
13306,train
13307,train
13308,train
13309,train
13310,train
13311,test
13312,train
13313,train
13314,train
13315,train
13316,train
13317,train
13318,train
13319,train
13320,test
13321,train
13322,train
13323,train
13324,train
13325,train
13326,train
13327,test
13328,train
13329,train
13330,train
13331,train
13332,train
13333,train
13334,test
13335,train
13336,train
13337,train
13338,train
13339,test
13340,train
13341,train
13342,train
13343,train
13344,train
13345,train
13346,train
13347,train
13348,train
13349,train
13350,train
13351,train
13352,test
13353,test
13354,train
13355,train
13356,train
13357,train
13358,train
13359,test
13360,train
13361,train
13362,test
13363,train
13364,train
13365,train
13366,train
13367,train
13368,train
13369,train
13370,train
13371,train
13372,test
13373,train
13374,train
13375,test
13376,train
13377,train
13378,train
13379,train
13380,train
13381,train
13382,test
13383,train
13384,train
13385,train
13386,train
13387,test
13388,train
13389,test
13390,train
13391,train
13392,train
13393,train
13394,train
13395,train
13396,train
13397,test
13398,test
13399,test
13400,train
13401,test
13402,train
13403,test
13404,test
13405,train
13406,test
13407,train
13408,train
13409,train
13410,train
13411,test
13412,train
13413,train
13414,train
13415,train
13416,test
13417,train
13418,train
13419,train
13420,train
13421,test
13422,train
13423,train
13424,test
13425,train
13426,train
13427,train
13428,train
13429,train
13430,train
13431,train
13432,train
13433,train
13434,test
13435,train
13436,train
13437,train
13438,test
13439,test
13440,train
13441,test
13442,train
13443,train
13444,test
13445,train
13446,train
13447,train
13448,train
13449,train
13450,test
13451,test
13452,train
13453,train
13454,train
13455,train
13456,train
13457,train
13458,test
13459,test
13460,train
13461,train
13462,train
13463,train
13464,train
13465,train
13466,train
13467,train
13468,test
13469,test
13470,train
13471,train
13472,test
13473,test
13474,test
13475,train
13476,test
13477,train
13478,train
13479,train
13480,test
13481,train
13482,train
13483,train
13484,train
13485,train
13486,train
13487,train
13488,train
13489,test
13490,train
13491,train
13492,train
13493,train
13494,train
13495,train
13496,train
13497,train
13498,train
13499,train
13500,test
13501,train
13502,train
13503,train
13504,train
13505,train
13506,test
13507,test
13508,train
13509,train
13510,train
13511,test
13512,train
13513,test
13514,train
13515,test
13516,train
13517,train
13518,train
13519,train
13520,test
13521,test
13522,train
13523,train
13524,train
13525,train
13526,train
13527,train
13528,train
13529,train
13530,test
13531,train
13532,train
13533,train
13534,train
13535,train
13536,train
13537,train
13538,test
13539,train
13540,train
13541,train
13542,train
13543,train
13544,train
13545,train
13546,train
13547,test
13548,test
13549,train
13550,train
13551,test
13552,train
13553,train
13554,train
13555,train
13556,train
13557,train
13558,train
13559,train
13560,train
13561,train
13562,test
13563,train
13564,train
13565,test
13566,train
13567,train
13568,train
13569,test
13570,train
13571,train
13572,test
13573,train
13574,train
13575,train
13576,train
13577,train
13578,train
13579,test
13580,train
13581,test
13582,test
13583,train
13584,train
13585,train
13586,train
13587,train
13588,test
13589,train
13590,train
13591,train
13592,train
13593,train
13594,train
13595,test
13596,train
13597,test
13598,test
13599,train
13600,train
13601,test
13602,train
13603,train
13604,test
13605,train
13606,test
13607,train
13608,train
13609,test
13610,train
13611,train
13612,train
13613,test
13614,train
13615,train
13616,train
13617,test
13618,train
13619,test
13620,test
13621,train
13622,train
13623,train
13624,train
13625,train
13626,train
13627,train
13628,train
13629,train
13630,train
13631,train
13632,train
13633,train
13634,test
13635,train
13636,train
13637,train
13638,test
13639,train
13640,train
13641,train
13642,train
13643,train
13644,train
13645,train
13646,train
13647,train
13648,train
13649,test
13650,train
13651,train
13652,test
13653,train
13654,train
13655,train
13656,train
13657,train
13658,train
13659,train
13660,train
13661,train
13662,test
13663,test
13664,train
13665,train
13666,train
13667,train
13668,test
13669,test
13670,train
13671,train
13672,train
13673,train
13674,train
13675,test
13676,train
13677,train
13678,train
13679,train
13680,train
13681,train
13682,train
13683,train
13684,train
13685,test
13686,train
13687,train
13688,train
13689,train
13690,train
13691,train
13692,train
13693,train
13694,train
13695,test
13696,train
13697,train
13698,train
13699,train
13700,train
13701,train
13702,test
13703,train
13704,train
13705,test
13706,train
13707,train
13708,train
13709,train
13710,train
13711,test
13712,train
13713,train
13714,train
13715,train
13716,train
13717,train
13718,train
13719,train
13720,train
13721,test
13722,train
13723,test
13724,train
13725,train
13726,test
13727,train
13728,train
13729,train
13730,train
13731,train
13732,test
13733,train
13734,train
13735,train
13736,train
13737,test
13738,test
13739,train
13740,train
13741,train
13742,train
13743,train
13744,train
13745,train
13746,train
13747,train
13748,train
13749,train
13750,test
13751,train
13752,train
13753,train
13754,test
13755,train
13756,train
13757,train
13758,train
13759,test
13760,test
13761,train
13762,test
13763,train
13764,train
13765,test
13766,train
13767,train
13768,train
13769,test
13770,train
13771,train
13772,test
13773,train
13774,train
13775,train
13776,train
13777,train
13778,train
13779,test
13780,train
13781,train
13782,train
13783,train
13784,train
13785,train
13786,test
13787,train
13788,train
13789,test
13790,train
13791,train
13792,train
13793,train
13794,train
13795,train
13796,train
13797,train
13798,train
13799,train
13800,train
13801,train
13802,train
13803,train
13804,train
13805,train
13806,train
13807,train
13808,train
13809,test
13810,train
13811,train
13812,train
13813,train
13814,train
13815,train
13816,train
13817,train
13818,train
13819,test
13820,train
13821,train
13822,train
13823,train
13824,train
13825,train
13826,train
13827,train
13828,train
13829,train
13830,train
13831,train
13832,train
13833,train
13834,train
13835,train
13836,train
13837,train
13838,train
13839,test
13840,train
13841,train
13842,train
13843,test
13844,train
13845,train
13846,train
13847,test
13848,test
13849,test
13850,train
13851,train
13852,train
13853,train
13854,train
13855,test
13856,train
13857,train
13858,train
13859,test
13860,train
13861,train
13862,train
13863,train
13864,train
13865,test
13866,train
13867,train
13868,train
13869,train
13870,train
13871,train
13872,train
13873,train
13874,test
13875,test
13876,train
13877,train
13878,train
13879,train
13880,train
13881,train
13882,train
13883,train
13884,train
13885,train
13886,train
13887,test
13888,train
13889,train
13890,test
13891,test
13892,test
13893,train
13894,train
13895,test
13896,train
13897,train
13898,test
13899,train
13900,train
13901,train
13902,train
13903,train
13904,train
13905,train
13906,train
13907,train
13908,train
13909,test
13910,train
13911,test
13912,train
13913,train
13914,train
13915,test
13916,test
13917,train
13918,train
13919,train
13920,test
13921,train
13922,train
13923,train
13924,train
13925,train
13926,train
13927,train
13928,train
13929,train
13930,train
13931,train
13932,train
13933,train
13934,test
13935,test
13936,train
13937,test
13938,train
13939,train
13940,train
13941,train
13942,train
13943,train
13944,test
13945,test
13946,test
13947,train
13948,train
13949,train
13950,test
13951,test
13952,test
13953,train
13954,train
13955,train
13956,train
13957,train
13958,train
13959,train
13960,test
13961,train
13962,test
13963,train
13964,train
13965,train
13966,train
13967,train
13968,test
13969,train
13970,train
13971,train
13972,train
13973,test
13974,train
13975,train
13976,train
13977,train
13978,train
13979,train
13980,train
13981,train
13982,train
13983,train
13984,test
13985,test
13986,train
13987,train
13988,train
13989,train
13990,train
13991,train
13992,train
13993,train
13994,train
13995,test
13996,train
13997,train
13998,train
13999,train
14000,train
14001,train
14002,test
14003,train
14004,train
14005,train
14006,test
14007,train
14008,train
14009,train
14010,test
14011,test
14012,train
14013,test
14014,train
14015,test
14016,train
14017,train
14018,train
14019,test
14020,train
14021,train
14022,train
14023,test
14024,train
14025,train
14026,train
14027,train
14028,train
14029,train
14030,train
14031,train
14032,train
14033,test
14034,train
14035,test
14036,test
14037,train
14038,test
14039,train
14040,train
14041,test
14042,train
14043,train
14044,train
14045,train
14046,train
14047,train
14048,train
14049,train
14050,train
14051,train
14052,train
14053,train
14054,train
14055,train
14056,train
14057,train
14058,train
14059,train
14060,test
14061,train
14062,test
14063,train
14064,train
14065,train
14066,train
14067,test
14068,train
14069,test
14070,train
14071,train
14072,train
14073,train
14074,train
14075,test
14076,train
14077,train
14078,train
14079,train
14080,train
14081,train
14082,train
14083,train
14084,train
14085,train
14086,train
14087,train
14088,train
14089,train
14090,train
14091,train
14092,train
14093,test
14094,train
14095,test
14096,train
14097,test
14098,train
14099,train
14100,test
14101,train
14102,train
14103,train
14104,test
14105,train
14106,test
14107,train
14108,train
14109,train
14110,train
14111,train
14112,train
14113,train
14114,train
14115,train
14116,train
14117,train
14118,train
14119,train
14120,train
14121,train
14122,test
14123,train
14124,train
14125,train
14126,train
14127,train
14128,train
14129,train
14130,train
14131,test
14132,train
14133,train
14134,train
14135,train
14136,test
14137,train
14138,test
14139,train
14140,train
14141,train
14142,test
14143,test
14144,train
14145,train
14146,test
14147,test
14148,train
14149,test
14150,train
14151,test
14152,train
14153,train
14154,train
14155,test
14156,train
14157,train
14158,train
14159,train
14160,test
14161,train
14162,train
14163,test
14164,train
14165,train
14166,train
14167,train
14168,train
14169,train
14170,train
14171,test
14172,test
14173,train
14174,train
14175,train
14176,train
14177,train
14178,train
14179,train
14180,train
14181,train
14182,train
14183,train
14184,test
14185,train
14186,train
14187,train
14188,train
14189,train
14190,test
14191,train
14192,train
14193,train
14194,train
14195,train
14196,train
14197,train
14198,train
14199,train
14200,train
14201,train
14202,train
14203,train
14204,test
14205,test
14206,train
14207,train
14208,test
14209,train
14210,train
14211,test
14212,train
14213,train
14214,train
14215,train
14216,train
14217,train
14218,train
14219,train
14220,train
14221,train
14222,train
14223,train
14224,train
14225,test
14226,train
14227,train
14228,train
14229,train
14230,test
14231,train
14232,train
14233,train
14234,train
14235,train
14236,test
14237,test
14238,train
14239,train
14240,train
14241,train
14242,train
14243,test
14244,test
14245,test
14246,train
14247,train
14248,train
14249,train
14250,test
14251,train
14252,train
14253,train
14254,train
14255,train
14256,train
14257,train
14258,train
14259,train
14260,train
14261,test
14262,train
14263,train
14264,train
14265,test
14266,test
14267,test
14268,train
14269,train
14270,test
14271,train
14272,train
14273,train
14274,train
14275,test
14276,train
14277,train
14278,train
14279,train
14280,train
14281,train
14282,train
14283,train
14284,train
14285,train
14286,train
14287,train
14288,test
14289,train
14290,test
14291,train
14292,train
14293,test
14294,train
14295,train
14296,test
14297,train
14298,test
14299,train
14300,test
14301,train
14302,train
14303,train
14304,train
14305,train
14306,train
14307,test
14308,train
14309,train
14310,train
14311,train
14312,test
14313,train
14314,test
14315,train
14316,train
14317,test
14318,train
14319,test
14320,train
14321,train
14322,train
14323,train
14324,train
14325,train
14326,test
14327,train
14328,test
14329,train
14330,test
14331,train
14332,train
14333,train
14334,train
14335,test
14336,train
14337,train
14338,train
14339,train
14340,train
14341,train
14342,train
14343,train
14344,train
14345,train
14346,test
14347,test
14348,train
14349,train
14350,train
14351,test
14352,train
14353,train
14354,train
14355,test
14356,train
14357,test
14358,train
14359,train
14360,test
14361,train
14362,train
14363,train
14364,train
14365,train
14366,test
14367,train
14368,train
14369,train
14370,train
14371,train
14372,test
14373,test
14374,test
14375,train
14376,train
14377,train
14378,test
14379,train
14380,train
14381,train
14382,test
14383,train
14384,train
14385,train
14386,train
14387,train
14388,train
14389,train
14390,train
14391,train
14392,train
14393,train
14394,train
14395,train
14396,test
14397,train
14398,train
14399,train
14400,test
14401,train
14402,test
14403,train
14404,train
14405,train
14406,train
14407,train
14408,test
14409,train
14410,train
14411,train
14412,test
14413,test
14414,train
14415,train
14416,train
14417,train
14418,train
14419,train
14420,train
14421,test
14422,train
14423,test
14424,train
14425,train
14426,test
14427,train
14428,train
14429,train
14430,train
14431,train
14432,train
14433,train
14434,test
14435,train
14436,train
14437,train
14438,train
14439,train
14440,train
14441,train
14442,test
14443,train
14444,train
14445,train
14446,train
14447,train
14448,train
14449,train
14450,test
14451,train
14452,train
14453,train
14454,train
14455,test
14456,train
14457,train
14458,train
14459,train
14460,train
14461,train
14462,test
14463,train
14464,train
14465,train
14466,train
14467,train
14468,train
14469,train
14470,train
14471,train
14472,test
14473,train
14474,train
14475,train
14476,train
14477,train
14478,train
14479,test
14480,train
14481,train
14482,train
14483,test
14484,train
14485,train
14486,train
14487,test
14488,train
14489,train
14490,train
14491,test
14492,test
14493,train
14494,test
14495,train
14496,train
14497,train
14498,test
14499,train
14500,test
14501,train
14502,train
14503,train
14504,train
14505,train
14506,train
14507,train
14508,train
14509,train
14510,train
14511,train
14512,test
14513,train
14514,train
14515,train
14516,train
14517,test
14518,train
14519,train
14520,train
14521,train
14522,train
14523,train
14524,train
14525,train
14526,train
14527,train
14528,train
14529,train
14530,train
14531,train
14532,train
14533,train
14534,train
14535,train
14536,train
14537,test
14538,train
14539,train
14540,train
14541,train
14542,train
14543,train
14544,train
14545,train
14546,train
14547,test
14548,test
14549,train
14550,train
14551,test
14552,test
14553,train
14554,train
14555,train
14556,train
14557,train
14558,train
14559,train
14560,train
14561,train
14562,train
14563,train
14564,train
14565,test
14566,train
14567,train
14568,train
14569,train
14570,train
14571,train
14572,train
14573,test
14574,train
14575,test
14576,train
14577,train
14578,train
14579,train
14580,test
14581,train
14582,train
14583,train
14584,train
14585,train
14586,train
14587,test
14588,train
14589,train
14590,train
14591,train
14592,train
14593,test
14594,train
14595,test
14596,train
14597,test
14598,test
14599,train
14600,train
14601,train
14602,train
14603,train
14604,test
14605,train
14606,train
14607,test
14608,train
14609,train
14610,train
14611,test
14612,train
14613,test
14614,train
14615,train
14616,train
14617,test
14618,train
14619,train
14620,train
14621,train
14622,test
14623,test
14624,train
14625,train
14626,test
14627,train
14628,train
14629,test
14630,train
14631,train
14632,train
14633,test
14634,train
14635,train
14636,test
14637,test
14638,train
14639,train
14640,train
14641,test
14642,test
14643,train
14644,train
14645,train
14646,train
14647,train
14648,train
14649,train
14650,train
14651,train
14652,test
14653,test
14654,test
14655,train
14656,test
14657,train
14658,train
14659,train
14660,train
14661,test
14662,train
14663,train
14664,test
14665,test
14666,train
14667,train
14668,train
14669,train
14670,train
14671,train
14672,train
14673,train
14674,test
14675,train
14676,train
14677,train
14678,test
14679,train
14680,test
14681,train
14682,test
14683,test
14684,test
14685,train
14686,train
14687,train
14688,train
14689,train
14690,train
14691,train
14692,test
14693,train
14694,train
14695,train
14696,train
14697,train
14698,train
14699,train
14700,train
14701,test
14702,train
14703,train
14704,test
14705,train
14706,train
14707,train
14708,train
14709,train
14710,train
14711,train
14712,test
14713,train
14714,train
14715,train
14716,train
14717,train
14718,train
14719,train
14720,train
14721,train
14722,test
14723,train
14724,train
14725,train
14726,train
14727,test
14728,test
14729,test
14730,train
14731,train
14732,train
14733,train
14734,train
14735,train
14736,test
14737,train
14738,train
14739,train
14740,test
14741,train
14742,train
14743,train
14744,train
14745,train
14746,test
14747,test
14748,test
14749,train
14750,train
14751,train
14752,train
14753,train
14754,train
14755,train
14756,train
14757,train
14758,test
14759,train
14760,train
14761,train
14762,train
14763,train
14764,train
14765,train
14766,train
14767,train
14768,train
14769,test
14770,train
14771,test
14772,train
14773,train
14774,train
14775,train
14776,train
14777,train
14778,test
14779,train
14780,train
14781,train
14782,train
14783,test
14784,train
14785,test
14786,train
14787,test
14788,train
14789,test
14790,train
14791,test
14792,train
14793,train
14794,train
14795,train
14796,test
14797,train
14798,train
14799,train
14800,test
14801,train
14802,train
14803,train
14804,train
14805,test
14806,train
14807,train
14808,train
14809,test
14810,train
14811,test
14812,test
14813,train
14814,train
14815,test
14816,train
14817,train
14818,train
14819,test
14820,train
14821,train
14822,train
14823,train
14824,train
14825,train
14826,train
14827,train
14828,train
14829,train
14830,test
14831,train
14832,train
14833,train
14834,test
14835,train
14836,test
14837,train
14838,train
14839,train
14840,test
14841,train
14842,train
14843,train
14844,test
14845,train
14846,train
14847,train
14848,train
14849,train
14850,test
14851,train
14852,train
14853,test
14854,train
14855,train
14856,test
14857,train
14858,test
14859,train
14860,test
14861,train
14862,train
14863,train
14864,train
14865,train
14866,test
14867,test
14868,test
14869,train
14870,train
14871,train
14872,train
14873,test
14874,train
14875,train
14876,train
14877,train
14878,train
14879,test
14880,train
14881,train
14882,test
14883,train
14884,train
14885,train
14886,test
14887,train
14888,test
14889,train
14890,train
14891,train
14892,train
14893,train
14894,train
14895,train
14896,train
14897,train
14898,train
14899,train
14900,train
14901,train
14902,train
14903,train
14904,train
14905,train
14906,test
14907,train
14908,train
14909,train
14910,train
14911,train
14912,train
14913,train
14914,train
14915,train
14916,train
14917,train
14918,train
14919,train
14920,test
14921,train
14922,train
14923,train
14924,train
14925,train
14926,train
14927,train
14928,train
14929,train
14930,test
14931,test
14932,train
14933,test
14934,train
14935,train
14936,train
14937,train
14938,train
14939,train
14940,train
14941,train
14942,train
14943,train
14944,train
14945,train
14946,train
14947,train
14948,train
14949,train
14950,train
14951,train
14952,test
14953,train
14954,train
14955,train
14956,train
14957,test
14958,test
14959,train
14960,train
14961,train
14962,train
14963,train
14964,test
14965,test
14966,test
14967,test
14968,train
14969,test
14970,train
14971,test
14972,train
14973,train
14974,train
14975,train
14976,test
14977,test
14978,test
14979,test
14980,train
14981,train
14982,train
14983,train
14984,train
14985,train
14986,test
14987,test
14988,test
14989,train
14990,train
14991,test
14992,train
14993,train
14994,train
14995,test
14996,train
14997,train
14998,train
14999,train
15000,train
15001,train
15002,train
15003,test
15004,train
15005,train
15006,test
15007,train
15008,train
15009,train
15010,train
15011,train
15012,train
15013,train
15014,train
15015,test
15016,train
15017,train
15018,train
15019,train
15020,train
15021,test
15022,train
15023,train
15024,train
15025,train
15026,test
15027,train
15028,train
15029,train
15030,test
15031,train
15032,train
15033,test
15034,train
15035,train
15036,test
15037,train
15038,test
15039,train
15040,test
15041,train
15042,test
15043,train
15044,train
15045,train
15046,train
15047,train
15048,train
15049,train
15050,train
15051,train
15052,test
15053,test
15054,train
15055,train
15056,train
15057,test
15058,train
15059,train
15060,test
15061,train
15062,train
15063,train
15064,train
15065,test
15066,test
15067,train
15068,train
15069,train
15070,train
15071,test
15072,test
15073,train
15074,train
15075,train
15076,train
15077,train
15078,train
15079,train
15080,test
15081,train
15082,train
15083,train
15084,train
15085,train
15086,train
15087,train
15088,train
15089,train
15090,train
15091,test
15092,train
15093,train
15094,train
15095,train
15096,train
15097,test
15098,train
15099,train
15100,train
15101,train
15102,train
15103,train
15104,train
15105,train
15106,test
15107,train
15108,train
15109,train
15110,train
15111,train
15112,train
15113,train
15114,train
15115,test
15116,train
15117,train
15118,train
15119,test
15120,train
15121,test
15122,train
15123,test
15124,train
15125,train
15126,train
15127,train
15128,train
15129,test
15130,train
15131,train
15132,train
15133,train
15134,train
15135,train
15136,train
15137,train
15138,train
15139,test
15140,test
15141,train
15142,train
15143,test
15144,train
15145,train
15146,test
15147,test
15148,train
15149,train
15150,train
15151,test
15152,train
15153,train
15154,train
15155,train
15156,train
15157,train
15158,train
15159,train
15160,train
15161,test
15162,test
15163,train
15164,train
15165,train
15166,train
15167,train
15168,train
15169,train
15170,test
15171,train
15172,train
15173,train
15174,train
15175,train
15176,test
15177,train
15178,train
15179,train
15180,train
15181,train
15182,train
15183,train
15184,test
15185,train
15186,test
15187,train
15188,train
15189,train
15190,train
15191,train
15192,train
15193,test
15194,train
15195,train
15196,train
15197,test
15198,test
15199,test
15200,train
15201,train
15202,train
15203,train
15204,train
15205,train
15206,train
15207,train
15208,test
15209,train
15210,test
15211,train
15212,train
15213,test
15214,train
15215,train
15216,train
15217,train
15218,train
15219,train
15220,test
15221,train
15222,test
15223,train
15224,train
15225,train
15226,test
15227,test
15228,train
15229,train
15230,test
15231,test
15232,train
15233,train
15234,train
15235,train
15236,train
15237,train
15238,train
15239,train
15240,train
15241,train
15242,train
15243,train
15244,train
15245,train
15246,train
15247,train
15248,test
15249,train
15250,train
15251,train
15252,train
15253,train
15254,train
15255,train
15256,test
15257,train
15258,train
15259,train
15260,train
15261,train
15262,train
15263,train
15264,train
15265,test
15266,test
15267,train
15268,train
15269,test
15270,train
15271,train
15272,train
15273,train
15274,train
15275,train
15276,test
15277,train
15278,train
15279,train
15280,train
15281,train
15282,train
15283,train
15284,train
15285,test
15286,train
15287,train
15288,train
15289,test
15290,train
15291,train
15292,train
15293,train
15294,train
15295,train
15296,train
15297,test
15298,test
15299,train
15300,train
15301,train
15302,train
15303,test
15304,train
15305,train
15306,train
15307,test
15308,train
15309,train
15310,train
15311,train
15312,test
15313,train
15314,train
15315,train
15316,test
15317,train
15318,train
15319,test
15320,test
15321,train
15322,train
15323,train
15324,train
15325,test
15326,test
15327,train
15328,train
15329,test
15330,train
15331,test
15332,train
15333,train
15334,test
15335,train
15336,test
15337,train
15338,train
15339,train
15340,test
15341,train
15342,train
15343,test
15344,test
15345,test
15346,test
15347,test
15348,train
15349,test
15350,train
15351,train
15352,train
15353,train
15354,test
15355,train
15356,test
15357,test
15358,test
15359,test
15360,train
15361,train
15362,train
15363,train
15364,train
15365,train
15366,train
15367,train
15368,train
15369,train
15370,train
15371,train
15372,train
15373,train
15374,test
15375,train
15376,train
15377,train
15378,test
15379,train
15380,train
15381,train
15382,train
15383,train
15384,train
15385,train
15386,test
15387,train
15388,train
15389,test
15390,train
15391,test
15392,test
15393,train
15394,train
15395,train
15396,train
15397,train
15398,train
15399,test
15400,train
15401,train
15402,train
15403,train
15404,train
15405,train
15406,train
15407,train
15408,train
15409,train
15410,train
15411,train
15412,train
15413,train
15414,train
15415,train
15416,train
15417,train
15418,train
15419,train
15420,train
15421,test
15422,train
15423,test
15424,train
15425,train
15426,train
15427,test
15428,train
15429,train
15430,test
15431,train
15432,train
15433,train
15434,train
15435,train
15436,train
15437,train
15438,train
15439,test
15440,train
15441,train
15442,train
15443,train
15444,train
15445,train
15446,train
15447,train
15448,train
15449,train
15450,train
15451,train
15452,train
15453,train
15454,train
15455,test
15456,test
15457,train
15458,train
15459,train
15460,train
15461,train
15462,train
15463,train
15464,train
15465,train
15466,train
15467,test
15468,train
15469,train
15470,train
15471,train
15472,train
15473,test
15474,train
15475,train
15476,train
15477,test
15478,test
15479,train
15480,train
15481,train
15482,train
15483,train
15484,train
15485,test
15486,train
15487,train
15488,train
15489,test
15490,train
15491,train
15492,train
15493,train
15494,train
15495,train
15496,train
15497,test
15498,train
15499,train
15500,train
15501,train
15502,train
15503,test
15504,train
15505,train
15506,train
15507,test
15508,test
15509,train
15510,train
15511,train
15512,train
15513,train
15514,train
15515,train
15516,train
15517,test
15518,train
15519,train
15520,train
15521,train
15522,train
15523,train
15524,train
15525,train
15526,train
15527,test
15528,train
15529,train
15530,test
15531,train
15532,train
15533,train
15534,train
15535,test
15536,train
15537,test
15538,train
15539,test
15540,train
15541,test
15542,train
15543,train
15544,train
15545,test
15546,train
15547,train
15548,train
15549,train
15550,train
15551,train
15552,test
15553,test
15554,train
15555,train
15556,train
15557,train
15558,train
15559,train
15560,train
15561,test
15562,train
15563,test
15564,train
15565,train
15566,train
15567,train
15568,train
15569,test
15570,train
15571,train
15572,train
15573,train
15574,train
15575,test
15576,train
15577,train
15578,train
15579,train
15580,train
15581,train
15582,train
15583,train
15584,train
15585,test
15586,train
15587,test
15588,train
15589,train
15590,train
15591,train
15592,test
15593,train
15594,test
15595,train
15596,train
15597,train
15598,test
15599,train
15600,test
15601,test
15602,test
15603,test
15604,train
15605,train
15606,train
15607,train
15608,train
15609,train
15610,test
15611,train
15612,train
15613,train
15614,train
15615,train
15616,train
15617,train
15618,train
15619,test
15620,train
15621,train
15622,test
15623,train
15624,train
15625,train
15626,train
15627,train
15628,train
15629,test
15630,train
15631,train
15632,train
15633,train
15634,train
15635,train
15636,train
15637,train
15638,test
15639,train
15640,train
15641,test
15642,test
15643,train
15644,test
15645,train
15646,train
15647,test
15648,test
15649,train
15650,test
15651,train
15652,train
15653,test
15654,train
15655,test
15656,test
15657,train
15658,test
15659,train
15660,train
15661,train
15662,test
15663,test
15664,train
15665,train
15666,train
15667,test
15668,test
15669,train
15670,test
15671,train
15672,train
15673,test
15674,test
15675,train
15676,train
15677,train
15678,train
15679,train
15680,train
15681,train
15682,train
15683,train
15684,train
15685,train
15686,test
15687,test
15688,train
15689,train
15690,train
15691,test
15692,train
15693,train
15694,train
15695,train
15696,train
15697,train
15698,train
15699,train
15700,train
15701,train
15702,train
15703,train
15704,train
15705,train
15706,train
15707,train
15708,test
15709,train
15710,train
15711,test
15712,train
15713,train
15714,train
15715,train
15716,train
15717,train
15718,train
15719,train
15720,test
15721,train
15722,test
15723,test
15724,test
15725,train
15726,train
15727,train
15728,test
15729,train
15730,train
15731,test
15732,test
15733,train
15734,test
15735,train
15736,train
15737,train
15738,train
15739,train
15740,train
15741,train
15742,train
15743,train
15744,train
15745,train
15746,train
15747,train
15748,train
15749,train
15750,train
15751,train
15752,train
15753,train
15754,train
15755,train
15756,train
15757,train
15758,train
15759,train
15760,train
15761,train
15762,train
15763,train
15764,train
15765,train
15766,test
15767,test
15768,test
15769,train
15770,train
15771,train
15772,train
15773,test
15774,train
15775,train
15776,train
15777,train
15778,train
15779,train
15780,train
15781,train
15782,train
15783,test
15784,test
15785,train
15786,test
15787,test
15788,train
15789,train
15790,train
15791,train
15792,train
15793,train
15794,train
15795,train
15796,train
15797,train
15798,train
15799,train
15800,test
15801,test
15802,test
15803,train
15804,test
15805,train
15806,train
15807,train
15808,train
15809,test
15810,test
15811,test
15812,train
15813,test
15814,train
15815,train
15816,train
15817,train
15818,train
15819,train
15820,train
15821,test
15822,train
15823,train
15824,train
15825,test
15826,train
15827,test
15828,train
15829,train
15830,train
15831,train
15832,test
15833,train
15834,train
15835,train
15836,train
15837,train
15838,test
15839,train
15840,train
15841,test
15842,train
15843,train
15844,test
15845,test
15846,train
15847,train
15848,test
15849,test
15850,test
15851,test
15852,train
15853,train
15854,train
15855,train
15856,train
15857,train
15858,test
15859,train
15860,test
15861,test
15862,train
15863,test
15864,train
15865,train
15866,train
15867,train
15868,train
15869,train
15870,test
15871,train
15872,train
15873,train
15874,test
15875,train
15876,train
15877,train
15878,test
15879,train
15880,test
15881,train
15882,train
15883,test
15884,train
15885,train
15886,train
15887,test
15888,test
15889,train
15890,test
15891,train
15892,train
15893,train
15894,test
15895,train
15896,train
15897,test
15898,train
15899,train
15900,test
15901,train
15902,train
15903,train
15904,test
15905,train
15906,train
15907,train
15908,train
15909,train
15910,train
15911,train
15912,train
15913,train
15914,train
15915,test
15916,train
15917,train
15918,train
15919,train
15920,train
15921,train
15922,train
15923,train
15924,train
15925,train
15926,test
15927,train
15928,train
15929,train
15930,test
15931,train
15932,train
15933,train
15934,train
15935,train
15936,test
15937,train
15938,train
15939,train
15940,train
15941,train
15942,train
15943,test
15944,test
15945,train
15946,train
15947,train
15948,test
15949,train
15950,train
15951,train
15952,test
15953,train
15954,train
15955,train
15956,train
15957,train
15958,test
15959,train
15960,train
15961,test
15962,train
15963,train
15964,train
15965,test
15966,train
15967,train
15968,train
15969,train
15970,train
15971,train
15972,train
15973,test
15974,train
15975,train
15976,train
15977,train
15978,train
15979,train
15980,train
15981,train
15982,train
15983,train
15984,train
15985,test
15986,train
15987,train
15988,train
15989,train
15990,train
15991,train
15992,train
15993,train
15994,train
15995,test
15996,train
15997,train
15998,train
15999,train
16000,train
16001,train
16002,test
16003,test
16004,train
16005,test
16006,train
16007,test
16008,train
16009,train
16010,train
16011,test
16012,test
16013,train
16014,train
16015,train
16016,train
16017,train
16018,train
16019,train
16020,train
16021,train
16022,train
16023,train
16024,train
16025,train
16026,train
16027,train
16028,train
16029,train
16030,test
16031,train
16032,train
16033,train
16034,train
16035,train
16036,train
16037,train
16038,train
16039,train
16040,train
16041,train
16042,train
16043,train
16044,train
16045,train
16046,train
16047,train
16048,train
16049,train
16050,test
16051,test
16052,train
16053,train
16054,test
16055,train
16056,train
16057,train
16058,test
16059,train
16060,train
16061,train
16062,train
16063,train
16064,train
16065,train
16066,train
16067,test
16068,test
16069,train
16070,train
16071,train
16072,train
16073,train
16074,train
16075,test
16076,test
16077,train
16078,test
16079,train
16080,test
16081,train
16082,train
16083,train
16084,train
16085,train
16086,train
16087,test
16088,train
16089,train
16090,train
16091,train
16092,train
16093,train
16094,train
16095,train
16096,train
16097,train
16098,train
16099,train
16100,train
16101,test
16102,test
16103,train
16104,train
16105,test
16106,train
16107,test
16108,train
16109,train
16110,train
16111,train
16112,train
16113,test
16114,train
16115,train
16116,train
16117,test
16118,train
16119,test
16120,train
16121,train
16122,train
16123,train
16124,train
16125,test
16126,train
16127,train
16128,train
16129,train
16130,train
16131,test
16132,train
16133,train
16134,train
16135,train
16136,train
16137,train
16138,train
16139,train
16140,train
16141,train
16142,train
16143,train
16144,test
16145,train
16146,test
16147,train
16148,test
16149,train
16150,train
16151,test
16152,train
16153,train
16154,train
16155,train
16156,test
16157,train
16158,train
16159,train
16160,train
16161,train
16162,train
16163,train
16164,train
16165,test
16166,train
16167,train
16168,train
16169,train
16170,train
16171,train
16172,train
16173,train
16174,test
16175,test
16176,train
16177,train
16178,train
16179,train
16180,train
16181,train
16182,test
16183,test
16184,train
16185,train
16186,test
16187,train
16188,train
16189,test
16190,test
16191,train
16192,train
16193,train
16194,train
16195,test
16196,test
16197,train
16198,train
16199,train
16200,train
16201,train
16202,train
16203,test
16204,train
16205,train
16206,train
16207,train
16208,train
16209,train
16210,train
16211,train
16212,test
16213,train
16214,train
16215,train
16216,train
16217,train
16218,train
16219,train
16220,train
16221,train
16222,test
16223,test
16224,train
16225,train
16226,train
16227,train
16228,train
16229,test
16230,train
16231,train
16232,test
16233,train
16234,train
16235,train
16236,train
16237,train
16238,train
16239,train
16240,train
16241,train
16242,train
16243,train
16244,train
16245,train
16246,train
16247,test
16248,test
16249,train
16250,test
16251,train
16252,train
16253,train
16254,test
16255,train
16256,test
16257,train
16258,train
16259,train
16260,test
16261,train
16262,train
16263,train
16264,test
16265,train
16266,train
16267,test
16268,train
16269,train
16270,train
16271,train
16272,train
16273,test
16274,test
16275,test
16276,test
16277,train
16278,train
16279,train
16280,train
16281,train
16282,train
16283,train
16284,train
16285,train
16286,train
16287,test
16288,train
16289,train
16290,train
16291,test
16292,train
16293,train
16294,train
16295,train
16296,train
16297,test
16298,train
16299,train
16300,train
16301,train
16302,train
16303,test
16304,train
16305,train
16306,train
16307,train
16308,train
16309,train
16310,test
16311,train
16312,train
16313,train
16314,train
16315,train
16316,train
16317,test
16318,train
16319,train
16320,train
16321,train
16322,train
16323,train
16324,train
16325,train
16326,test
16327,train
16328,train
16329,train
16330,train
16331,train
16332,train
16333,train
16334,train
16335,train
16336,train
16337,train
16338,train
16339,train
16340,test
16341,train
16342,train
16343,train
16344,train
16345,train
16346,train
16347,train
16348,train
16349,train
16350,train
16351,test
16352,train
16353,train
16354,test
16355,train
16356,train
16357,train
16358,train
16359,train
16360,train
16361,train
16362,test
16363,train
16364,train
16365,train
16366,train
16367,train
16368,train
16369,train
16370,test
16371,train
16372,train
16373,test
16374,train
16375,test
16376,train
16377,train
16378,train
16379,train
16380,train
16381,train
16382,train
16383,train
16384,train
16385,train
16386,train
16387,train
16388,train
16389,train
16390,train
16391,train
16392,train
16393,train
16394,train
16395,train
16396,train
16397,train
16398,train
16399,test
16400,test
16401,train
16402,test
16403,train
16404,train
16405,train
16406,train
16407,train
16408,test
16409,train
16410,train
16411,test
16412,train
16413,train
16414,train
16415,train
16416,train
16417,train
16418,test
16419,test
16420,train
16421,train
16422,train
16423,train
16424,test
16425,test
16426,train
16427,train
16428,train
16429,train
16430,train
16431,test
16432,train
16433,train
16434,train
16435,train
16436,train
16437,train
16438,train
16439,train
16440,train
16441,test
16442,train
16443,test
16444,train
16445,train
16446,train
16447,train
16448,train
16449,train
16450,train
16451,test
16452,train
16453,train
16454,train
16455,test
16456,train
16457,train
16458,train
16459,train
16460,train
16461,train
16462,train
16463,train
16464,train
16465,train
16466,train
16467,train
16468,train
16469,train
16470,train
16471,train
16472,train
16473,train
16474,train
16475,test
16476,train
16477,train
16478,train
16479,train
16480,train
16481,train
16482,train
16483,train
16484,train
16485,train
16486,train
16487,train
16488,train
16489,train
16490,train
16491,train
16492,train
16493,train
16494,train
16495,test
16496,train
16497,train
16498,train
16499,train
16500,test
16501,train
16502,train
16503,train
16504,train
16505,test
16506,train
16507,test
16508,test
16509,train
16510,train
16511,train
16512,train
16513,train
16514,test
16515,train
16516,train
16517,train
16518,train
16519,train
16520,test
16521,train
16522,train
16523,train
16524,train
16525,train
16526,train
16527,train
16528,train
16529,test
16530,train
16531,train
16532,test
16533,train
16534,test
16535,train
16536,train
16537,test
16538,train
16539,train
16540,train
16541,train
16542,train
16543,train
16544,train
16545,train
16546,train
16547,train
16548,train
16549,train
16550,train
16551,train
16552,train
16553,train
16554,train
16555,train
16556,train
16557,train
16558,test
16559,train
16560,test
16561,train
16562,train
16563,train
16564,train
16565,train
16566,train
16567,train
16568,train
16569,train
16570,train
16571,train
16572,train
16573,test
16574,train
16575,train
16576,train
16577,train
16578,test
16579,train
16580,train
16581,train
16582,test
16583,train
16584,train
16585,train
16586,train
16587,test
16588,train
16589,test
16590,train
16591,train
16592,train
16593,train
16594,test
16595,train
16596,train
16597,train
16598,test
16599,train
16600,train
16601,train
16602,train
16603,train
16604,train
16605,train
16606,test
16607,train
16608,train
16609,train
16610,train
16611,train
16612,train
16613,train
16614,train
16615,train
16616,train
16617,test
16618,train
16619,train
16620,train
16621,train
16622,train
16623,train
16624,train
16625,test
16626,train
16627,train
16628,test
16629,test
16630,train
16631,test
16632,train
16633,test
16634,train
16635,train
16636,train
16637,train
16638,train
16639,test
16640,train
16641,train
16642,train
16643,train
16644,train
16645,train
16646,train
16647,train
16648,train
16649,train
16650,test
16651,train
16652,test
16653,test
16654,test
16655,train
16656,train
16657,train
16658,train
16659,train
16660,train
16661,test
16662,test
16663,train
16664,train
16665,train
16666,test
16667,test
16668,train
16669,train
16670,train
16671,test
16672,train
16673,test
16674,train
16675,test
16676,train
16677,train
16678,train
16679,train
16680,train
16681,test
16682,train
16683,test
16684,test
16685,test
16686,train
16687,train
16688,train
16689,train
16690,train
16691,train
16692,train
16693,train
16694,train
16695,train
16696,train
16697,train
16698,train
16699,train
16700,train
16701,train
16702,test
16703,train
16704,test
16705,train
16706,train
16707,train
16708,train
16709,train
16710,train
16711,train
16712,train
16713,train
16714,test
16715,train
16716,train
16717,train
16718,test
16719,train
16720,train
16721,test
16722,train
16723,train
16724,train
16725,train
16726,train
16727,train
16728,train
16729,train
16730,train
16731,test
16732,train
16733,train
16734,train
16735,train
16736,train
16737,test
16738,test
16739,test
16740,train
16741,train
16742,train
16743,train
16744,test
16745,train
16746,train
16747,train
16748,test
16749,test
16750,train
16751,train
16752,test
16753,test
16754,train
16755,train
16756,train
16757,train
16758,train
16759,train
16760,train
16761,train
16762,train
16763,test
16764,train
16765,train
16766,train
16767,test
16768,train
16769,train
16770,test
16771,train
16772,train
16773,train
16774,train
16775,test
16776,train
16777,test
16778,test
16779,train
16780,train
16781,train
16782,train
16783,test
16784,train
16785,train
16786,train
16787,test
16788,train
16789,test
16790,train
16791,train
16792,train
16793,train
16794,train
16795,train
16796,train
16797,train
16798,test
16799,train
16800,train
16801,train
16802,train
16803,train
16804,train
16805,train
16806,train
16807,test
16808,train
16809,train
16810,train
16811,test
16812,train
16813,train
16814,train
16815,train
16816,test
16817,train
16818,train
16819,train
16820,train
16821,train
16822,train
16823,train
16824,train
16825,train
16826,train
16827,test
16828,test
16829,train
16830,test
16831,train
16832,test
16833,train
16834,train
16835,train
16836,test
16837,train
16838,train
16839,test
16840,train
16841,train
16842,train
16843,train
16844,train
16845,train
16846,train
16847,train
16848,train
16849,train
16850,train
16851,train
16852,test
16853,train
16854,train
16855,test
16856,train
16857,train
16858,train
16859,train
16860,train
16861,test
16862,train
16863,train
16864,train
16865,test
16866,train
16867,train
16868,train
16869,train
16870,train
16871,test
16872,train
16873,train
16874,train
16875,train
16876,test
16877,train
16878,train
16879,train
16880,train
16881,train
16882,train
16883,train
16884,train
16885,train
16886,train
16887,test
16888,train
16889,test
16890,train
16891,train
16892,train
16893,train
16894,test
16895,test
16896,train
16897,train
16898,train
16899,train
16900,test
16901,train
16902,train
16903,train
16904,train
16905,train
16906,train
16907,test
16908,train
16909,train
16910,test
16911,test
16912,train
16913,train
16914,train
16915,train
16916,train
16917,train
16918,test
16919,test
16920,train
16921,train
16922,test
16923,train
16924,test
16925,test
16926,train
16927,train
16928,train
16929,test
16930,train
16931,train
16932,train
16933,train
16934,train
16935,test
16936,train
16937,train
16938,train
16939,train
16940,train
16941,train
16942,train
16943,train
16944,test
16945,train
16946,train
16947,test
16948,train
16949,train
16950,train
16951,train
16952,train
16953,train
16954,train
16955,train
16956,train
16957,train
16958,train
16959,train
16960,train
16961,train
16962,test
16963,train
16964,train
16965,test
16966,train
16967,train
16968,test
16969,train
16970,train
16971,train
16972,test
16973,train
16974,train
16975,test
16976,train
16977,train
16978,train
16979,train
16980,train
16981,train
16982,train
16983,train
16984,test
16985,train
16986,test
16987,test
16988,train
16989,train
16990,test
16991,test
16992,train
16993,train
16994,test
16995,train
16996,train
16997,train
16998,train
16999,train
17000,train
17001,test
17002,test
17003,test
17004,train
17005,train
17006,train
17007,train
17008,train
17009,train
17010,train
17011,train
17012,train
17013,train
17014,train
17015,test
17016,train
17017,test
17018,train
17019,train
17020,train
17021,train
17022,train
17023,train
17024,train
17025,train
17026,train
17027,train
17028,train
17029,train
17030,train
17031,train
17032,train
17033,train
17034,test
17035,train
17036,test
17037,train
17038,test
17039,train
17040,train
17041,train
17042,train
17043,train
17044,train
17045,train
17046,train
17047,train
17048,train
17049,train
17050,train
17051,train
17052,train
17053,train
17054,train
17055,train
17056,test
17057,test
17058,train
17059,train
17060,train
17061,train
17062,train
17063,train
17064,test
17065,train
17066,train
17067,train
17068,train
17069,train
17070,train
17071,train
17072,train
17073,train
17074,test
17075,test
17076,train
17077,train
17078,train
17079,train
17080,test
17081,train
17082,train
17083,train
17084,test
17085,train
17086,train
17087,test
17088,train
17089,train
17090,train
17091,train
17092,train
17093,train
17094,train
17095,train
17096,test
17097,train
17098,train
17099,train
17100,train
17101,train
17102,train
17103,test
17104,train
17105,train
17106,test
17107,test
17108,train
17109,test
17110,train
17111,train
17112,test
17113,train
17114,train
17115,train
17116,train
17117,train
17118,train
17119,train
17120,train
17121,train
17122,train
17123,train
17124,train
17125,train
17126,train
17127,train
17128,train
17129,train
17130,train
17131,train
17132,train
17133,train
17134,train
17135,train
17136,train
17137,train
17138,test
17139,train
17140,test
17141,train
17142,train
17143,train
17144,train
17145,test
17146,test
17147,train
17148,test
17149,train
17150,train
17151,train
17152,train
17153,train
17154,train
17155,train
17156,train
17157,train
17158,test
17159,test
17160,train
17161,train
17162,test
17163,train
17164,train
17165,train
17166,train
17167,test
17168,train
17169,train
17170,train
17171,train
17172,test
17173,train
17174,train
17175,test
17176,train
17177,train
17178,train
17179,train
17180,train
17181,train
17182,train
17183,test
17184,test
17185,train
17186,train
17187,train
17188,train
17189,test
17190,train
17191,train
17192,train
17193,test
17194,train
17195,train
17196,train
17197,train
17198,train
17199,train
17200,test
17201,train
17202,test
17203,test
17204,train
17205,train
17206,train
17207,test
17208,train
17209,train
17210,train
17211,train
17212,test
17213,train
17214,train
17215,train
17216,train
17217,train
17218,train
17219,train
17220,train
17221,train
17222,train
17223,test
17224,train
17225,train
17226,train
17227,train
17228,train
17229,train
17230,test
17231,train
17232,test
17233,train
17234,train
17235,train
17236,train
17237,train
17238,train
17239,train
17240,test
17241,test
17242,test
17243,train
17244,test
17245,train
17246,train
17247,train
17248,train
17249,train
17250,train
17251,train
17252,test
17253,train
17254,train
17255,train
17256,train
17257,test
17258,train
17259,train
17260,train
17261,train
17262,train
17263,train
17264,train
17265,train
17266,test
17267,train
17268,train
17269,train
17270,train
17271,train
17272,train
17273,train
17274,train
17275,train
17276,train
17277,train
17278,train
17279,test
17280,test
17281,train
17282,train
17283,test
17284,train
17285,train
17286,train
17287,train
17288,train
17289,test
17290,test
17291,test
17292,train
17293,train
17294,train
17295,train
17296,train
17297,train
17298,train
17299,train
17300,train
17301,test
17302,test
17303,train
17304,train
17305,train
17306,train
17307,train
17308,train
17309,train
17310,train
17311,train
17312,train
17313,train
17314,train
17315,test
17316,test
17317,train
17318,train
17319,train
17320,train
17321,train
17322,train
17323,train
17324,train
17325,train
17326,train
17327,train
17328,train
17329,test
17330,train
17331,train
17332,train
17333,train
17334,train
17335,train
17336,train
17337,test
17338,test
17339,train
17340,test
17341,train
17342,test
17343,train
17344,train
17345,train
17346,train
17347,train
17348,train
17349,train
17350,train
17351,test
17352,train
17353,train
17354,test
17355,train
17356,test
17357,train
17358,test
17359,test
17360,train
17361,test
17362,train
17363,train
17364,train
17365,train
17366,train
17367,train
17368,train
17369,train
17370,train
17371,test
17372,train
17373,train
17374,train
17375,train
17376,train
17377,train
17378,train
17379,train
17380,train
17381,train
17382,train
17383,train
17384,train
17385,train
17386,train
17387,train
17388,train
17389,test
17390,train
17391,train
17392,train
17393,train
17394,train
17395,train
17396,train
17397,test
17398,train
17399,train
17400,train
17401,train
17402,train
17403,train
17404,train
17405,train
17406,train
17407,train
17408,test
17409,train
17410,train
17411,train
17412,train
17413,train
17414,train
17415,train
17416,train
17417,train
17418,test
17419,train
17420,train
17421,train
17422,train
17423,train
17424,test
17425,test
17426,train
17427,train
17428,train
17429,train
17430,train
17431,test
17432,train
17433,train
17434,train
17435,train
17436,train
17437,train
17438,train
17439,train
17440,train
17441,test
17442,train
17443,train
17444,train
17445,train
17446,train
17447,test
17448,train
17449,test
17450,train
17451,train
17452,train
17453,train
17454,test
17455,train
17456,train
17457,train
17458,train
17459,test
17460,test
17461,train
17462,test
17463,test
17464,train
17465,train
17466,train
17467,train
17468,train
17469,train
17470,test
17471,train
17472,train
17473,train
17474,train
17475,train
17476,train
17477,test
17478,train
17479,test
17480,test
17481,train
17482,train
17483,train
17484,test
17485,train
17486,train
17487,train
17488,train
17489,train
17490,train
17491,train
17492,train
17493,test
17494,train
17495,test
17496,train
17497,train
17498,train
17499,train
17500,train
17501,train
17502,train
17503,train
17504,train
17505,train
17506,train
17507,train
17508,train
17509,train
17510,train
17511,test
17512,train
17513,train
17514,test
17515,train
17516,test
17517,train
17518,train
17519,train
17520,test
17521,train
17522,train
17523,test
17524,train
17525,train
17526,train
17527,train
17528,train
17529,train
17530,train
17531,train
17532,train
17533,train
17534,train
17535,train
17536,train
17537,train
17538,train
17539,train
17540,test
17541,train
17542,test
17543,test
17544,train
17545,test
17546,train
17547,train
17548,train
17549,train
17550,train
17551,train
17552,train
17553,train
17554,test
17555,train
17556,train
17557,train
17558,train
17559,train
17560,train
17561,train
17562,train
17563,train
17564,test
17565,train
17566,train
17567,train
17568,train
17569,train
17570,test
17571,train
17572,test
17573,train
17574,train
17575,test
17576,train
17577,train
17578,test
17579,train
17580,train
17581,train
17582,train
17583,train
17584,train
17585,train
17586,train
17587,train
17588,train
17589,train
17590,test
17591,train
17592,train
17593,train
17594,test
17595,train
17596,test
17597,test
17598,train
17599,train
17600,test
17601,train
17602,train
17603,test
17604,train
17605,train
17606,train
17607,train
17608,train
17609,train
17610,test
17611,train
17612,train
17613,train
17614,train
17615,train
17616,train
17617,train
17618,train
17619,train
17620,train
17621,train
17622,train
17623,train
17624,train
17625,test
17626,train
17627,train
17628,train
17629,train
17630,train
17631,train
17632,train
17633,train
17634,test
17635,train
17636,test
17637,train
17638,train
17639,train
17640,train
17641,train
17642,test
17643,train
17644,test
17645,train
17646,train
17647,train
17648,train
17649,train
17650,train
17651,train
17652,train
17653,train
17654,train
17655,train
17656,train
17657,train
17658,train
17659,train
17660,train
17661,train
17662,train
17663,train
17664,test
17665,train
17666,train
17667,train
17668,train
17669,train
17670,train
17671,train
17672,train
17673,train
17674,train
17675,test
17676,train
17677,test
17678,test
17679,train
17680,test
17681,train
17682,test
17683,train
17684,train
17685,train
17686,train
17687,train
17688,train
17689,train
17690,train
17691,train
17692,test
17693,train
17694,train
17695,train
17696,train
17697,test
17698,train
17699,test
17700,test
17701,train
17702,train
17703,train
17704,train
17705,train
17706,train
17707,test
17708,train
17709,train
17710,test
17711,train
17712,test
17713,test
17714,train
17715,train
17716,train
17717,train
17718,train
17719,train
17720,train
17721,train
17722,train
17723,train
17724,train
17725,train
17726,test
17727,train
17728,test
17729,train
17730,train
17731,train
17732,train
17733,train
17734,train
17735,test
17736,train
17737,train
17738,train
17739,train
17740,train
17741,train
17742,train
17743,train
17744,train
17745,train
17746,train
17747,test
17748,train
17749,test
17750,train
17751,train
17752,test
17753,test
17754,train
17755,train
17756,test
17757,train
17758,train
17759,train
17760,train
17761,train
17762,train
17763,train
17764,test
17765,train
17766,test
17767,train
17768,train
17769,train
17770,train
17771,train
17772,train
17773,train
17774,test
17775,train
17776,train
17777,test
17778,train
17779,test
17780,train
17781,test
17782,test
17783,train
17784,train
17785,train
17786,train
17787,train
17788,test
17789,test
17790,train
17791,train
17792,train
17793,train
17794,train
17795,train
17796,test
17797,train
17798,train
17799,train
17800,train
17801,train
17802,train
17803,train
17804,train
17805,train
17806,train
17807,train
17808,train
17809,train
17810,test
17811,test
17812,test
17813,test
17814,train
17815,test
17816,train
17817,train
17818,test
17819,train
17820,train
17821,train
17822,train
17823,train
17824,train
17825,train
17826,train
17827,train
17828,train
17829,train
17830,train
17831,train
17832,train
17833,train
17834,train
17835,train
17836,test
17837,train
17838,train
17839,train
17840,train
17841,train
17842,train
17843,train
17844,train
17845,train
17846,train
17847,train
17848,train
17849,train
17850,train
17851,train
17852,train
17853,train
17854,train
17855,train
17856,train
17857,train
17858,train
17859,test
17860,train
17861,train
17862,train
17863,test
17864,train
17865,train
17866,train
17867,train
17868,train
17869,train
17870,train
17871,train
17872,test
17873,train
17874,train
17875,test
17876,train
17877,train
17878,train
17879,test
17880,test
17881,test
17882,train
17883,train
17884,train
17885,train
17886,train
17887,train
17888,train
17889,train
17890,train
17891,train
17892,test
17893,train
17894,test
17895,train
17896,train
17897,train
17898,train
17899,train
17900,test
17901,train
17902,train
17903,train
17904,train
17905,train
17906,train
17907,train
17908,train
17909,train
17910,test
17911,train
17912,test
17913,test
17914,test
17915,test
17916,train
17917,train
17918,train
17919,train
17920,train
17921,train
17922,train
17923,train
17924,train
17925,test
17926,train
17927,train
17928,train
17929,test
17930,test
17931,test
17932,train
17933,test
17934,train
17935,train
17936,train
17937,train
17938,train
17939,train
17940,train
17941,train
17942,test
17943,train
17944,train
17945,train
17946,train
17947,train
17948,test
17949,train
17950,test
17951,train
17952,train
17953,test
17954,train
17955,train
17956,train
17957,train
17958,train
17959,train
17960,train
17961,train
17962,train
17963,train
17964,train
17965,train
17966,train
17967,train
17968,test
17969,train
17970,train
17971,train
17972,train
17973,train
17974,test
17975,train
17976,train
17977,train
17978,train
17979,test
17980,train
17981,train
17982,train
17983,train
17984,train
17985,train
17986,train
17987,train
17988,train
17989,train
17990,train
17991,train
17992,train
17993,train
17994,train
17995,train
17996,train
17997,train
17998,train
17999,train
18000,train
18001,train
18002,train
18003,train
18004,train
18005,train
18006,train
18007,train
18008,train
18009,train
18010,train
18011,test
18012,test
18013,train
18014,train
18015,train
18016,train
18017,test
18018,test
18019,train
18020,train
18021,test
18022,train
18023,train
18024,train
18025,train
18026,train
18027,train
18028,train
18029,train
18030,test
18031,train
18032,train
18033,test
18034,train
18035,test
18036,train
18037,train
18038,test
18039,test
18040,train
18041,train
18042,test
18043,train
18044,test
18045,train
18046,train
18047,train
18048,train
18049,train
18050,train
18051,train
18052,train
18053,train
18054,test
18055,train
18056,train
18057,train
18058,train
18059,train
18060,train
18061,train
18062,train
18063,train
18064,train
18065,train
18066,test
18067,train
18068,train
18069,train
18070,test
18071,train
18072,test
18073,train
18074,test
18075,test
18076,train
18077,test
18078,test
18079,train
18080,train
18081,test
18082,test
18083,train
18084,train
18085,train
18086,train
18087,test
18088,train
18089,train
18090,train
18091,train
18092,test
18093,test
18094,train
18095,train
18096,train
18097,test
18098,test
18099,train
18100,train
18101,test
18102,train
18103,train
18104,train
18105,train
18106,train
18107,train
18108,train
18109,train
18110,train
18111,test
18112,train
18113,train
18114,train
18115,train
18116,train
18117,train
18118,train
18119,train
18120,test
18121,train
18122,train
18123,test
18124,train
18125,train
18126,test
18127,train
18128,train
18129,train
18130,train
18131,train
18132,train
18133,train
18134,train
18135,train
18136,train
18137,train
18138,train
18139,train
18140,train
18141,train
18142,train
18143,test
18144,train
18145,train
18146,train
18147,train
18148,train
18149,train
18150,train
18151,train
18152,train
18153,train
18154,test
18155,train
18156,train
18157,train
18158,train
18159,test
18160,train
18161,train
18162,train
18163,train
18164,test
18165,train
18166,test
18167,train
18168,train
18169,train
18170,train
18171,train
18172,train
18173,test
18174,train
18175,test
18176,train
18177,train
18178,train
18179,test
18180,train
18181,test
18182,train
18183,train
18184,train
18185,test
18186,train
18187,train
18188,train
18189,train
18190,train
18191,train
18192,train
18193,train
18194,test
18195,train
18196,train
18197,train
18198,train
18199,train
18200,train
18201,train
18202,test
18203,train
18204,test
18205,train
18206,train
18207,test
18208,train
18209,train
18210,test
18211,test
18212,train
18213,train
18214,test
18215,train
18216,test
18217,train
18218,train
18219,train
18220,train
18221,test
18222,test
18223,train
18224,train
18225,test
18226,train
18227,train
18228,train
18229,train
18230,test
18231,train
18232,train
18233,test
18234,train
18235,train
18236,test
18237,train
18238,train
18239,test
18240,train
18241,train
18242,train
18243,train
18244,train
18245,train
18246,train
18247,train
18248,train
18249,train
18250,train
18251,test
18252,train
18253,train
18254,train
18255,train
18256,train
18257,train
18258,train
18259,train
18260,train
18261,test
18262,train
18263,test
18264,test
18265,train
18266,test
18267,train
18268,train
18269,train
18270,train
18271,test
18272,train
18273,test
18274,train
18275,train
18276,train
18277,train
18278,train
18279,train
18280,train
18281,train
18282,train
18283,train
18284,train
18285,train
18286,train
18287,train
18288,train
18289,test
18290,train
18291,train
18292,train
18293,train
18294,train
18295,test
18296,train
18297,train
18298,train
18299,train
18300,train
18301,train
18302,train
18303,train
18304,test
18305,train
18306,test
18307,train
18308,train
18309,train
18310,train
18311,train
18312,test
18313,train
18314,train
18315,test
18316,train
18317,train
18318,test
18319,train
18320,train
18321,train
18322,train
18323,test
18324,test
18325,test
18326,test
18327,train
18328,test
18329,train
18330,train
18331,test
18332,train
18333,train
18334,train
18335,train
18336,train
18337,test
18338,train
18339,train
18340,test
18341,train
18342,train
18343,test
18344,train
18345,train
18346,train
18347,train
18348,train
18349,test
18350,train
18351,train
18352,test
18353,train
18354,train
18355,train
18356,train
18357,train
18358,test
18359,test
18360,train
18361,test
18362,train
18363,train
18364,test
18365,test
18366,train
18367,train
18368,train
18369,train
18370,train
18371,train
18372,train
18373,test
18374,train
18375,train
18376,test
18377,train
18378,train
18379,train
18380,train
18381,train
18382,train
18383,test
18384,train
18385,train
18386,train
18387,train
18388,train
18389,train
18390,train
18391,test
18392,test
18393,train
18394,test
18395,train
18396,train
18397,test
18398,train
18399,train
18400,train
18401,train
18402,test
18403,train
18404,train
18405,train
18406,train
18407,test
18408,test
18409,train
18410,train
18411,train
18412,test
18413,train
18414,test
18415,train
18416,train
18417,train
18418,test
18419,train
18420,train
18421,train
18422,train
18423,train
18424,test
18425,train
18426,train
18427,train
18428,train
18429,train
18430,train
18431,train
18432,train
18433,train
18434,train
18435,train
18436,test
18437,train
18438,train
18439,train
18440,train
18441,train
18442,train
18443,train
18444,train
18445,train
18446,train
18447,train
18448,test
18449,train
18450,train
18451,train
18452,train
18453,test
18454,train
18455,train
18456,test
18457,train
18458,test
18459,train
18460,test
18461,test
18462,train
18463,train
18464,train
18465,train
18466,train
18467,test
18468,test
18469,train
18470,train
18471,test
18472,train
18473,train
18474,train
18475,train
18476,train
18477,test
18478,test
18479,test
18480,train
18481,train
18482,train
18483,train
18484,train
18485,train
18486,train
18487,train
18488,train
18489,test
18490,train
18491,train
18492,train
18493,train
18494,test
18495,train
18496,train
18497,test
18498,test
18499,train
18500,train
18501,train
18502,test
18503,train
18504,test
18505,train
18506,train
18507,train
18508,train
18509,test
18510,train
18511,train
18512,train
18513,train
18514,test
18515,train
18516,train
18517,train
18518,test
18519,train
18520,test
18521,train
18522,train
18523,train
18524,train
18525,test
18526,train
18527,test
18528,train
18529,test
18530,train
18531,train
18532,test
18533,train
18534,train
18535,test
18536,train
18537,train
18538,test
18539,test
18540,train
18541,train
18542,train
18543,train
18544,train
18545,train
18546,train
18547,train
18548,train
18549,train
18550,train
18551,train
18552,train
18553,train
18554,train
18555,train
18556,train
18557,train
18558,train
18559,train
18560,train
18561,test
18562,train
18563,train
18564,train
18565,train
18566,train
18567,train
18568,test
18569,train
18570,train
18571,train
18572,test
18573,test
18574,train
18575,test
18576,test
18577,train
18578,train
18579,test
18580,train
18581,train
18582,train
18583,train
18584,train
18585,train
18586,test
18587,train
18588,train
18589,train
18590,train
18591,train
18592,train
18593,train
18594,test
18595,train
18596,train
18597,train
18598,train
18599,train
18600,test
18601,test
18602,test
18603,train
18604,train
18605,train
18606,train
18607,train
18608,train
18609,train
18610,train
18611,train
18612,train
18613,train
18614,train
18615,train
18616,train
18617,train
18618,train
18619,train
18620,train
18621,train
18622,test
18623,train
18624,train
18625,train
18626,train
18627,train
18628,train
18629,train
18630,train
18631,train
18632,train
18633,train
18634,train
18635,train
18636,train
18637,train
18638,train
18639,train
18640,train
18641,test
18642,train
18643,train
18644,test
18645,test
18646,test
18647,test
18648,train
18649,train
18650,test
18651,train
18652,train
18653,train
18654,train
18655,train
18656,train
18657,train
18658,train
18659,train
18660,train
18661,train
18662,train
18663,train
18664,train
18665,train
18666,train
18667,train
18668,train
18669,train
18670,train
18671,test
18672,train
18673,train
18674,test
18675,train
18676,train
18677,train
18678,train
18679,train
18680,test
18681,test
18682,train
18683,train
18684,train
18685,train
18686,train
18687,train
18688,test
18689,train
18690,train
18691,train
18692,test
18693,train
18694,train
18695,train
18696,train
18697,train
18698,train
18699,train
18700,train
18701,train
18702,train
18703,train
18704,train
18705,test
18706,test
18707,train
18708,train
18709,train
18710,train
18711,train
18712,train
18713,train
18714,test
18715,train
18716,train
18717,train
18718,train
18719,train
18720,train
18721,train
18722,test
18723,train
18724,train
18725,train
18726,train
18727,train
18728,train
18729,train
18730,train
18731,train
18732,train
18733,train
18734,train
18735,test
18736,train
18737,train
18738,train
18739,train
18740,test
18741,train
18742,train
18743,train
18744,train
18745,train
18746,train
18747,train
18748,test
18749,train
18750,train
18751,train
18752,train
18753,train
18754,test
18755,train
18756,train
18757,train
18758,train
18759,train
18760,train
18761,train
18762,train
18763,train
18764,train
18765,train
18766,train
18767,train
18768,train
18769,train
18770,train
18771,train
18772,train
18773,train
18774,test
18775,train
18776,train
18777,train
18778,train
18779,train
18780,train
18781,train
18782,test
18783,train
18784,test
18785,test
18786,test
18787,train
18788,train
18789,test
18790,train
18791,test
18792,train
18793,train
18794,train
18795,train
18796,train
18797,train
18798,train
18799,train
18800,train
18801,train
18802,train
18803,test
18804,test
18805,test
18806,train
18807,train
18808,train
18809,train
18810,train
18811,train
18812,train
18813,train
18814,train
18815,train
18816,train
18817,train
18818,train
18819,test
18820,train
18821,train
18822,train
18823,test
18824,test
18825,train
18826,train
18827,train
18828,train
18829,train
18830,test
18831,train
18832,train
18833,train
18834,train
18835,train
18836,train
18837,train
18838,train
18839,train
18840,train
18841,train
18842,train
18843,train
18844,train
18845,train
18846,test
18847,train
18848,train
18849,train
18850,train
18851,train
18852,train
18853,train
18854,train
18855,test
18856,train
18857,test
18858,train
18859,train
18860,train
18861,train
18862,train
18863,test
18864,test
18865,train
18866,test
18867,train
18868,train
18869,test
18870,train
18871,test
18872,train
18873,test
18874,train
18875,train
18876,train
18877,train
18878,train
18879,test
18880,train
18881,test
18882,train
18883,train
18884,train
18885,train
18886,train
18887,train
18888,train
18889,test
18890,train
18891,train
18892,train
18893,train
18894,train
18895,train
18896,train
18897,train
18898,train
18899,test
18900,test
18901,train
18902,train
18903,train
18904,train
18905,train
18906,test
18907,test
18908,train
18909,train
18910,train
18911,test
18912,train
18913,train
18914,train
18915,train
18916,test
18917,train
18918,train
18919,train
18920,train
18921,train
18922,train
18923,train
18924,train
18925,train
18926,train
18927,train
18928,test
18929,train
18930,train
18931,test
18932,train
18933,train
18934,train
18935,test
18936,train
18937,train
18938,train
18939,train
18940,train
18941,test
18942,train
18943,test
18944,train
18945,train
18946,test
18947,train
18948,train
18949,train
18950,test
18951,train
18952,train
18953,train
18954,train
18955,train
18956,test
18957,train
18958,train
18959,train
18960,train
18961,train
18962,train
18963,train
18964,train
18965,train
18966,train
18967,train
18968,train
18969,train
18970,test
18971,train
18972,train
18973,train
18974,train
18975,train
18976,train
18977,train
18978,train
18979,train
18980,train
18981,train
18982,train
18983,train
18984,train
18985,train
18986,train
18987,train
18988,train
18989,train
18990,train
18991,train
18992,train
18993,train
18994,train
18995,train
18996,train
18997,train
18998,train
18999,train
19000,train
19001,train
19002,test
19003,train
19004,test
19005,test
19006,train
19007,train
19008,train
19009,train
19010,train
19011,train
19012,train
19013,train
19014,train
19015,test
19016,train
19017,train
19018,train
19019,train
19020,train
19021,train
19022,train
19023,train
19024,train
19025,train
19026,train
19027,train
19028,train
19029,train
19030,test
19031,test
19032,train
19033,train
19034,train
19035,train
19036,train
19037,train
19038,train
19039,train
19040,train
19041,train
19042,train
19043,train
19044,train
19045,train
19046,train
19047,train
19048,train
19049,test
19050,train
19051,train
19052,test
19053,test
19054,train
19055,train
19056,train
19057,test
19058,test
19059,train
19060,train
19061,test
19062,train
19063,train
19064,train
19065,train
19066,train
19067,train
19068,train
19069,test
19070,train
19071,train
19072,train
19073,train
19074,test
19075,train
19076,train
19077,train
19078,train
19079,test
19080,train
19081,train
19082,train
19083,train
19084,train
19085,train
19086,train
19087,train
19088,test
19089,test
19090,train
19091,test
19092,test
19093,train
19094,train
19095,train
19096,train
19097,test
19098,train
19099,train
19100,test
19101,train
19102,test
19103,train
19104,train
19105,train
19106,train
19107,train
19108,train
19109,train
19110,train
19111,train
19112,train
19113,train
19114,test
19115,test
19116,test
19117,test
19118,test
19119,train
19120,train
19121,train
19122,train
19123,train
19124,train
19125,train
19126,test
19127,train
19128,train
19129,train
19130,train
19131,train
19132,train
19133,test
19134,train
19135,test
19136,test
19137,train
19138,train
19139,train
19140,train
19141,train
19142,train
19143,train
19144,train
19145,train
19146,test
19147,train
19148,train
19149,train
19150,train
19151,train
19152,train
19153,train
19154,train
19155,test
19156,train
19157,train
19158,train
19159,test
19160,train
19161,train
19162,train
19163,train
19164,train
19165,train
19166,train
19167,train
19168,train
19169,train
19170,test
19171,test
19172,train
19173,test
19174,train
19175,train
19176,train
19177,train
19178,train
19179,train
19180,test
19181,train
19182,train
19183,train
19184,train
19185,train
19186,test
19187,train
19188,train
19189,train
19190,train
19191,train
19192,train
19193,train
19194,train
19195,train
19196,train
19197,train
19198,train
19199,train
19200,train
19201,test
19202,test
19203,train
19204,train
19205,train
19206,train
19207,train
19208,train
19209,train
19210,train
19211,train
19212,train
19213,train
19214,train
19215,train
19216,train
19217,train
19218,test
19219,test
19220,train
19221,test
19222,test
19223,train
19224,test
19225,train
19226,train
19227,train
19228,train
19229,train
19230,train
19231,train
19232,train
19233,train
19234,train
19235,train
19236,test
19237,train
19238,train
19239,train
19240,train
19241,train
19242,train
19243,train
19244,train
19245,test
19246,train
19247,train
19248,train
19249,test
19250,train
19251,train
19252,train
19253,train
19254,train
19255,train
19256,train
19257,train
19258,train
19259,train
19260,train
19261,train
19262,test
19263,test
19264,train
19265,test
19266,test
19267,train
19268,train
19269,train
19270,train
19271,train
19272,test
19273,train
19274,train
19275,test
19276,train
19277,train
19278,test
19279,train
19280,test
19281,train
19282,train
19283,train
19284,train
19285,train
19286,train
19287,train
19288,test
19289,test
19290,train
19291,train
19292,test
19293,train
19294,train
19295,test
19296,train
19297,train
19298,train
19299,train
19300,train
19301,train
19302,train
19303,train
19304,train
19305,train
19306,train
19307,train
19308,test
19309,train
19310,test
19311,train
19312,train
19313,train
19314,train
19315,train
19316,train
19317,train
19318,train
19319,test
19320,train
19321,test
19322,train
19323,train
19324,train
19325,train
19326,train
19327,train
19328,train
19329,train
19330,train
19331,train
19332,test
19333,test
19334,test
19335,train
19336,test
19337,test
19338,train
19339,train
19340,test
19341,train
19342,test
19343,train
19344,train
19345,train
19346,train
19347,train
19348,train
19349,train
19350,train
19351,test
19352,test
19353,train
19354,train
19355,test
19356,train
19357,test
19358,train
19359,test
19360,test
19361,train
19362,train
19363,test
19364,train
19365,test
19366,train
19367,test
19368,train
19369,test
19370,train
19371,test
19372,train
19373,train
19374,train
19375,train
19376,test
19377,test
19378,test
19379,test
19380,train
19381,train
19382,test
19383,train
19384,test
19385,train
19386,train
19387,train
19388,test
19389,train
19390,train
19391,train
19392,train
19393,train
19394,train
19395,train
19396,train
19397,train
19398,train
19399,train
19400,train
19401,train
19402,test
19403,train
19404,train
19405,test
19406,train
19407,train
19408,test
19409,train
19410,train
19411,test
19412,train
19413,train
19414,train
19415,test
19416,test
19417,train
19418,train
19419,train
19420,train
19421,train
19422,train
19423,train
19424,train
19425,train
19426,train
19427,train
19428,test
19429,train
19430,train
19431,train
19432,test
19433,train
19434,train
19435,train
19436,test
19437,train
19438,train
19439,train
19440,train
19441,train
19442,test
19443,train
19444,train
19445,train
19446,train
19447,test
19448,train
19449,train
19450,train
19451,train
19452,train
19453,train
19454,train
19455,train
19456,train
19457,test
19458,train
19459,train
19460,train
19461,train
19462,train
19463,train
19464,train
19465,train
19466,train
19467,train
19468,train
19469,train
19470,train
19471,train
19472,train
19473,train
19474,test
19475,train
19476,test
19477,test
19478,test
19479,test
19480,test
19481,train
19482,test
19483,train
19484,train
19485,train
19486,train
19487,test
19488,train
19489,train
19490,train
19491,train
19492,train
19493,train
19494,train
19495,test
19496,train
19497,train
19498,train
19499,train
19500,train
19501,test
19502,train
19503,train
19504,test
19505,train
19506,train
19507,train
19508,train
19509,train
19510,train
19511,train
19512,test
19513,train
19514,test
19515,train
19516,train
19517,test
19518,test
19519,train
19520,test
19521,test
19522,test
19523,train
19524,test
19525,train
19526,train
19527,test
19528,train
19529,train
19530,train
19531,train
19532,train
19533,test
19534,train
19535,train
19536,train
19537,train
19538,train
19539,train
19540,train
19541,test
19542,train
19543,train
19544,train
19545,train
19546,train
19547,train
19548,train
19549,test
19550,test
19551,train
19552,train
19553,train
19554,train
19555,train
19556,train
19557,train
19558,train
19559,test
19560,train
19561,train
19562,train
19563,train
19564,train
19565,train
19566,train
19567,train
19568,test
19569,train
19570,train
19571,train
19572,train
19573,train
19574,train
19575,train
19576,test
19577,train
19578,train
19579,test
19580,test
19581,train
19582,train
19583,train
19584,train
19585,train
19586,train
19587,train
19588,train
19589,train
19590,train
19591,train
19592,test
19593,train
19594,train
19595,test
19596,test
19597,train
19598,train
19599,train
19600,test
19601,train
19602,train
19603,test
19604,train
19605,train
19606,test
19607,test
19608,test
19609,test
19610,test
19611,train
19612,train
19613,train
19614,train
19615,train
19616,train
19617,train
19618,train
19619,train
19620,train
19621,train
19622,train
19623,train
19624,train
19625,train
19626,train
19627,train
19628,train
19629,test
19630,train
19631,train
19632,train
19633,test
19634,train
19635,train
19636,train
19637,test
19638,train
19639,train
19640,train
19641,test
19642,train
19643,train
19644,train
19645,train
19646,train
19647,train
19648,train
19649,train
19650,train
19651,train
19652,train
19653,train
19654,test
19655,train
19656,train
19657,train
19658,train
19659,train
19660,train
19661,train
19662,test
19663,train
19664,train
19665,train
19666,train
19667,train
19668,test
19669,test
19670,train
19671,train
19672,test
19673,test
19674,train
19675,train
19676,train
19677,train
19678,train
19679,train
19680,train
19681,train
19682,test
19683,test
19684,train
19685,train
19686,train
19687,train
19688,train
19689,train
19690,train
19691,train
19692,test
19693,train
19694,train
19695,train
19696,test
19697,train
19698,test
19699,train
19700,train
19701,train
19702,train
19703,train
19704,train
19705,train
19706,train
19707,train
19708,train
19709,train
19710,train
19711,train
19712,train
19713,train
19714,train
19715,train
19716,train
19717,train
19718,test
19719,train
19720,train
19721,test
19722,train
19723,train
19724,test
19725,train
19726,test
19727,train
19728,train
19729,train
19730,test
19731,train
19732,train
19733,train
19734,train
19735,train
19736,train
19737,train
19738,train
19739,train
19740,train
19741,train
19742,test
19743,train
19744,train
19745,test
19746,test
19747,train
19748,test
19749,train
19750,train
19751,train
19752,train
19753,train
19754,test
19755,train
19756,train
19757,test
19758,train
19759,train
19760,test
19761,train
19762,train
19763,train
19764,test
19765,train
19766,train
19767,train
19768,train
19769,train
19770,train
19771,train
19772,train
19773,train
19774,train
19775,train
19776,train
19777,test
19778,train
19779,train
19780,train
19781,train
19782,train
19783,test
19784,train
19785,train
19786,train
19787,train
19788,train
19789,train
19790,train
19791,train
19792,train
19793,train
19794,train
19795,train
19796,train
19797,train
19798,test
19799,train
19800,test
19801,train
19802,train
19803,train
19804,train
19805,test
19806,test
19807,train
19808,train
19809,train
19810,train
19811,train
19812,train
19813,train
19814,train
19815,train
19816,train
19817,train
19818,train
19819,test
19820,train
19821,train
19822,train
19823,train
19824,train
19825,train
19826,train
19827,train
19828,train
19829,train
19830,test
19831,train
19832,train
19833,train
19834,train
19835,train
19836,train
19837,test
19838,test
19839,train
19840,train
19841,train
19842,test
19843,train
19844,train
19845,train
19846,train
19847,train
19848,train
19849,train
19850,test
19851,train
19852,test
19853,train
19854,train
19855,train
19856,train
19857,train
19858,train
19859,train
19860,train
19861,train
19862,train
19863,train
19864,test
19865,train
19866,train
19867,train
19868,train
19869,train
19870,train
19871,train
19872,train
19873,test
19874,train
19875,train
19876,train
19877,train
19878,test
19879,train
19880,train
19881,train
19882,train
19883,train
19884,train
19885,train
19886,train
19887,train
19888,train
19889,test
19890,train
19891,train
19892,train
19893,train
19894,test
19895,test
19896,train
19897,test
19898,train
19899,train
19900,train
19901,train
19902,train
19903,test
19904,test
19905,train
19906,test
19907,test
19908,train
19909,train
19910,train
19911,train
19912,train
19913,train
19914,train
19915,train
19916,train
19917,train
19918,test
19919,train
19920,train
19921,train
19922,train
19923,train
19924,train
19925,train
19926,test
19927,train
19928,train
19929,train
19930,train
19931,test
19932,test
19933,train
19934,train
19935,train
19936,train
19937,train
19938,train
19939,train
19940,train
19941,train
19942,train
19943,test
19944,train
19945,test
19946,train
19947,train
19948,train
19949,train
19950,train
19951,train
19952,test
19953,train
19954,train
19955,test
19956,train
19957,test
19958,train
19959,train
19960,train
19961,train
19962,train
19963,train
19964,test
19965,test
19966,test
19967,test
19968,test
19969,train
19970,test
19971,train
19972,train
19973,train
19974,train
19975,train
19976,train
19977,train
19978,train
19979,train
19980,train
19981,test
19982,test
19983,train
19984,train
19985,train
19986,train
19987,train
19988,train
19989,test
19990,test
19991,train
19992,train
19993,train
19994,test
19995,train
19996,train
19997,train
19998,train
19999,test
20000,train
20001,train
20002,train
20003,train
20004,train
20005,train
20006,train
20007,train
20008,train
20009,train
20010,train
20011,test
20012,train
20013,train
20014,train
20015,train
20016,train
20017,train
20018,test
20019,train
20020,train
20021,train
20022,train
20023,train
20024,train
20025,train
20026,train
20027,train
20028,test
20029,train
20030,train
20031,train
20032,train
20033,train
20034,train
20035,train
20036,train
20037,train
20038,train
20039,train
20040,train
20041,train
20042,train
20043,train
20044,train
20045,train
20046,test
20047,test
20048,test
20049,train
20050,train
20051,train
20052,train
20053,train
20054,train
20055,train
20056,train
20057,train
20058,train
20059,train
20060,train
20061,train
20062,train
20063,train
20064,train
20065,train
20066,train
20067,train
20068,test
20069,train
20070,train
20071,train
20072,test
20073,train
20074,train
20075,train
20076,train
20077,test
20078,test
20079,test
20080,train
20081,train
20082,train
20083,train
20084,train
20085,test
20086,train
20087,train
20088,train
20089,train
20090,test
20091,train
20092,train
20093,train
20094,test
20095,test
20096,train
20097,train
20098,train
20099,train
20100,train
20101,train
20102,test
20103,train
20104,train
20105,test
20106,train
20107,train
20108,train
20109,test
20110,train
20111,train
20112,train
20113,train
20114,test
20115,train
20116,train
20117,train
20118,test
20119,train
20120,train
20121,train
20122,test
20123,train
20124,train
20125,train
20126,test
20127,train
20128,train
20129,train
20130,train
20131,train
20132,train
20133,train
20134,train
20135,train
20136,train
20137,train
20138,train
20139,train
20140,test
20141,test
20142,train
20143,train
20144,train
20145,train
20146,train
20147,train
20148,train
20149,train
20150,train
20151,test
20152,train
20153,train
20154,train
20155,test
20156,train
20157,train
20158,train
20159,train
20160,test
20161,test
20162,train
20163,train
20164,train
20165,train
20166,train
20167,train
20168,train
20169,test
20170,train
20171,test
20172,train
20173,train
20174,train
20175,test
20176,train
20177,train
20178,train
20179,train
20180,train
20181,train
20182,train
20183,train
20184,train
20185,train
20186,test
20187,train
20188,train
20189,train
20190,train
20191,train
20192,train
20193,train
20194,train
20195,train
20196,train
20197,train
20198,train
20199,test
20200,train
20201,train
20202,test
20203,train
20204,train
20205,train
20206,train
20207,train
20208,train
20209,test
20210,train
20211,test
20212,train
20213,train
20214,train
20215,train
20216,train
20217,train
20218,train
20219,train
20220,train
20221,train
20222,train
20223,train
20224,train
20225,train
20226,test
20227,train
20228,train
20229,train
20230,train
20231,train
20232,test
20233,train
20234,train
20235,train
20236,train
20237,train
20238,train
20239,train
20240,train
20241,train
20242,train
20243,train
20244,train
20245,test
20246,train
20247,train
20248,train
20249,train
20250,train
20251,train
20252,test
20253,test
20254,train
20255,train
20256,train
20257,train
20258,train
20259,train
20260,train
20261,test
20262,train
20263,train
20264,train
20265,train
20266,train
20267,test
20268,train
20269,test
20270,test
20271,train
20272,test
20273,test
20274,train
20275,test
20276,train
20277,train
20278,test
20279,train
20280,train
20281,train
20282,train
20283,train
20284,test
20285,train
20286,train
20287,train
20288,train
20289,train
20290,test
20291,test
20292,test
20293,train
20294,train
20295,train
20296,train
20297,train
20298,train
20299,train
20300,train
20301,train
20302,train
20303,test
20304,train
20305,train
20306,train
20307,train
20308,train
20309,train
20310,train
20311,train
20312,train
20313,train
20314,test
20315,train
20316,train
20317,train
20318,train
20319,train
20320,train
20321,train
20322,train
20323,test
20324,train
20325,test
20326,train
20327,train
20328,train
20329,train
20330,train
20331,train
20332,train
20333,train
20334,train
20335,test
20336,train
20337,test
20338,train
20339,train
20340,train
20341,test
20342,train
20343,train
20344,train
20345,test
20346,train
20347,test
20348,train
20349,test
20350,train
20351,train
20352,train
20353,train
20354,train
20355,train
20356,train
20357,test
20358,train
20359,test
20360,train
20361,train
20362,test
20363,train
20364,train
20365,test
20366,train
20367,test
20368,train
20369,train
20370,train
20371,train
20372,train
20373,train
20374,train
20375,test
20376,train
20377,train
20378,train
20379,train
20380,train
20381,train
20382,test
20383,train
20384,train
20385,train
20386,train
20387,train
20388,train
20389,train
20390,train
20391,train
20392,train
20393,train
20394,train
20395,train
20396,train
20397,test
20398,test
20399,test
20400,train
20401,train
20402,train
20403,train
20404,train
20405,test
20406,test
20407,test
20408,test
20409,train
20410,train
20411,train
20412,train
20413,train
20414,test
20415,train
20416,train
20417,train
20418,test
20419,train
20420,test
20421,train
20422,train
20423,test
20424,test
20425,train
20426,train
20427,train
20428,test
20429,train
20430,test
20431,test
20432,train
20433,train
20434,train
20435,train
20436,train
20437,train
20438,train
20439,train
20440,train
20441,test
20442,train
20443,train
20444,train
20445,test
20446,train
20447,train
20448,train
20449,train
20450,train
20451,train
20452,train
20453,test
20454,train
20455,test
20456,test
20457,train
20458,train
20459,train
20460,train
20461,test
20462,train
20463,train
20464,train
20465,train
20466,test
20467,train
20468,train
20469,train
20470,train
20471,test
20472,train
20473,train
20474,train
20475,train
20476,train
20477,train
20478,train
20479,train
20480,test
20481,train
20482,train
20483,train
20484,train
20485,train
20486,test
20487,train
20488,train
20489,test
20490,test
20491,train
20492,test
20493,train
20494,test
20495,train
20496,test
20497,test
20498,train
20499,test
20500,train
20501,train
20502,train
20503,train
20504,train
20505,test
20506,train
20507,train
20508,train
20509,train
20510,test
20511,train
20512,train
20513,train
20514,train
20515,train
20516,train
20517,train
20518,train
20519,train
20520,train
20521,train
20522,train
20523,train
20524,train
20525,train
20526,train
20527,train
20528,train
20529,train
20530,train
20531,test
20532,train
20533,train
20534,train
20535,train
20536,train
20537,train
20538,test
20539,train
20540,train
20541,train
20542,test
20543,train
20544,train
20545,train
20546,train
20547,train
20548,train
20549,train
20550,test
20551,train
20552,train
20553,train
20554,train
20555,train
20556,train
20557,train
20558,train
20559,train
20560,train
20561,train
20562,train
20563,train
20564,train
20565,train
20566,train
20567,train
20568,train
20569,train
20570,train
20571,train
20572,test
20573,train
20574,train
20575,train
20576,test
20577,train
20578,train
20579,test
20580,train
20581,train
20582,train
20583,train
20584,train
20585,train
20586,test
20587,train
20588,test
20589,train
20590,train
20591,train
20592,train
20593,train
20594,train
20595,test
20596,train
20597,train
20598,train
20599,test
20600,train
20601,train
20602,test
20603,train
20604,test
20605,test
20606,train
20607,train
20608,train
20609,train
20610,train
20611,test
20612,test
20613,train
20614,train
20615,train
20616,train
20617,train
20618,train
20619,train
20620,train
20621,train
20622,train
20623,train
20624,train
20625,train
20626,train
20627,train
20628,train
20629,train
20630,train
20631,train
20632,train
20633,train
20634,train
20635,train
20636,train
20637,train
20638,train
20639,train
20640,train
20641,train
20642,train
20643,train
20644,train
20645,train
20646,train
20647,test
20648,train
20649,train
20650,train
20651,test
20652,train
20653,train
20654,train
20655,test
20656,train
20657,train
20658,train
20659,train
20660,train
20661,train
20662,test
20663,train
20664,train
20665,train
20666,train
20667,train
20668,train
20669,train
20670,train
20671,test
20672,train
20673,train
20674,test
20675,train
20676,train
20677,train
20678,train
20679,train
20680,train
20681,test
20682,train
20683,train
20684,train
20685,train
20686,train
20687,train
20688,train
20689,train
20690,train
20691,train
20692,train
20693,train
20694,train
20695,test
20696,train
20697,train
20698,train
20699,train
20700,train
20701,train
20702,train
20703,train
20704,test
20705,train
20706,test
20707,test
20708,train
20709,train
20710,train
20711,train
20712,train
20713,train
20714,train
20715,train
20716,train
20717,train
20718,train
20719,train
20720,test
20721,test
20722,train
20723,test
20724,train
20725,train
20726,train
20727,train
20728,train
20729,train
20730,train
20731,train
20732,train
20733,train
20734,train
20735,train
20736,train
20737,train
20738,train
20739,train
20740,train
20741,train
20742,train
20743,train
20744,train
20745,train
20746,train
20747,train
20748,train
20749,train
20750,test
20751,train
20752,test
20753,test
20754,train
20755,train
20756,train
20757,train
20758,train
20759,train
20760,test
20761,train
20762,test
20763,train
20764,test
20765,train
20766,train
20767,test
20768,train
20769,train
20770,train
20771,train
20772,train
20773,train
20774,test
20775,train
20776,train
20777,train
20778,train
20779,test
20780,train
20781,test
20782,train
20783,train
20784,train
20785,train
20786,test
20787,train
20788,train
20789,train
20790,train
20791,train
20792,train
20793,test
20794,train
20795,train
20796,train
20797,train
20798,train
20799,train
20800,train
20801,train
20802,test
20803,train
20804,train
20805,train
20806,train
20807,train
20808,train
20809,train
20810,train
20811,train
20812,train
20813,train
20814,train
20815,train
20816,train
20817,train
20818,train
20819,train
20820,train
20821,test
20822,train
20823,train
20824,test
20825,test
20826,test
20827,train
20828,train
20829,train
20830,train
20831,test
20832,train
20833,train
20834,test
20835,train
20836,train
20837,train
20838,test
20839,test
20840,train
20841,train
20842,train
20843,train
20844,train
20845,train
20846,train
20847,train
20848,train
20849,train
20850,train
20851,train
20852,train
20853,train
20854,train
20855,train
20856,train
20857,train
20858,train
20859,train
20860,train
20861,train
20862,train
20863,test
20864,train
20865,train
20866,test
20867,train
20868,train
20869,test
20870,train
20871,train
20872,test
20873,train
20874,train
20875,train
20876,train
20877,train
20878,train
20879,train
20880,train
20881,train
20882,train
20883,train
20884,train
20885,train
20886,test
20887,test
20888,train
20889,train
20890,train
20891,test
20892,train
20893,train
20894,train
20895,train
20896,train
20897,train
20898,test
20899,train
20900,test
20901,train
20902,train
20903,train
20904,test
20905,test
20906,test
20907,train
20908,train
20909,test
20910,train
20911,test
20912,train
20913,train
20914,train
20915,test
20916,train
20917,train
20918,test
20919,train
20920,train
20921,train
20922,train
20923,train
20924,train
20925,train
20926,train
20927,train
20928,train
20929,train
20930,train
20931,train
20932,train
20933,train
20934,train
20935,train
20936,train
20937,train
20938,train
20939,train
20940,test
20941,test
20942,test
20943,test
20944,test
20945,train
20946,test
20947,train
20948,train
20949,train
20950,train
20951,train
20952,train
20953,train
20954,train
20955,train
20956,train
20957,test
20958,train
20959,train
20960,train
20961,train
20962,train
20963,train
20964,train
20965,train
20966,test
20967,test
20968,train
20969,train
20970,train
20971,test
20972,test
20973,train
20974,train
20975,train
20976,train
20977,train
20978,train
20979,train
20980,train
20981,train
20982,train
20983,train
20984,train
20985,train
20986,train
20987,train
20988,train
20989,train
20990,train
20991,train
20992,train
20993,test
20994,train
20995,test
20996,train
20997,train
20998,test
20999,train
21000,train
21001,train
21002,train
21003,train
21004,train
21005,train
21006,train
21007,train
21008,train
21009,train
21010,train
21011,test
21012,train
21013,train
21014,train
21015,train
21016,train
21017,test
21018,train
21019,train
21020,test
21021,train
21022,train
21023,train
21024,train
21025,train
21026,train
21027,train
21028,train
21029,train
21030,train
21031,test
21032,train
21033,test
21034,train
21035,train
21036,train
21037,train
21038,test
21039,train
21040,train
21041,train
21042,train
21043,train
21044,test
21045,test
21046,train
21047,train
21048,test
21049,train
21050,train
21051,train
21052,train
21053,train
21054,train
21055,test
21056,train
21057,test
21058,test
21059,test
21060,train
21061,train
21062,train
21063,train
21064,train
21065,train
21066,train
21067,train
21068,train
21069,train
21070,train
21071,train
21072,train
21073,test
21074,train
21075,train
21076,train
21077,train
21078,train
21079,train
21080,train
21081,train
21082,train
21083,train
21084,test
21085,train
21086,test
21087,train
21088,train
21089,train
21090,train
21091,train
21092,train
21093,train
21094,test
21095,train
21096,train
21097,train
21098,test
21099,test
21100,train
21101,train
21102,train
21103,test
21104,test
21105,train
21106,test
21107,train
21108,train
21109,train
21110,train
21111,train
21112,train
21113,train
21114,train
21115,train
21116,train
21117,train
21118,test
21119,train
21120,train
21121,train
21122,train
21123,train
21124,test
21125,train
21126,test
21127,train
21128,train
21129,train
21130,train
21131,train
21132,train
21133,train
21134,test
21135,train
21136,train
21137,test
21138,train
21139,train
21140,train
21141,test
21142,train
21143,train
21144,test
21145,train
21146,train
21147,train
21148,train
21149,train
21150,train
21151,train
21152,train
21153,test
21154,train
21155,train
21156,train
21157,train
21158,train
21159,test
21160,train
21161,train
21162,train
21163,train
21164,test
21165,train
21166,test
21167,train
21168,train
21169,train
21170,test
21171,train
21172,train
21173,train
21174,train
21175,train
21176,train
21177,train
21178,train
21179,test
21180,train
21181,train
21182,train
21183,train
21184,train
21185,test
21186,train
21187,train
21188,train
21189,train
21190,train
21191,train
21192,train
21193,test
21194,train
21195,train
21196,train
21197,test
21198,train
21199,train
21200,test
21201,test
21202,train
21203,train
21204,train
21205,test
21206,train
21207,train
21208,test
21209,train
21210,train
21211,train
21212,train
21213,train
21214,train
21215,train
21216,train
21217,train
21218,test
21219,train
21220,train
21221,test
21222,train
21223,train
21224,test
21225,train
21226,train
21227,train
21228,train
21229,train
21230,train
21231,train
21232,train
21233,test
21234,train
21235,train
21236,train
21237,train
21238,train
21239,train
21240,test
21241,train
21242,train
21243,test
21244,test
21245,test
21246,train
21247,train
21248,train
21249,train
21250,train
21251,train
21252,train
21253,train
21254,train
21255,train
21256,train
21257,train
21258,test
21259,train
21260,train
21261,test
21262,train
21263,train
21264,train
21265,test
21266,test
21267,train
21268,train
21269,train
21270,train
21271,train
21272,train
21273,train
21274,train
21275,train
21276,train
21277,train
21278,train
21279,test
21280,train
21281,train
21282,train
21283,train
21284,test
21285,train
21286,train
21287,train
21288,train
21289,test
21290,train
21291,train
21292,train
21293,train
21294,test
21295,train
21296,test
21297,test
21298,train
21299,train
21300,train
21301,test
21302,train
21303,train
21304,train
21305,train
21306,train
21307,test
21308,train
21309,train
21310,train
21311,train
21312,train
21313,test
21314,train
21315,test
21316,test
21317,train
21318,train
21319,train
21320,train
21321,train
21322,train
21323,train
21324,train
21325,test
21326,train
21327,test
21328,train
21329,test
21330,train
21331,train
21332,train
21333,train
21334,train
21335,train
21336,test
21337,train
21338,train
21339,train
21340,train
21341,train
21342,train
21343,train
21344,train
21345,train
21346,train
21347,train
21348,train
21349,test
21350,train
21351,train
21352,train
21353,test
21354,train
21355,train
21356,train
21357,train
21358,train
21359,train
21360,test
21361,train
21362,test
21363,train
21364,train
21365,train
21366,train
21367,train
21368,train
21369,train
21370,train
21371,test
21372,train
21373,train
21374,train
21375,train
21376,train
21377,test
21378,train
21379,train
21380,train
21381,train
21382,train
21383,train
21384,train
21385,test
21386,test
21387,train
21388,train
21389,train
21390,train
21391,train
21392,test
21393,train
21394,train
21395,train
21396,train
21397,train
21398,train
21399,train
21400,train
21401,train
21402,train
21403,train
21404,test
21405,test
21406,train
21407,test
21408,test
21409,test
21410,train
21411,train
21412,test
21413,train
21414,train
21415,train
21416,train
21417,train
21418,train
21419,train
21420,train
21421,test
21422,test
21423,train
21424,train
21425,train
21426,train
21427,test
21428,test
21429,train
21430,train
21431,train
21432,test
21433,test
21434,train
21435,train
21436,train
21437,train
21438,train
21439,test
21440,train
21441,train
21442,train
21443,train
21444,train
21445,train
21446,train
21447,train
21448,test
21449,train
21450,train
21451,train
21452,test
21453,train
21454,train
21455,test
21456,test
21457,train
21458,train
21459,train
21460,train
21461,train
21462,train
21463,train
21464,test
21465,train
21466,train
21467,train
21468,train
21469,test
21470,test
21471,train
21472,train
21473,train
21474,train
21475,train
21476,train
21477,train
21478,train
21479,test
21480,test
21481,train
21482,train
21483,train
21484,train
21485,train
21486,train
21487,train
21488,train
21489,train
21490,train
21491,train
21492,train
21493,test
21494,train
21495,train
21496,train
21497,train
21498,train
21499,test
21500,test
21501,train
21502,train
21503,train
21504,test
21505,train
21506,test
21507,train
21508,train
21509,train
21510,train
21511,train
21512,train
21513,train
21514,train
21515,train
21516,test
21517,train
21518,test
21519,train
21520,test
21521,train
21522,test
21523,train
21524,train
21525,test
21526,train
21527,train
21528,train
21529,train
21530,test
21531,test
21532,test
21533,train
21534,test
21535,train
21536,test
21537,train
21538,train
21539,train
21540,train
21541,train
21542,test
21543,train
21544,train
21545,train
21546,train
21547,train
21548,train
21549,train
21550,test
21551,train
21552,train
21553,train
21554,test
21555,train
21556,train
21557,test
21558,train
21559,train
21560,train
21561,train
21562,train
21563,test
21564,train
21565,train
21566,train
21567,train
21568,train
21569,train
21570,train
21571,train
21572,test
21573,train
21574,train
21575,train
21576,train
21577,train
21578,train
21579,train
21580,test
21581,train
21582,test
21583,test
21584,test
21585,train
21586,test
21587,train
21588,train
21589,train
21590,train
21591,train
21592,train
21593,train
21594,train
21595,test
21596,test
21597,train
21598,train
21599,train
21600,train
21601,train
21602,train
21603,test
21604,train
21605,train
21606,train
21607,test
21608,train
21609,train
21610,train
21611,train
21612,train
21613,train
21614,train
21615,train
21616,train
21617,train
21618,train
21619,train
21620,train
21621,train
21622,train
21623,train
21624,train
21625,train
21626,train
21627,train
21628,test
21629,train
21630,train
21631,train
21632,train
21633,train
21634,train
21635,train
21636,train
21637,train
21638,train
21639,train
21640,train
21641,train
21642,test
21643,train
21644,train
21645,train
21646,train
21647,test
21648,train
21649,test
21650,train
21651,test
21652,train
21653,test
21654,test
21655,test
21656,train
21657,test
21658,train
21659,train
21660,train
21661,test
21662,train
21663,train
21664,train
21665,train
21666,test
21667,train
21668,test
21669,test
21670,train
21671,test
21672,test
21673,train
21674,train
21675,train
21676,train
21677,train
21678,train
21679,train
21680,test
21681,test
21682,train
21683,train
21684,test
21685,train
21686,test
21687,train
21688,train
21689,train
21690,test
21691,test
21692,train
21693,train
21694,train
21695,train
21696,test
21697,train
21698,train
21699,train
21700,train
21701,train
21702,train
21703,train
21704,train
21705,train
21706,train
21707,train
21708,train
21709,train
21710,train
21711,train
21712,train
21713,train
21714,train
21715,train
21716,test
21717,test
21718,train
21719,train
21720,test
21721,train
21722,train
21723,test
21724,train
21725,train
21726,train
21727,train
21728,train
21729,train
21730,train
21731,test
21732,train
21733,train
21734,train
21735,test
21736,train
21737,train
21738,train
21739,train
21740,test
21741,train
21742,train
21743,train
21744,train
21745,train
21746,test
21747,test
21748,train
21749,train
21750,train
21751,train
21752,train
21753,train
21754,train
21755,train
21756,train
21757,train
21758,train
21759,train
21760,train
21761,train
21762,train
21763,train
21764,train
21765,train
21766,train
21767,train
21768,train
21769,test
21770,test
21771,test
21772,test
21773,train
21774,train
21775,train
21776,train
21777,train
21778,train
21779,train
21780,train
21781,train
21782,train
21783,train
21784,train
21785,test
21786,test
21787,train
21788,train
21789,train
21790,train
21791,train
21792,train
21793,train
21794,train
21795,train
21796,test
21797,train
21798,test
21799,train
21800,train
21801,train
21802,test
21803,train
21804,train
21805,train
21806,test
21807,train
21808,train
21809,train
21810,test
21811,test
21812,test
21813,train
21814,train
21815,train
21816,train
21817,train
21818,train
21819,test
21820,train
21821,train
21822,train
21823,train
21824,test
21825,test
21826,train
21827,train
21828,train
21829,train
21830,train
21831,train
21832,train
21833,train
21834,test
21835,train
21836,train
21837,train
21838,train
21839,test
21840,train
21841,train
21842,train
21843,train
21844,test
21845,train
21846,train
21847,train
21848,train
21849,train
21850,train
21851,train
21852,test
21853,train
21854,train
21855,train
21856,train
21857,train
21858,train
21859,train
21860,train
21861,train
21862,train
21863,train
21864,train
21865,train
21866,train
21867,train
21868,train
21869,test
21870,test
21871,train
21872,train
21873,train
21874,test
21875,train
21876,train
21877,train
21878,train
21879,train
21880,train
21881,train
21882,train
21883,train
21884,train
21885,train
21886,train
21887,train
21888,train
21889,train
21890,train
21891,train
21892,train
21893,train
21894,train
21895,test
21896,test
21897,train
21898,train
21899,train
21900,train
21901,train
21902,test
21903,train
21904,train
21905,train
21906,test
21907,train
21908,train
21909,train
21910,train
21911,train
21912,train
21913,train
21914,test
21915,train
21916,train
21917,train
21918,train
21919,train
21920,train
21921,train
21922,train
21923,train
21924,train
21925,train
21926,train
21927,test
21928,test
21929,train
21930,test
21931,test
21932,test
21933,train
21934,train
21935,train
21936,train
21937,train
21938,train
21939,train
21940,train
21941,train
21942,test
21943,train
21944,train
21945,train
21946,train
21947,test
21948,test
21949,train
21950,train
21951,train
21952,test
21953,train
21954,train
21955,train
21956,train
21957,test
21958,train
21959,train
21960,train
21961,train
21962,train
21963,test
21964,train
21965,train
21966,train
21967,train
21968,train
21969,train
21970,train
21971,train
21972,train
21973,train
21974,train
21975,train
21976,train
21977,train
21978,train
21979,train
21980,train
21981,train
21982,train
21983,train
21984,train
21985,train
21986,train
21987,train
21988,train
21989,train
21990,train
21991,train
21992,train
21993,train
21994,train
21995,train
21996,train
21997,test
21998,train
21999,train
22000,train
22001,train
22002,test
22003,train
22004,train
22005,train
22006,train
22007,test
22008,train
22009,test
22010,train
22011,train
22012,train
22013,train
22014,train
22015,test
22016,train
22017,train
22018,train
22019,train
22020,train
22021,train
22022,train
22023,test
22024,test
22025,train
22026,train
22027,train
22028,train
22029,train
22030,train
22031,train
22032,train
22033,test
22034,test
22035,test
22036,train
22037,train
22038,train
22039,train
22040,test
22041,train
22042,train
22043,test
22044,train
22045,train
22046,test
22047,train
22048,train
22049,train
22050,test
22051,train
22052,train
22053,train
22054,test
22055,train
22056,train
22057,test
22058,train
22059,train
22060,test
22061,train
22062,test
22063,train
22064,test
22065,train
22066,test
22067,train
22068,train
22069,train
22070,test
22071,train
22072,test
22073,train
22074,train
22075,train
22076,train
22077,train
22078,train
22079,train
22080,train
22081,train
22082,train
22083,train
22084,train
22085,train
22086,train
22087,train
22088,train
22089,train
22090,train
22091,train
22092,train
22093,test
22094,train
22095,train
22096,train
22097,train
22098,train
22099,train
22100,train
22101,train
22102,train
22103,train
22104,train
22105,train
22106,train
22107,train
22108,train
22109,train
22110,train
22111,train
22112,train
22113,test
22114,train
22115,train
22116,train
22117,train
22118,train
22119,train
22120,train
22121,train
22122,train
22123,test
22124,train
22125,train
22126,train
22127,test
22128,train
22129,train
22130,train
22131,train
22132,train
22133,train
22134,train
22135,train
22136,test
22137,train
22138,test
22139,train
22140,train
22141,test
22142,train
22143,train
22144,train
22145,test
22146,train
22147,train
22148,train
22149,train
22150,test
22151,train
22152,train
22153,train
22154,train
22155,train
22156,train
22157,train
22158,train
22159,test
22160,test
22161,train
22162,train
22163,test
22164,test
22165,test
22166,train
22167,train
22168,train
22169,train
22170,train
22171,train
22172,test
22173,train
22174,train
22175,train
22176,train
22177,train
22178,test
22179,train
22180,train
22181,train
22182,train
22183,train
22184,train
22185,train
22186,train
22187,train
22188,train
22189,train
22190,train
22191,train
22192,test
22193,train
22194,train
22195,train
22196,test
22197,train
22198,train
22199,train
22200,train
22201,train
22202,train
22203,train
22204,train
22205,train
22206,train
22207,train
22208,test
22209,train
22210,train
22211,train
22212,test
22213,train
22214,train
22215,train
22216,test
22217,train
22218,train
22219,train
22220,test
22221,test
22222,train
22223,train
22224,test
22225,train
22226,train
22227,train
22228,train
22229,train
22230,train
22231,train
22232,train
22233,train
22234,test
22235,train
22236,train
22237,train
22238,train
22239,train
22240,train
22241,train
22242,train
22243,train
22244,train
22245,train
22246,train
22247,train
22248,test
22249,train
22250,test
22251,train
22252,train
22253,train
22254,train
22255,train
22256,train
22257,test
22258,train
22259,train
22260,train
22261,train
22262,train
22263,train
22264,train
22265,train
22266,train
22267,train
22268,train
22269,train
22270,train
22271,train
22272,train
22273,train
22274,test
22275,train
22276,train
22277,train
22278,test
22279,train
22280,train
22281,test
22282,train
22283,train
22284,train
22285,train
22286,test
22287,train
22288,train
22289,train
22290,train
22291,train
22292,train
22293,train
22294,train
22295,train
22296,test
22297,train
22298,test
22299,train
22300,train
22301,train
22302,train
22303,train
22304,train
22305,test
22306,train
22307,train
22308,train
22309,test
22310,train
22311,train
22312,test
22313,train
22314,train
22315,test
22316,test
22317,test
22318,train
22319,train
22320,train
22321,test
22322,train
22323,train
22324,train
22325,test
22326,train
22327,train
22328,test
22329,train
22330,train
22331,train
22332,train
22333,train
22334,train
22335,train
22336,test
22337,train
22338,train
22339,train
22340,train
22341,train
22342,train
22343,train
22344,train
22345,train
22346,train
22347,test
22348,test
22349,train
22350,train
22351,test
22352,test
22353,train
22354,test
22355,train
22356,train
22357,train
22358,train
22359,train
22360,train
22361,train
22362,train
22363,test
22364,train
22365,train
22366,train
22367,test
22368,train
22369,train
22370,train
22371,train
22372,train
22373,train
22374,train
22375,train
22376,test
22377,train
22378,test
22379,train
22380,train
22381,train
22382,train
22383,test
22384,train
22385,train
22386,train
22387,train
22388,train
22389,test
22390,train
22391,test
22392,train
22393,train
22394,train
22395,train
22396,test
22397,test
22398,test
22399,train
22400,train
22401,train
22402,train
22403,test
22404,train
22405,train
22406,test
22407,test
22408,train
22409,train
22410,train
22411,train
22412,train
22413,train
22414,train
22415,train
22416,train
22417,train
22418,train
22419,train
22420,test
22421,train
22422,train
22423,train
22424,train
22425,train
22426,train
22427,train
22428,train
22429,train
22430,train
22431,train
22432,train
22433,train
22434,train
22435,test
22436,train
22437,test
22438,train
22439,train
22440,train
22441,train
22442,train
22443,train
22444,train
22445,test
22446,test
22447,train
22448,test
22449,train
22450,test
22451,test
22452,train
22453,train
22454,test
22455,train
22456,train
22457,train
22458,train
22459,train
22460,train
22461,train
22462,train
22463,train
22464,train
22465,train
22466,train
22467,train
22468,train
22469,train
22470,train
22471,train
22472,train
22473,train
22474,train
22475,train
22476,train
22477,train
22478,train
22479,train
22480,train
22481,train
22482,train
22483,train
22484,test
22485,train
22486,train
22487,train
22488,train
22489,train
22490,train
22491,train
22492,train
22493,train
22494,train
22495,train
22496,train
22497,test
22498,train
22499,test
22500,train
22501,train
22502,train
22503,test
22504,train
22505,train
22506,train
22507,train
22508,train
22509,train
22510,train
22511,train
22512,test
22513,train
22514,train
22515,train
22516,train
22517,test
22518,train
22519,train
22520,test
22521,test
22522,test
22523,train
22524,test
22525,train
22526,train
22527,train
22528,train
22529,train
22530,train
22531,test
22532,train
22533,test
22534,test
22535,test
22536,train
22537,train
22538,train
22539,test
22540,train
22541,train
22542,train
22543,train
22544,train
22545,train
22546,train
22547,train
22548,train
22549,train
22550,train
22551,test
22552,train
22553,train
22554,train
22555,train
22556,train
22557,train
22558,train
22559,test
22560,train
22561,train
22562,test
22563,train
22564,train
22565,train
22566,test
22567,train
22568,train
22569,test
22570,train
22571,train
22572,train
22573,test
22574,train
22575,train
22576,train
22577,train
22578,train
22579,test
22580,train
22581,train
22582,train
22583,test
22584,train
22585,train
22586,train
22587,test
22588,train
22589,train
22590,train
22591,test
22592,train
22593,train
22594,train
22595,train
22596,train
22597,train
22598,train
22599,test
22600,train
22601,train
22602,train
22603,train
22604,test
22605,train
22606,train
22607,train
22608,train
22609,train
22610,train
22611,train
22612,train
22613,test
22614,train
22615,train
22616,train
22617,test
22618,train
22619,train
22620,train
22621,train
22622,train
22623,train
22624,test
22625,test
22626,test
22627,train
22628,train
22629,train
22630,train
22631,test
22632,train
22633,test
22634,train
22635,train
22636,train
22637,train
22638,train
22639,train
22640,test
22641,train
22642,train
22643,train
22644,test
22645,train
22646,train
22647,train
22648,train
22649,train
22650,train
22651,train
22652,train
22653,train
22654,train
22655,train
22656,train
22657,train
22658,test
22659,train
22660,test
22661,train
22662,train
22663,train
22664,train
22665,train
22666,train
22667,train
22668,train
22669,train
22670,train
22671,train
22672,test
22673,train
22674,train
22675,test
22676,train
22677,test
22678,train
22679,test
22680,train
22681,train
22682,train
22683,train
22684,train
22685,train
22686,train
22687,train
22688,train
22689,train
22690,train
22691,train
22692,train
22693,train
22694,train
22695,test
22696,train
22697,test
22698,test
22699,test
22700,train
22701,train
22702,test
22703,train
22704,train
22705,train
22706,test
22707,train
22708,train
22709,train
22710,train
22711,train
22712,train
22713,train
22714,test
22715,test
22716,test
22717,test
22718,train
22719,train
22720,train
22721,train
22722,train
22723,train
22724,train
22725,train
22726,train
22727,train
22728,train
22729,train
22730,train
22731,train
22732,train
22733,train
22734,train
22735,train
22736,train
22737,train
22738,train
22739,test
22740,train
22741,train
22742,test
22743,train
22744,test
22745,train
22746,test
22747,test
22748,train
22749,train
22750,test
22751,train
22752,train
22753,train
22754,train
22755,train
22756,test
22757,train
22758,train
22759,test
22760,train
22761,train
22762,train
22763,train
22764,train
22765,train
22766,train
22767,train
22768,train
22769,train
22770,train
22771,test
22772,test
22773,train
22774,train
22775,train
22776,train
22777,train
22778,test
22779,train
22780,test
22781,train
22782,train
22783,train
22784,train
22785,train
22786,train
22787,train
22788,test
22789,train
22790,train
22791,train
22792,train
22793,train
22794,train
22795,train
22796,train
22797,test
22798,test
22799,train
22800,test
22801,train
22802,train
22803,train
22804,train
22805,train
22806,train
22807,test
22808,train
22809,train
22810,train
22811,train
22812,test
22813,test
22814,train
22815,test
22816,train
22817,train
22818,train
22819,test
22820,train
22821,train
22822,train
22823,train
22824,train
22825,train
22826,train
22827,train
22828,train
22829,test
22830,train
22831,train
22832,train
22833,train
22834,train
22835,train
22836,train
22837,train
22838,train
22839,train
22840,train
22841,train
22842,train
22843,train
22844,train
22845,train
22846,test
22847,train
22848,train
22849,train
22850,test
22851,train
22852,train
22853,train
22854,train
22855,train
22856,train
22857,train
22858,test
22859,train
22860,train
22861,train
22862,train
22863,test
22864,train
22865,train
22866,train
22867,train
22868,train
22869,train
22870,train
22871,train
22872,train
22873,train
22874,train
22875,train
22876,test
22877,train
22878,train
22879,train
22880,train
22881,train
22882,train
22883,train
22884,train
22885,train
22886,test
22887,train
22888,train
22889,train
22890,train
22891,train
22892,train
22893,train
22894,train
22895,train
22896,train
22897,train
22898,train
22899,train
22900,test
22901,train
22902,test
22903,train
22904,train
22905,train
22906,train
22907,train
22908,train
22909,train
22910,train
22911,train
22912,test
22913,train
22914,test
22915,test
22916,train
22917,train
22918,train
22919,train
22920,train
22921,train
22922,train
22923,train
22924,train
22925,test
22926,train
22927,train
22928,test
22929,train
22930,train
22931,train
22932,train
22933,train
22934,train
22935,train
22936,train
22937,train
22938,test
22939,train
22940,train
22941,train
22942,train
22943,train
22944,train
22945,test
22946,train
22947,train
22948,train
22949,test
22950,train
22951,train
22952,train
22953,test
22954,train
22955,train
22956,test
22957,train
22958,test
22959,train
22960,train
22961,test
22962,train
22963,train
22964,train
22965,train
22966,train
22967,train
22968,train
22969,test
22970,train
22971,train
22972,train
22973,test
22974,train
22975,train
22976,train
22977,test
22978,train
22979,test
22980,train
22981,train
22982,train
22983,train
22984,train
22985,train
22986,train
22987,train
22988,test
22989,train
22990,test
22991,test
22992,test
22993,train
22994,test
22995,train
22996,train
22997,train
22998,train
22999,train
23000,train
23001,train
23002,train
23003,train
23004,train
23005,train
23006,test
23007,train
23008,train
23009,train
23010,train
23011,train
23012,train
23013,train
23014,train
23015,train
23016,train
23017,train
23018,train
23019,train
23020,train
23021,train
23022,test
23023,test
23024,train
23025,test
23026,train
23027,train
23028,train
23029,train
23030,train
23031,train
23032,test
23033,test
23034,train
23035,train
23036,train
23037,test
23038,train
23039,train
23040,train
23041,train
23042,train
23043,train
23044,train
23045,test
23046,test
23047,test
23048,train
23049,train
23050,train
23051,train
23052,train
23053,train
23054,train
23055,test
23056,test
23057,train
23058,test
23059,train
23060,test
23061,train
23062,train
23063,train
23064,train
23065,test
23066,train
23067,train
23068,train
23069,train
23070,train
23071,train
23072,train
23073,train
23074,train
23075,train
23076,train
23077,train
23078,train
23079,train
23080,train
23081,train
23082,train
23083,train
23084,test
23085,test
23086,train
23087,test
23088,train
23089,train
23090,train
23091,train
23092,test
23093,train
23094,test
23095,train
23096,train
23097,train
23098,train
23099,train
23100,train
23101,test
23102,test
23103,train
23104,train
23105,train
23106,train
23107,train
23108,train
23109,train
23110,train
23111,train
23112,train
23113,train
23114,train
23115,train
23116,train
23117,test
23118,train
23119,train
23120,train
23121,train
23122,test
23123,train
23124,train
23125,train
23126,train
23127,train
23128,test
23129,train
23130,train
23131,train
23132,test
23133,train
23134,test
23135,train
23136,test
23137,train
23138,train
23139,test
23140,train
23141,train
23142,train
23143,train
23144,train
23145,train
23146,train
23147,train
23148,train
23149,test
23150,train
23151,train
23152,train
23153,train
23154,train
23155,train
23156,train
23157,train
23158,train
23159,train
23160,train
23161,test
23162,train
23163,train
23164,train
23165,train
23166,train
23167,test
23168,test
23169,test
23170,train
23171,train
23172,train
23173,test
23174,train
23175,train
23176,train
23177,train
23178,test
23179,train
23180,train
23181,train
23182,test
23183,train
23184,train
23185,train
23186,train
23187,train
23188,train
23189,train
23190,train
23191,train
23192,train
23193,train
23194,test
23195,train
23196,test
23197,test
23198,train
23199,test
23200,train
23201,test
23202,train
23203,train
23204,train
23205,train
23206,train
23207,train
23208,train
23209,train
23210,train
23211,train
23212,train
23213,train
23214,train
23215,train
23216,train
23217,test
23218,train
23219,train
23220,test
23221,train
23222,train
23223,train
23224,train
23225,train
23226,train
23227,train
23228,train
23229,train
23230,train
23231,train
23232,test
23233,train
23234,train
23235,train
23236,train
23237,train
23238,train
23239,train
23240,train
23241,train
23242,train
23243,train
23244,train
23245,train
23246,train
23247,train
23248,train
23249,train
23250,train
23251,test
23252,train
23253,test
23254,train
23255,train
23256,train
23257,train
23258,train
23259,train
23260,train
23261,train
23262,train
23263,train
23264,train
23265,train
23266,test
23267,train
23268,train
23269,train
23270,test
23271,test
23272,train
23273,train
23274,test
23275,train
23276,train
23277,train
23278,train
23279,train
23280,train
23281,train
23282,train
23283,train
23284,train
23285,train
23286,train
23287,test
23288,test
23289,train
23290,test
23291,test
23292,test
23293,train
23294,train
23295,train
23296,train
23297,train
23298,train
23299,train
23300,train
23301,train
23302,train
23303,train
23304,test
23305,test
23306,train
23307,train
23308,train
23309,train
23310,train
23311,train
23312,train
23313,train
23314,train
23315,test
23316,test
23317,train
23318,train
23319,train
23320,train
23321,train
23322,train
23323,train
23324,train
23325,train
23326,train
23327,train
23328,train
23329,train
23330,train
23331,train
23332,train
23333,test
23334,train
23335,test
23336,train
23337,train
23338,test
23339,train
23340,train
23341,train
23342,test
23343,train
23344,train
23345,train
23346,train
23347,train
23348,train
23349,train
23350,train
23351,train
23352,train
23353,train
23354,train
23355,train
23356,test
23357,train
23358,train
23359,train
23360,train
23361,train
23362,test
23363,train
23364,train
23365,train
23366,train
23367,train
23368,train
23369,train
23370,train
23371,train
23372,train
23373,train
23374,train
23375,test
23376,train
23377,train
23378,test
23379,train
23380,train
23381,train
23382,train
23383,train
23384,train
23385,train
23386,train
23387,train
23388,test
23389,train
23390,train
23391,test
23392,train
23393,train
23394,train
23395,train
23396,train
23397,train
23398,train
23399,train
23400,train
23401,train
23402,train
23403,train
23404,train
23405,test
23406,train
23407,test
23408,train
23409,train
23410,train
23411,train
23412,train
23413,train
23414,train
23415,train
23416,test
23417,train
23418,test
23419,test
23420,train
23421,train
23422,train
23423,train
23424,train
23425,train
23426,test
23427,test
23428,test
23429,train
23430,train
23431,test
23432,train
23433,test
23434,train
23435,train
23436,train
23437,train
23438,train
23439,train
23440,train
23441,train
23442,test
23443,train
23444,train
23445,train
23446,train
23447,train
23448,train
23449,train
23450,test
23451,train
23452,train
23453,train
23454,train
23455,train
23456,train
23457,train
23458,train
23459,train
23460,train
23461,train
23462,train
23463,train
23464,train
23465,train
23466,train
23467,train
23468,train
23469,test
23470,train
23471,train
23472,train
23473,test
23474,train
23475,train
23476,train
23477,test
23478,train
23479,train
23480,train
23481,train
23482,train
23483,test
23484,test
23485,test
23486,train
23487,train
23488,test
23489,train
23490,train
23491,train
23492,test
23493,test
23494,test
23495,train
23496,test
23497,train
23498,train
23499,train
23500,train
23501,test
23502,train
23503,train
23504,train
23505,train
23506,train
23507,train
23508,train
23509,train
23510,train
23511,test
23512,train
23513,train
23514,train
23515,train
23516,train
23517,train
23518,train
23519,train
23520,train
23521,train
23522,train
23523,train
23524,train
23525,train
23526,train
23527,test
23528,train
23529,train
23530,train
23531,train
23532,train
23533,train
23534,train
23535,train
23536,train
23537,train
23538,train
23539,train
23540,train
23541,train
23542,train
23543,train
23544,train
23545,test
23546,train
23547,train
23548,test
23549,train
23550,train
23551,train
23552,train
23553,train
23554,train
23555,train
23556,train
23557,train
23558,train
23559,train
23560,train
23561,train
23562,train
23563,train
23564,train
23565,train
23566,train
23567,test
23568,train
23569,test
23570,train
23571,train
23572,train
23573,train
23574,train
23575,train
23576,test
23577,train
23578,train
23579,test
23580,train
23581,train
23582,train
23583,test
23584,train
23585,train
23586,train
23587,train
23588,train
23589,train
23590,train
23591,train
23592,train
23593,test
23594,train
23595,train
23596,train
23597,train
23598,test
23599,train
23600,train
23601,test
23602,train
23603,train
23604,train
23605,train
23606,train
23607,test
23608,train
23609,train
23610,train
23611,train
23612,train
23613,train
23614,train
23615,train
23616,train
23617,train
23618,test
23619,train
23620,test
23621,train
23622,train
23623,train
23624,train
23625,test
23626,test
23627,train
23628,train
23629,train
23630,train
23631,train
23632,train
23633,test
23634,test
23635,train
23636,train
23637,train
23638,train
23639,train
23640,test
23641,train
23642,train
23643,train
23644,train
23645,train
23646,train
23647,train
23648,test
23649,train
23650,test
23651,train
23652,train
23653,train
23654,test
23655,train
23656,train
23657,train
23658,train
23659,train
23660,train
23661,train
23662,train
23663,train
23664,train
23665,test
23666,test
23667,train
23668,train
23669,train
23670,test
23671,train
23672,train
23673,train
23674,train
23675,train
23676,train
23677,test
23678,test
23679,train
23680,test
23681,train
23682,train
23683,train
23684,train
23685,train
23686,train
23687,train
23688,train
23689,train
23690,train
23691,train
23692,train
23693,test
23694,train
23695,test
23696,train
23697,test
23698,train
23699,train
23700,train
23701,test
23702,train
23703,train
23704,train
23705,train
23706,train
23707,train
23708,train
23709,train
23710,train
23711,train
23712,test
23713,test
23714,train
23715,train
23716,test
23717,train
23718,train
23719,test
23720,train
23721,train
23722,train
23723,train
23724,train
23725,train
23726,train
23727,test
23728,train
23729,train
23730,train
23731,train
23732,train
23733,train
23734,train
23735,test
23736,train
23737,train
23738,train
23739,train
23740,train
23741,test
23742,test
23743,train
23744,train
23745,train
23746,train
23747,train
23748,train
23749,train
23750,train
23751,train
23752,train
23753,train
23754,train
23755,train
23756,train
23757,test
23758,train
23759,train
23760,train
23761,train
23762,train
23763,train
23764,test
23765,test
23766,train
23767,train
23768,train
23769,train
23770,train
23771,train
23772,train
23773,train
23774,test
23775,test
23776,train
23777,train
23778,train
23779,train
23780,train
23781,train
23782,test
23783,train
23784,test
23785,test
23786,train
23787,train
23788,train
23789,train
23790,test
23791,train
23792,train
23793,train
23794,test
23795,test
23796,train
23797,train
23798,train
23799,train
23800,train
23801,test
23802,test
23803,train
23804,train
23805,train
23806,train
23807,train
23808,train
23809,train
23810,test
23811,train
23812,train
23813,test
23814,train
23815,train
23816,train
23817,test
23818,train
23819,train
23820,train
23821,train
23822,train
23823,train
23824,train
23825,train
23826,train
23827,test
23828,train
23829,train
23830,train
23831,train
23832,train
23833,train
23834,train
23835,test
23836,test
23837,train
23838,train
23839,train
23840,train
23841,train
23842,train
23843,train
23844,train
23845,train
23846,train
23847,test
23848,train
23849,train
23850,test
23851,train
23852,train
23853,train
23854,train
23855,train
23856,train
23857,train
23858,test
23859,test
23860,train
23861,train
23862,train
23863,train
23864,train
23865,test
23866,test
23867,test
23868,train
23869,train
23870,test
23871,test
23872,train
23873,test
23874,train
23875,train
23876,test
23877,test
23878,train
23879,test
23880,train
23881,test
23882,train
23883,train
23884,train
23885,train
23886,train
23887,train
23888,test
23889,train
23890,train
23891,train
23892,train
23893,train
23894,train
23895,train
23896,train
23897,train
23898,train
23899,train
23900,train
23901,train
23902,train
23903,test
23904,train
23905,train
23906,train
23907,train
23908,train
23909,train
23910,test
23911,train
23912,train
23913,test
23914,train
23915,train
23916,train
23917,train
23918,test
23919,train
23920,train
23921,train
23922,train
23923,train
23924,train
23925,train
23926,test
23927,train
23928,test
23929,train
23930,train
23931,train
23932,train
23933,train
23934,test
23935,test
23936,train
23937,train
23938,train
23939,train
23940,train
23941,train
23942,train
23943,train
23944,train
23945,train
23946,train
23947,test
23948,train
23949,train
23950,train
23951,test
23952,train
23953,train
23954,train
23955,train
23956,test
23957,train
23958,train
23959,train
23960,test
23961,train
23962,train
23963,train
23964,train
23965,train
23966,train
23967,train
23968,train
23969,train
23970,train
23971,train
23972,test
23973,train
23974,train
23975,test
23976,train
23977,train
23978,train
23979,train
23980,train
23981,train
23982,train
23983,train
23984,train
23985,train
23986,test
23987,train
23988,train
23989,train
23990,train
23991,train
23992,train
23993,train
23994,train
23995,train
23996,train
23997,train
23998,train
23999,test
24000,train
24001,train
24002,train
24003,train
24004,test
24005,train
24006,test
24007,train
24008,train
24009,train
24010,train
24011,train
24012,train
24013,train
24014,train
24015,train
24016,train
24017,train
24018,train
24019,train
24020,train
24021,train
24022,train
24023,train
24024,train
24025,test
24026,test
24027,test
24028,train
24029,train
24030,train
24031,train
24032,test
24033,train
24034,train
24035,train
24036,train
24037,test
24038,train
24039,train
24040,train
24041,train
24042,train
24043,train
24044,test
24045,train
24046,train
24047,train
24048,train
24049,train
24050,train
24051,train
24052,train
24053,train
24054,train
24055,train
24056,train
24057,test
24058,train
24059,train
24060,train
24061,test
24062,train
24063,train
24064,test
24065,train
24066,train
24067,train
24068,train
24069,train
24070,train
24071,test
24072,test
24073,test
24074,train
24075,train
24076,test
24077,test
24078,train
24079,test
24080,train
24081,train
24082,train
24083,train
24084,train
24085,train
24086,train
24087,test
24088,train
24089,test
24090,train
24091,train
24092,train
24093,test
24094,train
24095,test
24096,train
24097,train
24098,train
24099,train
24100,train
24101,train
24102,test
24103,train
24104,train
24105,train
24106,train
24107,train
24108,train
24109,train
24110,train
24111,test
24112,test
24113,test
24114,test
24115,train
24116,train
24117,train
24118,train
24119,test
24120,train
24121,train
24122,train
24123,train
24124,train
24125,train
24126,test
24127,train
24128,train
24129,test
24130,train
24131,train
24132,test
24133,train
24134,train
24135,test
24136,train
24137,train
24138,train
24139,test
24140,test
24141,train
24142,test
24143,train
24144,train
24145,train
24146,train
24147,test
24148,train
24149,test
24150,train
24151,train
24152,train
24153,train
24154,train
24155,train
24156,train
24157,test
24158,train
24159,train
24160,train
24161,train
24162,test
24163,train
24164,train
24165,train
24166,train
24167,train
24168,train
24169,train
24170,train
24171,train
24172,test
24173,train
24174,test
24175,test
24176,train
24177,train
24178,train
24179,train
24180,train
24181,train
24182,train
24183,train
24184,train
24185,train
24186,train
24187,train
24188,test
24189,train
24190,train
24191,train
24192,train
24193,train
24194,train
24195,train
24196,train
24197,train
24198,train
24199,train
24200,train
24201,train
24202,train
24203,test
24204,train
24205,test
24206,train
24207,train
24208,train
24209,test
24210,train
24211,train
24212,test
24213,train
24214,train
24215,train
24216,test
24217,train
24218,train
24219,train
24220,train
24221,train
24222,train
24223,test
24224,test
24225,train
24226,test
24227,test
24228,train
24229,train
24230,train
24231,train
24232,test
24233,train
24234,train
24235,train
24236,test
24237,train
24238,test
24239,train
24240,test
24241,test
24242,train
24243,train
24244,train
24245,train
24246,train
24247,train
24248,test
24249,train
24250,train
24251,train
24252,test
24253,test
24254,train
24255,train
24256,train
24257,train
24258,train
24259,train
24260,train
24261,train
24262,train
24263,train
24264,test
24265,test
24266,train
24267,train
24268,test
24269,train
24270,train
24271,train
24272,train
24273,train
24274,train
24275,train
24276,train
24277,train
24278,train
24279,train
24280,train
24281,test
24282,train
24283,test
24284,train
24285,train
24286,test
24287,train
24288,train
24289,test
24290,train
24291,train
24292,test
24293,train
24294,train
24295,train
24296,train
24297,train
24298,train
24299,train
24300,train
24301,train
24302,train
24303,test
24304,train
24305,train
24306,train
24307,test
24308,train
24309,test
24310,train
24311,train
24312,train
24313,train
24314,train
24315,train
24316,train
24317,train
24318,train
24319,train
24320,train
24321,train
24322,train
24323,train
24324,train
24325,train
24326,train
24327,train
24328,train
24329,train
24330,train
24331,test
24332,test
24333,train
24334,train
24335,train
24336,train
24337,train
24338,train
24339,train
24340,test
24341,train
24342,train
24343,train
24344,train
24345,train
24346,train
24347,train
24348,train
24349,train
24350,train
24351,train
24352,train
24353,train
24354,train
24355,train
24356,test
24357,train
24358,train
24359,test
24360,train
24361,train
24362,train
24363,test
24364,train
24365,test
24366,train
24367,train
24368,train
24369,test
24370,train
24371,train
24372,train
24373,train
24374,train
24375,train
24376,train
24377,train
24378,test
24379,test
24380,train
24381,train
24382,train
24383,train
24384,test
24385,train
24386,train
24387,train
24388,train
24389,train
24390,test
24391,train
24392,train
24393,test
24394,train
24395,train
24396,train
24397,train
24398,train
24399,train
24400,train
24401,train
24402,train
24403,train
24404,train
24405,test
24406,train
24407,train
24408,train
24409,train
24410,train
24411,train
24412,train
24413,test
24414,test
24415,train
24416,train
24417,train
24418,train
24419,train
24420,train
24421,train
24422,train
24423,train
24424,train
24425,train
24426,train
24427,train
24428,train
24429,train
24430,train
24431,test
24432,train
24433,train
24434,train
24435,train
24436,test
24437,train
24438,train
24439,train
24440,train
24441,train
24442,train
24443,train
24444,train
24445,train
24446,train
24447,train
24448,train
24449,test
24450,train
24451,train
24452,train
24453,train
24454,train
24455,train
24456,test
24457,train
24458,train
24459,train
24460,train
24461,train
24462,train
24463,train
24464,test
24465,train
24466,test
24467,train
24468,test
24469,train
24470,train
24471,train
24472,test
24473,train
24474,train
24475,train
24476,train
24477,train
24478,test
24479,train
24480,train
24481,train
24482,test
24483,train
24484,train
24485,train
24486,train
24487,train
24488,test
24489,train
24490,train
24491,train
24492,train
24493,train
24494,train
24495,train
24496,train
24497,test
24498,train
24499,train
24500,train
24501,test
24502,train
24503,train
24504,test
24505,train
24506,train
24507,train
24508,train
24509,train
24510,train
24511,train
24512,test
24513,train
24514,train
24515,test
24516,train
24517,train
24518,train
24519,train
24520,train
24521,train
24522,test
24523,test
24524,train
24525,train
24526,train
24527,train
24528,train
24529,train
24530,train
24531,train
24532,train
24533,train
24534,train
24535,train
24536,train
24537,train
24538,train
24539,test
24540,train
24541,test
24542,train
24543,train
24544,train
24545,train
24546,train
24547,train
24548,train
24549,train
24550,train
24551,train
24552,test
24553,train
24554,train
24555,train
24556,train
24557,test
24558,train
24559,test
24560,train
24561,train
24562,train
24563,test
24564,train
24565,train
24566,test
24567,train
24568,train
24569,train
24570,train
24571,train
24572,train
24573,train
24574,test
24575,train
24576,train
24577,train
24578,train
24579,train
24580,train
24581,train
24582,train
24583,train
24584,train
24585,train
24586,train
24587,train
24588,test
24589,train
24590,train
24591,train
24592,train
24593,train
24594,train
24595,train
24596,train
24597,train
24598,train
24599,test
24600,train
24601,train
24602,test
24603,train
24604,train
24605,train
24606,train
24607,test
24608,train
24609,train
24610,train
24611,test
24612,train
24613,train
24614,train
24615,train
24616,train
24617,train
24618,train
24619,train
24620,train
24621,test
24622,train
24623,train
24624,train
24625,test
24626,train
24627,test
24628,train
24629,test
24630,train
24631,train
24632,train
24633,train
24634,test
24635,train
24636,train
24637,train
24638,train
24639,train
24640,train
24641,train
24642,train
24643,train
24644,test
24645,test
24646,train
24647,test
24648,train
24649,train
24650,train
24651,train
24652,train
24653,train
24654,train
24655,train
24656,train
24657,train
24658,train
24659,test
24660,train
24661,train
24662,test
24663,train
24664,train
24665,train
24666,test
24667,train
24668,train
24669,train
24670,test
24671,train
24672,train
24673,train
24674,train
24675,train
24676,train
24677,train
24678,train
24679,train
24680,train
24681,train
24682,train
24683,train
24684,train
24685,train
24686,train
24687,train
24688,test
24689,train
24690,train
24691,train
24692,train
24693,test
24694,train
24695,train
24696,train
24697,train
24698,test
24699,train
24700,train
24701,test
24702,train
24703,test
24704,test
24705,train
24706,test
24707,train
24708,train
24709,test
24710,test
24711,train
24712,train
24713,train
24714,test
24715,train
24716,train
24717,train
24718,train
24719,train
24720,train
24721,train
24722,train
24723,train
24724,train
24725,test
24726,train
24727,train
24728,train
24729,train
24730,test
24731,test
24732,train
24733,test
24734,train
24735,train
24736,test
24737,train
24738,train
24739,test
24740,test
24741,test
24742,test
24743,train
24744,train
24745,test
24746,train
24747,train
24748,train
24749,train
24750,train
24751,train
24752,train
24753,train
24754,train
24755,train
24756,train
24757,train
24758,train
24759,train
24760,train
24761,test
24762,train
24763,train
24764,train
24765,train
24766,train
24767,train
24768,train
24769,train
24770,train
24771,test
24772,test
24773,train
24774,train
24775,train
24776,test
24777,train
24778,train
24779,train
24780,train
24781,train
24782,train
24783,train
24784,train
24785,train
24786,train
24787,train
24788,train
24789,train
24790,train
24791,train
24792,test
24793,test
24794,train
24795,train
24796,train
24797,train
24798,train
24799,train
24800,train
24801,train
24802,train
24803,train
24804,train
24805,train
24806,train
24807,test
24808,train
24809,train
24810,train
24811,train
24812,train
24813,train
24814,train
24815,test
24816,train
24817,train
24818,train
24819,train
24820,train
24821,train
24822,test
24823,train
24824,train
24825,train
24826,train
24827,train
24828,train
24829,train
24830,train
24831,train
24832,train
24833,train
24834,train
24835,train
24836,test
24837,train
24838,test
24839,train
24840,test
24841,train
24842,test
24843,train
24844,test
24845,test
24846,train
24847,train
24848,train
24849,train
24850,test
24851,train
24852,train
24853,train
24854,train
24855,test
24856,train
24857,train
24858,train
24859,train
24860,train
24861,train
24862,train
24863,train
24864,test
24865,train
24866,train
24867,train
24868,test
24869,test
24870,train
24871,train
24872,train
24873,train
24874,train
24875,train
24876,train
24877,train
24878,train
24879,train
24880,train
24881,train
24882,train
24883,train
24884,train
24885,train
24886,train
24887,train
24888,train
24889,train
24890,train
24891,train
24892,train
24893,train
24894,train
24895,train
24896,train
24897,train
24898,train
24899,train
24900,train
24901,test
24902,train
24903,train
24904,test
24905,train
24906,train
24907,train
24908,train
24909,train
24910,train
24911,test
24912,train
24913,train
24914,test
24915,train
24916,test
24917,test
24918,train
24919,test
24920,train
24921,test
24922,train
24923,train
24924,train
24925,train
24926,test
24927,train
24928,train
24929,train
24930,train
24931,train
24932,train
24933,train
24934,train
24935,train
24936,train
24937,train
24938,train
24939,train
24940,train
24941,train
24942,train
24943,train
24944,train
24945,train
24946,test
24947,train
24948,train
24949,train
24950,train
24951,test
24952,train
24953,train
24954,train
24955,test
24956,train
24957,train
24958,test
24959,test
24960,train
24961,train
24962,train
24963,train
24964,train
24965,train
24966,train
24967,test
24968,test
24969,train
24970,train
24971,train
24972,train
24973,test
24974,train
24975,train
24976,test
24977,train
24978,train
24979,train
24980,train
24981,train
24982,train
24983,test
24984,train
24985,train
24986,test
24987,train
24988,train
24989,train
24990,train
24991,train
24992,test
24993,train
24994,train
24995,train
24996,train
24997,test
24998,train
24999,train
25000,train
25001,train
25002,train
25003,train
25004,train
25005,train
25006,train
25007,test
25008,test
25009,test
25010,train
25011,train
25012,train
25013,train
25014,train
25015,train
25016,train
25017,train
25018,train
25019,train
25020,train
25021,train
25022,train
25023,train
25024,train
25025,train
25026,train
25027,train
25028,train
25029,test
25030,test
25031,train
25032,train
25033,train
25034,train
25035,train
25036,test
25037,train
25038,train
25039,train
25040,test
25041,train
25042,train
25043,test
25044,train
25045,train
25046,test
25047,train
25048,test
25049,train
25050,train
25051,train
25052,train
25053,train
25054,train
25055,test
25056,train
25057,train
25058,train
25059,train
25060,train
25061,train
25062,train
25063,train
25064,train
25065,train
25066,train
25067,test
25068,train
25069,test
25070,train
25071,train
25072,train
25073,train
25074,train
25075,train
25076,test
25077,train
25078,train
25079,train
25080,train
25081,test
25082,train
25083,train
25084,train
25085,train
25086,train
25087,test
25088,train
25089,train
25090,train
25091,train
25092,test
25093,train
25094,train
25095,train
25096,train
25097,train
25098,train
25099,train
25100,train
25101,train
25102,train
25103,test
25104,train
25105,train
25106,test
25107,train
25108,train
25109,train
25110,train
25111,test
25112,train
25113,train
25114,train
25115,test
25116,train
25117,train
25118,train
25119,train
25120,train
25121,train
25122,train
25123,train
25124,train
25125,train
25126,train
25127,train
25128,train
25129,test
25130,train
25131,test
25132,train
25133,test
25134,test
25135,train
25136,train
25137,train
25138,test
25139,train
25140,train
25141,test
25142,train
25143,test
25144,test
25145,train
25146,test
25147,train
25148,train
25149,train
25150,train
25151,train
25152,train
25153,train
25154,train
25155,train
25156,train
25157,train
25158,train
25159,test
25160,train
25161,train
25162,train
25163,train
25164,train
25165,train
25166,test
25167,train
25168,train
25169,train
25170,train
25171,test
25172,train
25173,train
25174,train
25175,test
25176,train
25177,test
25178,test
25179,train
25180,train
25181,test
25182,train
25183,train
25184,train
25185,train
25186,test
25187,train
25188,train
25189,test
25190,train
25191,test
25192,train
25193,train
25194,train
25195,train
25196,train
25197,train
25198,train
25199,train
25200,train
25201,train
25202,train
25203,train
25204,train
25205,train
25206,train
25207,train
25208,train
25209,train
25210,test
25211,train
25212,train
25213,train
25214,train
25215,train
25216,train
25217,test
25218,train
25219,train
25220,train
25221,train
25222,train
25223,test
25224,test
25225,test
25226,test
25227,test
25228,test
25229,train
25230,train
25231,train
25232,train
25233,train
25234,test
25235,train
25236,train
25237,test
25238,train
25239,train
25240,train
25241,test
25242,train
25243,train
25244,train
25245,train
25246,test
25247,train
25248,train
25249,test
25250,train
25251,train
25252,test
25253,train
25254,train
25255,train
25256,train
25257,test
25258,train
25259,test
25260,train
25261,train
25262,train
25263,train
25264,train
25265,train
25266,train
25267,train
25268,train
25269,train
25270,train
25271,test
25272,test
25273,test
25274,train
25275,train
25276,test
25277,train
25278,train
25279,test
25280,train
25281,train
25282,train
25283,train
25284,train
25285,test
25286,train
25287,train
25288,test
25289,test
25290,test
25291,test
25292,train
25293,test
25294,train
25295,test
25296,train
25297,test
25298,train
25299,train
25300,train
25301,train
25302,test
25303,train
25304,test
25305,train
25306,train
25307,train
25308,train
25309,train
25310,train
25311,train
25312,train
25313,test
25314,train
25315,train
25316,train
25317,train
25318,train
25319,test
25320,train
25321,train
25322,train
25323,train
25324,train
25325,train
25326,train
25327,train
25328,train
25329,train
25330,test
25331,train
25332,train
25333,train
25334,train
25335,train
25336,train
25337,train
25338,test
25339,train
25340,train
25341,test
25342,train
25343,train
25344,train
25345,train
25346,train
25347,test
25348,train
25349,train
25350,test
25351,train
25352,train
25353,train
25354,train
25355,train
25356,train
25357,train
25358,train
25359,test
25360,train
25361,test
25362,train
25363,test
25364,train
25365,train
25366,test
25367,test
25368,train
25369,train
25370,train
25371,test
25372,test
25373,train
25374,train
25375,train
25376,train
25377,train
25378,train
25379,train
25380,train
25381,train
25382,train
25383,train
25384,train
25385,train
25386,train
25387,test
25388,test
25389,train
25390,train
25391,train
25392,train
25393,train
25394,train
25395,train
25396,train
25397,train
25398,train
25399,test
25400,test
25401,train
25402,train
25403,train
25404,train
25405,test
25406,test
25407,test
25408,train
25409,test
25410,train
25411,train
25412,train
25413,train
25414,train
25415,train
25416,train
25417,train
25418,train
25419,train
25420,train
25421,test
25422,test
25423,train
25424,test
25425,train
25426,test
25427,train
25428,train
25429,train
25430,test
25431,train
25432,train
25433,train
25434,train
25435,test
25436,test
25437,train
25438,test
25439,test
25440,train
25441,train
25442,train
25443,test
25444,train
25445,train
25446,train
25447,train
25448,train
25449,train
25450,train
25451,train
25452,train
25453,test
25454,train
25455,train
25456,test
25457,train
25458,train
25459,train
25460,train
25461,test
25462,train
25463,train
25464,test
25465,test
25466,train
25467,test
25468,train
25469,test
25470,train
25471,train
25472,test
25473,train
25474,train
25475,train
25476,train
25477,train
25478,train
25479,train
25480,train
25481,train
25482,test
25483,train
25484,train
25485,train
25486,train
25487,train
25488,train
25489,train
25490,train
25491,train
25492,test
25493,test
25494,train
25495,train
25496,train
25497,train
25498,test
25499,test
25500,train
25501,test
25502,train
25503,test
25504,train
25505,train
25506,train
25507,train
25508,train
25509,train
25510,train
25511,train
25512,train
25513,train
25514,train
25515,train
25516,train
25517,train
25518,train
25519,train
25520,train
25521,train
25522,train
25523,train
25524,train
25525,train
25526,train
25527,train
25528,train
25529,test
25530,test
25531,test
25532,train
25533,train
25534,train
25535,train
25536,train
25537,train
25538,test
25539,train
25540,train
25541,train
25542,train
25543,train
25544,train
25545,test
25546,train
25547,train
25548,train
25549,train
25550,train
25551,train
25552,train
25553,train
25554,train
25555,train
25556,train
25557,test
25558,train
25559,train
25560,train
25561,test
25562,train
25563,train
25564,train
25565,train
25566,train
25567,train
25568,train
25569,train
25570,test
25571,train
25572,train
25573,train
25574,train
25575,train
25576,test
25577,train
25578,test
25579,train
25580,test
25581,train
25582,train
25583,train
25584,train
25585,train
25586,train
25587,train
25588,train
25589,train
25590,train
25591,test
25592,train
25593,train
25594,test
25595,train
25596,train
25597,train
25598,test
25599,train
25600,test
25601,test
25602,train
25603,train
25604,train
25605,train
25606,test
25607,train
25608,train
25609,train
25610,train
25611,train
25612,train
25613,train
25614,train
25615,train
25616,train
25617,test
25618,test
25619,train
25620,train
25621,test
25622,train
25623,test
25624,train
25625,train
25626,test
25627,test
25628,test
25629,train
25630,train
25631,test
25632,test
25633,train
25634,train
25635,train
25636,train
25637,train
25638,test
25639,train
25640,train
25641,train
25642,test
25643,train
25644,train
25645,train
25646,train
25647,train
25648,train
25649,train
25650,train
25651,train
25652,train
25653,train
25654,train
25655,train
25656,train
25657,test
25658,train
25659,test
25660,test
25661,train
25662,train
25663,test
25664,train
25665,test
25666,train
25667,train
25668,train
25669,train
25670,train
25671,train
25672,train
25673,test
25674,test
25675,train
25676,test
25677,test
25678,test
25679,train
25680,train
25681,train
25682,train
25683,test
25684,train
25685,train
25686,test
25687,test
25688,train
25689,test
25690,test
25691,train
25692,train
25693,train
25694,test
25695,test
25696,train
25697,train
25698,train
25699,train
25700,test
25701,test
25702,train
25703,train
25704,train
25705,train
25706,test
25707,train
25708,train
25709,train
25710,test
25711,train
25712,train
25713,train
25714,train
25715,train
25716,train
25717,test
25718,train
25719,train
25720,train
25721,train
25722,train
25723,train
25724,train
25725,test
25726,train
25727,train
25728,train
25729,train
25730,train
25731,train
25732,train
25733,train
25734,test
25735,test
25736,train
25737,test
25738,test
25739,train
25740,test
25741,train
25742,train
25743,train
25744,train
25745,train
25746,train
25747,train
25748,test
25749,train
25750,train
25751,train
25752,train
25753,test
25754,train
25755,test
25756,train
25757,train
25758,train
25759,train
25760,train
25761,train
25762,train
25763,train
25764,test
25765,train
25766,train
25767,train
25768,train
25769,train
25770,train
25771,train
25772,train
25773,train
25774,train
25775,train
25776,train
25777,train
25778,train
25779,train
25780,train
25781,train
25782,test
25783,train
25784,train
25785,train
25786,train
25787,train
25788,train
25789,test
25790,train
25791,train
25792,test
25793,train
25794,train
25795,train
25796,test
25797,train
25798,test
25799,train
25800,train
25801,train
25802,test
25803,test
25804,train
25805,train
25806,train
25807,test
25808,test
25809,train
25810,train
25811,test
25812,train
25813,train
25814,train
25815,train
25816,test
25817,train
25818,test
25819,train
25820,test
25821,train
25822,train
25823,test
25824,train
25825,train
25826,train
25827,train
25828,train
25829,train
25830,test
25831,train
25832,train
25833,train
25834,train
25835,train
25836,train
25837,test
25838,train
25839,train
25840,train
25841,train
25842,train
25843,train
25844,train
25845,train
25846,train
25847,train
25848,test
25849,test
25850,train
25851,train
25852,train
25853,train
25854,train
25855,train
25856,train
25857,train
25858,train
25859,train
25860,train
25861,train
25862,train
25863,train
25864,train
25865,test
25866,test
25867,train
25868,train
25869,train
25870,train
25871,train
25872,test
25873,train
25874,train
25875,test
25876,train
25877,train
25878,train
25879,test
25880,train
25881,train
25882,train
25883,train
25884,train
25885,train
25886,train
25887,test
25888,train
25889,train
25890,test
25891,train
25892,train
25893,train
25894,train
25895,train
25896,train
25897,train
25898,train
25899,train
25900,train
25901,train
25902,train
25903,train
25904,train
25905,test
25906,train
25907,train
25908,test
25909,test
25910,train
25911,train
25912,train
25913,train
25914,train
25915,train
25916,train
25917,train
25918,train
25919,train
25920,test
25921,train
25922,test
25923,train
25924,train
25925,train
25926,train
25927,train
25928,train
25929,train
25930,train
25931,train
25932,test
25933,train
25934,train
25935,test
25936,train
25937,train
25938,train
25939,train
25940,train
25941,train
25942,train
25943,train
25944,train
25945,train
25946,train
25947,train
25948,train
25949,test
25950,train
25951,test
25952,train
25953,test
25954,test
25955,train
25956,train
25957,train
25958,train
25959,train
25960,test
25961,train
25962,train
25963,test
25964,train
25965,train
25966,train
25967,train
25968,train
25969,train
25970,train
25971,train
25972,train
25973,train
25974,test
25975,train
25976,train
25977,train
25978,test
25979,train
25980,train
25981,train
25982,train
25983,train
25984,test
25985,train
25986,test
25987,train
25988,test
25989,train
25990,train
25991,train
25992,train
25993,train
25994,test
25995,train
25996,train
25997,train
25998,train
25999,train
26000,train
26001,train
26002,train
26003,train
26004,train
26005,train
26006,train
26007,train
26008,train
26009,train
26010,test
26011,train
26012,train
26013,train
26014,train
26015,train
26016,train
26017,test
26018,train
26019,train
26020,train
26021,train
26022,test
26023,test
26024,train
26025,train
26026,train
26027,train
26028,train
26029,train
26030,train
26031,test
26032,test
26033,train
26034,train
26035,train
26036,test
26037,train
26038,train
26039,train
26040,train
26041,train
26042,train
26043,train
26044,train
26045,train
26046,train
26047,train
26048,train
26049,train
26050,test
26051,test
26052,test
26053,train
26054,train
26055,train
26056,train
26057,train
26058,train
26059,train
26060,train
26061,train
26062,test
26063,train
26064,train
26065,train
26066,train
26067,test
26068,train
26069,train
26070,test
26071,train
26072,train
26073,train
26074,train
26075,train
26076,test
26077,train
26078,train
26079,test
26080,train
26081,test
26082,train
26083,train
26084,train
26085,train
26086,train
26087,train
26088,train
26089,train
26090,train
26091,train
26092,train
26093,train
26094,test
26095,test
26096,train
26097,test
26098,test
26099,train
26100,test
26101,train
26102,train
26103,train
26104,test
26105,train
26106,train
26107,train
26108,train
26109,train
26110,train
26111,test
26112,train
26113,test
26114,test
26115,train
26116,test
26117,train
26118,train
26119,train
26120,train
26121,test
26122,train
26123,test
26124,train
26125,train
26126,train
26127,train
26128,test
26129,train
26130,train
26131,train
26132,test
26133,train
26134,test
26135,test
26136,train
26137,train
26138,train
26139,train
26140,test
26141,train
26142,train
26143,test
26144,train
26145,train
26146,train
26147,test
26148,train
26149,train
26150,test
26151,test
26152,test
26153,train
26154,train
26155,train
26156,test
26157,train
26158,train
26159,train
26160,test
26161,train
26162,train
26163,test
26164,train
26165,train
26166,train
26167,train
26168,train
26169,train
26170,train
26171,test
26172,train
26173,train
26174,test
26175,train
26176,train
26177,train
26178,train
26179,train
26180,train
26181,train
26182,test
26183,train
26184,test
26185,train
26186,train
26187,test
26188,train
26189,train
26190,train
26191,train
26192,test
26193,test
26194,test
26195,train
26196,train
26197,train
26198,test
26199,train
26200,train
26201,train
26202,train
26203,test
26204,test
26205,test
26206,train
26207,train
26208,train
26209,train
26210,train
26211,train
26212,train
26213,test
26214,test
26215,test
26216,train
26217,train
26218,test
26219,train
26220,train
26221,train
26222,train
26223,train
26224,train
26225,train
26226,train
26227,train
26228,train
26229,train
26230,train
26231,train
26232,test
26233,test
26234,test
26235,train
26236,train
26237,train
26238,train
26239,test
26240,test
26241,train
26242,train
26243,train
26244,train
26245,train
26246,test
26247,train
26248,train
26249,train
26250,train
26251,train
26252,train
26253,train
26254,train
26255,test
26256,train
26257,train
26258,train
26259,train
26260,train
26261,test
26262,test
26263,test
26264,train
26265,train
26266,train
26267,train
26268,train
26269,train
26270,train
26271,train
26272,test
26273,train
26274,train
26275,train
26276,train
26277,train
26278,train
26279,train
26280,test
26281,train
26282,train
26283,train
26284,train
26285,train
26286,train
26287,test
26288,test
26289,test
26290,train
26291,test
26292,test
26293,train
26294,test
26295,train
26296,train
26297,train
26298,train
26299,test
26300,train
26301,test
26302,test
26303,train
26304,train
26305,train
26306,train
26307,test
26308,train
26309,train
26310,train
26311,train
26312,train
26313,train
26314,test
26315,test
26316,train
26317,train
26318,train
26319,train
26320,test
26321,train
26322,test
26323,train
26324,train
26325,train
26326,train
26327,test
26328,train
26329,train
26330,train
26331,train
26332,test
26333,train
26334,train
26335,test
26336,train
26337,train
26338,train
26339,train
26340,train
26341,train
26342,train
26343,test
26344,train
26345,train
26346,train
26347,train
26348,train
26349,train
26350,train
26351,train
26352,train
26353,train
26354,train
26355,train
26356,train
26357,test
26358,train
26359,train
26360,train
26361,train
26362,train
26363,train
26364,train
26365,test
26366,train
26367,train
26368,train
26369,train
26370,train
26371,train
26372,train
26373,test
26374,train
26375,train
26376,test
26377,train
26378,train
26379,test
26380,test
26381,train
26382,train
26383,train
26384,train
26385,train
26386,train
26387,test
26388,train
26389,test
26390,train
26391,train
26392,test
26393,train
26394,test
26395,train
26396,train
26397,test
26398,train
26399,train
26400,train
26401,test
26402,train
26403,train
26404,test
26405,train
26406,train
26407,test
26408,train
26409,test
26410,train
26411,train
26412,train
26413,test
26414,train
26415,train
26416,train
26417,train
26418,test
26419,train
26420,train
26421,train
26422,train
26423,train
26424,test
26425,train
26426,test
26427,train
26428,test
26429,test
26430,train
26431,train
26432,train
26433,train
26434,train
26435,train
26436,train
26437,train
26438,train
26439,train
26440,train
26441,train
26442,train
26443,train
26444,train
26445,train
26446,train
26447,train
26448,train
26449,train
26450,test
26451,train
26452,train
26453,train
26454,train
26455,train
26456,train
26457,train
26458,train
26459,train
26460,train
26461,train
26462,train
26463,train
26464,train
26465,train
26466,train
26467,train
26468,train
26469,train
26470,train
26471,train
26472,train
26473,train
26474,train
26475,train
26476,train
26477,train
26478,test
26479,test
26480,train
26481,train
26482,train
26483,test
26484,train
26485,test
26486,train
26487,train
26488,train
26489,train
26490,train
26491,train
26492,train
26493,train
26494,train
26495,train
26496,test
26497,train
26498,test
26499,train
26500,train
26501,train
26502,train
26503,train
26504,train
26505,train
26506,train
26507,train
26508,train
26509,train
26510,train
26511,train
26512,test
26513,train
26514,train
26515,train
26516,train
26517,test
26518,test
26519,test
26520,train
26521,test
26522,train
26523,train
26524,train
26525,train
26526,train
26527,train
26528,train
26529,train
26530,train
26531,train
26532,test
26533,test
26534,train
26535,train
26536,train
26537,train
26538,train
26539,train
26540,train
26541,train
26542,train
26543,train
26544,train
26545,train
26546,test
26547,train
26548,train
26549,test
26550,train
26551,train
26552,test
26553,train
26554,test
26555,train
26556,test
26557,train
26558,test
26559,train
26560,train
26561,test
26562,test
26563,train
26564,train
26565,train
26566,train
26567,train
26568,train
26569,train
26570,train
26571,train
26572,test
26573,test
26574,train
26575,train
26576,train
26577,train
26578,test
26579,train
26580,train
26581,train
26582,train
26583,train
26584,train
26585,train
26586,test
26587,test
26588,train
26589,test
26590,train
26591,train
26592,test
26593,train
26594,train
26595,test
26596,train
26597,train
26598,train
26599,train
26600,train
26601,train
26602,train
26603,train
26604,test
26605,train
26606,train
26607,train
26608,test
26609,train
26610,train
26611,test
26612,test
26613,train
26614,train
26615,train
26616,test
26617,train
26618,train
26619,train
26620,test
26621,train
26622,train
26623,train
26624,train
26625,train
26626,train
26627,train
26628,test
26629,train
26630,test
26631,train
26632,test
26633,train
26634,train
26635,train
26636,train
26637,train
26638,train
26639,train
26640,test
26641,train
26642,train
26643,train
26644,train
26645,train
26646,train
26647,train
26648,train
26649,train
26650,train
26651,test
26652,train
26653,train
26654,test
26655,train
26656,train
26657,test
26658,test
26659,train
26660,test
26661,train
26662,train
26663,test
26664,test
26665,train
26666,train
26667,train
26668,train
26669,train
26670,train
26671,train
26672,train
26673,test
26674,train
26675,test
26676,train
26677,test
26678,train
26679,train
26680,train
26681,train
26682,train
26683,test
26684,train
26685,train
26686,train
26687,train
26688,test
26689,train
26690,train
26691,train
26692,train
26693,test
26694,train
26695,train
26696,train
26697,train
26698,train
26699,train
26700,test
26701,test
26702,train
26703,train
26704,test
26705,train
26706,train
26707,test
26708,train
26709,train
26710,test
26711,test
26712,train
26713,train
26714,train
26715,train
26716,train
26717,train
26718,test
26719,train
26720,test
26721,train
26722,train
26723,train
26724,train
26725,test
26726,test
26727,test
26728,train
26729,train
26730,train
26731,train
26732,train
26733,train
26734,train
26735,train
26736,test
26737,train
26738,train
26739,train
26740,train
26741,train
26742,train
26743,train
26744,train
26745,train
26746,train
26747,test
26748,train
26749,train
26750,train
26751,test
26752,test
26753,train
26754,train
26755,train
26756,train
26757,train
26758,test
26759,train
26760,train
26761,train
26762,train
26763,test
26764,train
26765,test
26766,train
26767,train
26768,train
26769,train
26770,train
26771,train
26772,train
26773,train
26774,train
26775,train
26776,train
26777,train
26778,train
26779,train
26780,train
26781,test
26782,train
26783,train
26784,train
26785,train
26786,train
26787,train
26788,train
26789,train
26790,train
26791,train
26792,train
26793,test
26794,train
26795,train
26796,train
26797,train
26798,train
26799,train
26800,train
26801,train
26802,test
26803,train
26804,train
26805,train
26806,train
26807,test
26808,train
26809,train
26810,train
26811,train
26812,train
26813,train
26814,train
26815,train
26816,train
26817,train
26818,train
26819,train
26820,train
26821,train
26822,train
26823,train
26824,train
26825,train
26826,train
26827,test
26828,test
26829,test
26830,train
26831,train
26832,train
26833,train
26834,train
26835,train
26836,train
26837,train
26838,train
26839,test
26840,train
26841,test
26842,train
26843,train
26844,test
26845,train
26846,test
26847,train
26848,train
26849,train
26850,train
26851,train
26852,train
26853,test
26854,train
26855,train
26856,train
26857,test
26858,train
26859,train
26860,train
26861,train
26862,train
26863,train
26864,train
26865,train
26866,train
26867,train
26868,test
26869,train
26870,test
26871,train
26872,train
26873,train
26874,train
26875,train
26876,train
26877,train
26878,train
26879,train
26880,train
26881,train
26882,train
26883,test
26884,train
26885,train
26886,train
26887,train
26888,test
26889,train
26890,train
26891,train
26892,test
26893,train
26894,train
26895,train
26896,train
26897,train
26898,train
26899,train
26900,train
26901,train
26902,train
26903,test
26904,train
26905,train
26906,train
26907,train
26908,train
26909,train
26910,train
26911,train
26912,test
26913,train
26914,test
26915,train
26916,train
26917,train
26918,train
26919,train
26920,train
26921,train
26922,train
26923,train
26924,train
26925,train
26926,train
26927,train
26928,test
26929,test
26930,train
26931,train
26932,train
26933,train
26934,test
26935,train
26936,train
26937,train
26938,train
26939,train
26940,train
26941,train
26942,test
26943,train
26944,train
26945,train
26946,test
26947,train
26948,train
26949,train
26950,train
26951,test
26952,train
26953,train
26954,test
26955,train
26956,train
26957,train
26958,test
26959,test
26960,train
26961,train
26962,train
26963,test
26964,train
26965,train
26966,train
26967,train
26968,train
26969,train
26970,train
26971,test
26972,train
26973,train
26974,train
26975,train
26976,test
26977,train
26978,test
26979,train
26980,test
26981,test
26982,test
26983,train
26984,train
26985,test
26986,train
26987,train
26988,train
26989,train
26990,train
26991,train
26992,train
26993,train
26994,test
26995,train
26996,train
26997,train
26998,train
26999,train
27000,train
27001,train
27002,train
27003,test
27004,train
27005,train
27006,train
27007,test
27008,train
27009,train
27010,test
27011,test
27012,train
27013,train
27014,train
27015,test
27016,test
27017,test
27018,train
27019,train
27020,train
27021,train
27022,train
27023,train
27024,train
27025,train
27026,train
27027,train
27028,train
27029,test
27030,train
27031,test
27032,test
27033,test
27034,test
27035,test
27036,train
27037,train
27038,train
27039,train
27040,train
27041,train
27042,train
27043,train
27044,train
27045,train
27046,train
27047,test
27048,train
27049,train
27050,test
27051,train
27052,train
27053,train
27054,train
27055,train
27056,train
27057,train
27058,train
27059,train
27060,train
27061,train
27062,train
27063,test
27064,train
27065,train
27066,train
27067,train
27068,train
27069,train
27070,train
27071,train
27072,train
27073,train
27074,train
27075,test
27076,train
27077,test
27078,train
27079,test
27080,train
27081,train
27082,test
27083,test
27084,train
27085,train
27086,train
27087,train
27088,test
27089,train
27090,train
27091,train
27092,test
27093,train
27094,train
27095,train
27096,test
27097,train
27098,train
27099,train
27100,train
27101,train
27102,train
27103,train
27104,train
27105,train
27106,test
27107,test
27108,test
27109,train
27110,train
27111,test
27112,train
27113,test
27114,test
27115,train
27116,train
27117,train
27118,train
27119,train
27120,test
27121,train
27122,test
27123,train
27124,test
27125,train
27126,train
27127,test
27128,train
27129,test
27130,train
27131,train
27132,test
27133,train
27134,train
27135,train
27136,train
27137,train
27138,train
27139,train
27140,train
27141,test
27142,train
27143,test
27144,train
27145,train
27146,test
27147,train
27148,test
27149,train
27150,train
27151,train
27152,train
27153,test
27154,train
27155,train
27156,train
27157,test
27158,train
27159,train
27160,train
27161,train
27162,train
27163,train
27164,train
27165,test
27166,train
27167,train
27168,train
27169,train
27170,test
27171,train
27172,train
27173,train
27174,train
27175,train
27176,test
27177,train
27178,train
27179,train
27180,train
27181,train
27182,test
27183,train
27184,test
27185,train
27186,test
27187,train
27188,train
27189,train
27190,train
27191,train
27192,train
27193,train
27194,train
27195,train
27196,train
27197,train
27198,test
27199,train
27200,train
27201,train
27202,train
27203,train
27204,train
27205,test
27206,train
27207,train
27208,train
27209,train
27210,train
27211,train
27212,train
27213,train
27214,train
27215,train
27216,train
27217,train
27218,train
27219,train
27220,train
27221,train
27222,test
27223,train
27224,train
27225,train
27226,train
27227,train
27228,train
27229,test
27230,train
27231,train
27232,train
27233,train
27234,train
27235,train
27236,train
27237,test
27238,train
27239,train
27240,train
27241,train
27242,train
27243,train
27244,train
27245,train
27246,test
27247,test
27248,test
27249,test
27250,train
27251,train
27252,test
27253,train
27254,test
27255,train
27256,train
27257,test
27258,train
27259,train
27260,train
27261,train
27262,train
27263,train
27264,train
27265,train
27266,test
27267,test
27268,test
27269,test
27270,train
27271,train
27272,train
27273,train
27274,train
27275,train
27276,train
27277,train
27278,train
27279,train
27280,train
27281,train
27282,train
27283,test
27284,train
27285,train
27286,train
27287,train
27288,test
27289,train
27290,train
27291,train
27292,train
27293,train
27294,train
27295,train
27296,train
27297,test
27298,train
27299,train
27300,train
27301,test
27302,train
27303,train
27304,train
27305,train
27306,train
27307,test
27308,test
27309,train
27310,train
27311,train
27312,test
27313,train
27314,test
27315,train
27316,train
27317,train
27318,train
27319,train
27320,train
27321,test
27322,train
27323,train
27324,train
27325,train
27326,train
27327,train
27328,test
27329,train
27330,train
27331,train
27332,train
27333,train
27334,train
27335,test
27336,train
27337,train
27338,train
27339,train
27340,train
27341,train
27342,train
27343,train
27344,test
27345,train
27346,train
27347,train
27348,train
27349,train
27350,train
27351,train
27352,train
27353,train
27354,train
27355,train
27356,train
27357,train
27358,train
27359,train
27360,train
27361,train
27362,train
27363,test
27364,test
27365,train
27366,test
27367,train
27368,train
27369,train
27370,train
27371,train
27372,train
27373,train
27374,train
27375,train
27376,train
27377,train
27378,train
27379,test
27380,train
27381,train
27382,train
27383,train
27384,train
27385,train
27386,train
27387,train
27388,train
27389,test
27390,test
27391,train
27392,train
27393,train
27394,train
27395,train
27396,train
27397,train
27398,train
27399,train
27400,train
27401,train
27402,test
27403,train
27404,train
27405,train
27406,train
27407,test
27408,train
27409,train
27410,test
27411,test
27412,train
27413,train
27414,train
27415,test
27416,train
27417,train
27418,train
27419,train
27420,test
27421,train
27422,train
27423,train
27424,test
27425,test
27426,train
27427,train
27428,test
27429,train
27430,train
27431,train
27432,train
27433,train
27434,train
27435,train
27436,train
27437,train
27438,test
27439,train
27440,test
27441,test
27442,train
27443,train
27444,train
27445,train
27446,test
27447,train
27448,train
27449,test
27450,train
27451,train
27452,train
27453,train
27454,train
27455,train
27456,train
27457,test
27458,train
27459,train
27460,train
27461,train
27462,train
27463,train
27464,train
27465,train
27466,train
27467,test
27468,test
27469,train
27470,train
27471,train
27472,test
27473,test
27474,test
27475,train
27476,train
27477,train
27478,train
27479,train
27480,test
27481,train
27482,train
27483,train
27484,test
27485,train
27486,train
27487,train
27488,train
27489,train
27490,train
27491,train
27492,train
27493,train
27494,train
27495,train
27496,train
27497,train
27498,train
27499,train
27500,train
27501,train
27502,train
27503,test
27504,train
27505,train
27506,test
27507,train
27508,train
27509,train
27510,train
27511,train
27512,train
27513,train
27514,train
27515,train
27516,train
27517,train
27518,train
27519,test
27520,train
27521,train
27522,train
27523,train
27524,train
27525,train
27526,train
27527,train
27528,train
27529,train
27530,train
27531,train
27532,train
27533,train
27534,test
27535,train
27536,test
27537,train
27538,test
27539,train
27540,train
27541,train
27542,train
27543,train
27544,train
27545,train
27546,train
27547,train
27548,test
27549,train
27550,test
27551,train
27552,train
27553,train
27554,train
27555,train
27556,test
27557,train
27558,train
27559,train
27560,test
27561,train
27562,train
27563,test
27564,train
27565,train
27566,train
27567,train
27568,train
27569,train
27570,test
27571,train
27572,train
27573,test
27574,train
27575,train
27576,test
27577,train
27578,train
27579,test
27580,test
27581,train
27582,train
27583,train
27584,train
27585,test
27586,train
27587,train
27588,train
27589,train
27590,test
27591,train
27592,train
27593,train
27594,train
27595,train
27596,train
27597,train
27598,train
27599,train
27600,train
27601,train
27602,train
27603,train
27604,test
27605,test
27606,train
27607,test
27608,train
27609,train
27610,train
27611,train
27612,train
27613,train
27614,train
27615,train
27616,test
27617,test
27618,train
27619,train
27620,train
27621,test
27622,train
27623,train
27624,test
27625,train
27626,train
27627,train
27628,train
27629,test
27630,test
27631,test
27632,train
27633,test
27634,train
27635,test
27636,train
27637,train
27638,train
27639,train
27640,train
27641,test
27642,train
27643,train
27644,test
27645,train
27646,train
27647,train
27648,train
27649,train
27650,test
27651,train
27652,train
27653,train
27654,train
27655,train
27656,train
27657,train
27658,train
27659,train
27660,train
27661,train
27662,test
27663,train
27664,train
27665,train
27666,train
27667,train
27668,train
27669,train
27670,train
27671,train
27672,train
27673,train
27674,train
27675,test
27676,train
27677,train
27678,train
27679,train
27680,train
27681,train
27682,train
27683,train
27684,train
27685,train
27686,train
27687,train
27688,train
27689,train
27690,train
27691,train
27692,train
27693,train
27694,train
27695,test
27696,train
27697,test
27698,test
27699,test
27700,test
27701,train
27702,test
27703,test
27704,train
27705,train
27706,train
27707,test
27708,train
27709,train
27710,test
27711,test
27712,test
27713,train
27714,train
27715,train
27716,test
27717,train
27718,test
27719,test
27720,train
27721,train
27722,train
27723,train
27724,test
27725,test
27726,test
27727,train
27728,train
27729,train
27730,train
27731,train
27732,train
27733,train
27734,train
27735,train
27736,train
27737,train
27738,train
27739,train
27740,train
27741,train
27742,train
27743,train
27744,train
27745,train
27746,train
27747,test
27748,train
27749,train
27750,test
27751,train
27752,test
27753,train
27754,train
27755,test
27756,train
27757,train
27758,train
27759,train
27760,train
27761,test
27762,train
27763,train
27764,train
27765,train
27766,test
27767,train
27768,train
27769,train
27770,test
27771,train
27772,train
27773,test
27774,train
27775,test
27776,train
27777,test
27778,train
27779,train
27780,train
27781,train
27782,train
27783,train
27784,train
27785,test
27786,train
27787,train
27788,train
27789,train
27790,train
27791,train
27792,test
27793,train
27794,train
27795,train
27796,train
27797,test
27798,train
27799,train
27800,test
27801,test
27802,train
27803,train
27804,train
27805,train
27806,test
27807,test
27808,train
27809,train
27810,train
27811,train
27812,train
27813,train
27814,test
27815,train
27816,train
27817,train
27818,test
27819,test
27820,test
27821,test
27822,train
27823,train
27824,test
27825,train
27826,train
27827,train
27828,train
27829,test
27830,train
27831,train
27832,train
27833,train
27834,test
27835,train
27836,train
27837,train
27838,test
27839,train
27840,train
27841,test
27842,train
27843,test
27844,train
27845,train
27846,train
27847,test
27848,train
27849,train
27850,train
27851,train
27852,train
27853,train
27854,train
27855,train
27856,train
27857,train
27858,train
27859,train
27860,test
27861,train
27862,train
27863,train
27864,test
27865,train
27866,train
27867,test
27868,train
27869,train
27870,train
27871,train
27872,train
27873,train
27874,train
27875,train
27876,test
27877,train
27878,train
27879,train
27880,train
27881,train
27882,train
27883,train
27884,train
27885,train
27886,train
27887,train
27888,train
27889,train
27890,train
27891,test
27892,train
27893,train
27894,train
27895,test
27896,test
27897,train
27898,train
27899,train
27900,train
27901,train
27902,train
27903,train
27904,test
27905,test
27906,test
27907,test
27908,train
27909,train
27910,train
27911,train
27912,test
27913,train
27914,test
27915,train
27916,train
27917,train
27918,train
27919,train
27920,train
27921,train
27922,train
27923,train
27924,train
27925,test
27926,test
27927,train
27928,train
27929,train
27930,test
27931,train
27932,test
27933,train
27934,train
27935,train
27936,train
27937,train
27938,train
27939,train
27940,train
27941,test
27942,train
27943,train
27944,train
27945,train
27946,train
27947,train
27948,test
27949,test
27950,train
27951,test
27952,train
27953,train
27954,train
27955,train
27956,train
27957,train
27958,test
27959,test
27960,train
27961,train
27962,train
27963,train
27964,train
27965,train
27966,train
27967,test
27968,train
27969,train
27970,train
27971,train
27972,train
27973,test
27974,train
27975,test
27976,train
27977,test
27978,train
27979,test
27980,train
27981,train
27982,train
27983,train
27984,train
27985,train
27986,train
27987,train
27988,train
27989,train
27990,train
27991,train
27992,train
27993,test
27994,train
27995,train
27996,test
27997,train
27998,train
27999,train
28000,test
28001,train
28002,train
28003,train
28004,train
28005,train
28006,train
28007,test
28008,train
28009,train
28010,train
28011,train
28012,train
28013,train
28014,train
28015,train
28016,train
28017,train
28018,train
28019,train
28020,train
28021,train
28022,train
28023,test
28024,train
28025,train
28026,test
28027,test
28028,train
28029,train
28030,train
28031,train
28032,train
28033,train
28034,train
28035,test
28036,test
28037,train
28038,test
28039,test
28040,train
28041,train
28042,train
28043,train
28044,train
28045,train
28046,train
28047,train
28048,train
28049,train
28050,train
28051,test
28052,train
28053,train
28054,train
28055,train
28056,train
28057,train
28058,train
28059,train
28060,train
28061,test
28062,train
28063,train
28064,train
28065,test
28066,test
28067,train
28068,test
28069,train
28070,train
28071,train
28072,test
28073,train
28074,train
28075,train
28076,train
28077,train
28078,train
28079,train
28080,train
28081,train
28082,train
28083,train
28084,train
28085,train
28086,test
28087,train
28088,train
28089,train
28090,train
28091,test
28092,train
28093,test
28094,train
28095,train
28096,train
28097,train
28098,train
28099,test
28100,train
28101,train
28102,train
28103,train
28104,train
28105,train
28106,train
28107,train
28108,train
28109,train
28110,test
28111,train
28112,train
28113,train
28114,train
28115,train
28116,train
28117,train
28118,train
28119,test
28120,train
28121,train
28122,train
28123,test
28124,test
28125,train
28126,train
28127,test
28128,test
28129,train
28130,train
28131,train
28132,train
28133,train
28134,test
28135,train
28136,train
28137,test
28138,train
28139,test
28140,train
28141,train
28142,test
28143,train
28144,train
28145,train
28146,train
28147,test
28148,train
28149,train
28150,train
28151,train
28152,train
28153,train
28154,train
28155,train
28156,train
28157,train
28158,test
28159,train
28160,train
28161,train
28162,test
28163,train
28164,train
28165,train
28166,train
28167,train
28168,train
28169,train
28170,train
28171,train
28172,train
28173,test
28174,train
28175,train
28176,train
28177,test
28178,test
28179,train
28180,train
28181,train
28182,train
28183,test
28184,train
28185,train
28186,train
28187,train
28188,test
28189,train
28190,train
28191,train
28192,train
28193,train
28194,train
28195,train
28196,train
28197,test
28198,train
28199,test
28200,train
28201,test
28202,train
28203,train
28204,test
28205,train
28206,train
28207,train
28208,test
28209,train
28210,train
28211,train
28212,train
28213,train
28214,test
28215,train
28216,train
28217,test
28218,train
28219,train
28220,train
28221,train
28222,train
28223,train
28224,train
28225,train
28226,test
28227,train
28228,train
28229,test
28230,train
28231,train
28232,train
28233,test
28234,train
28235,test
28236,train
28237,train
28238,train
28239,train
28240,train
28241,train
28242,train
28243,train
28244,train
28245,test
28246,train
28247,train
28248,train
28249,train
28250,test
28251,train
28252,train
28253,train
28254,test
28255,train
28256,train
28257,train
28258,train
28259,train
28260,test
28261,train
28262,train
28263,train
28264,train
28265,train
28266,train
28267,train
28268,train
28269,train
28270,train
28271,train
28272,train
28273,train
28274,train
28275,train
28276,train
28277,train
28278,train
28279,train
28280,train
28281,test
28282,test
28283,train
28284,test
28285,train
28286,train
28287,train
28288,train
28289,train
28290,train
28291,train
28292,train
28293,train
28294,train
28295,train
28296,test
28297,train
28298,train
28299,train
28300,train
28301,train
28302,train
28303,test
28304,train
28305,train
28306,train
28307,train
28308,train
28309,test
28310,train
28311,train
28312,train
28313,test
28314,train
28315,train
28316,train
28317,train
28318,train
28319,train
28320,train
28321,train
28322,train
28323,train
28324,test
28325,train
28326,test
28327,train
28328,train
28329,train
28330,train
28331,train
28332,test
28333,train
28334,train
28335,test
28336,train
28337,train
28338,test
28339,train
28340,train
28341,train
28342,train
28343,train
28344,test
28345,test
28346,train
28347,train
28348,train
28349,test
28350,train
28351,train
28352,train
28353,train
28354,test
28355,test
28356,test
28357,train
28358,train
28359,train
28360,train
28361,train
28362,train
28363,train
28364,train
28365,train
28366,train
28367,train
28368,test
28369,train
28370,train
28371,train
28372,train
28373,train
28374,test
28375,test
28376,train
28377,train
28378,train
28379,train
28380,train
28381,train
28382,train
28383,train
28384,train
28385,train
28386,train
28387,train
28388,test
28389,train
28390,train
28391,test
28392,train
28393,train
28394,test
28395,train
28396,train
28397,test
28398,test
28399,train
28400,train
28401,train
28402,train
28403,train
28404,train
28405,test
28406,train
28407,train
28408,train
28409,train
28410,test
28411,train
28412,train
28413,train
28414,train
28415,train
28416,train
28417,train
28418,train
28419,train
28420,train
28421,train
28422,train
28423,train
28424,train
28425,train
28426,train
28427,train
28428,train
28429,train
28430,train
28431,train
28432,test
28433,train
28434,train
28435,train
28436,train
28437,train
28438,train
28439,train
28440,test
28441,train
28442,test
28443,train
28444,train
28445,test
28446,train
28447,test
28448,train
28449,train
28450,train
28451,test
28452,test
28453,test
28454,train
28455,train
28456,train
28457,train
28458,train
28459,train
28460,train
28461,train
28462,train
28463,train
28464,train
28465,train
28466,train
28467,train
28468,train
28469,train
28470,train
28471,train
28472,train
28473,train
28474,test
28475,train
28476,train
28477,train
28478,test
28479,train
28480,train
28481,train
28482,train
28483,train
28484,train
28485,train
28486,train
28487,test
28488,train
28489,train
28490,train
28491,train
28492,train
28493,train
28494,train
28495,train
28496,train
28497,train
28498,train
28499,test
28500,train
28501,train
28502,train
28503,train
28504,train
28505,train
28506,train
28507,train
28508,test
28509,train
28510,train
28511,train
28512,train
28513,train
28514,test
28515,train
28516,train
28517,train
28518,train
28519,train
28520,train
28521,train
28522,test
28523,train
28524,train
28525,train
28526,test
28527,train
28528,train
28529,train
28530,test
28531,train
28532,test
28533,train
28534,test
28535,train
28536,train
28537,test
28538,train
28539,test
28540,train
28541,train
28542,test
28543,train
28544,train
28545,train
28546,test
28547,train
28548,train
28549,train
28550,train
28551,train
28552,train
28553,train
28554,train
28555,test
28556,test
28557,train
28558,train
28559,train
28560,test
28561,train
28562,train
28563,train
28564,train
28565,train
28566,train
28567,test
28568,test
28569,train
28570,train
28571,train
28572,train
28573,train
28574,train
28575,train
28576,train
28577,train
28578,train
28579,train
28580,train
28581,train
28582,train
28583,train
28584,train
28585,test
28586,train
28587,train
28588,train
28589,train
28590,train
28591,train
28592,train
28593,train
28594,train
28595,train
28596,train
28597,test
28598,test
28599,train
28600,train
28601,train
28602,train
28603,test
28604,test
28605,train
28606,train
28607,train
28608,test
28609,train
28610,train
28611,train
28612,train
28613,test
28614,test
28615,train
28616,test
28617,train
28618,train
28619,train
28620,train
28621,train
28622,train
28623,train
28624,test
28625,train
28626,train
28627,train
28628,train
28629,test
28630,train
28631,train
28632,train
28633,train
28634,train
28635,train
28636,train
28637,train
28638,test
28639,test
28640,train
28641,train
28642,train
28643,train
28644,train
28645,test
28646,train
28647,train
28648,train
28649,train
28650,test
28651,test
28652,test
28653,train
28654,train
28655,train
28656,train
28657,train
28658,train
28659,test
28660,test
28661,train
28662,train
28663,train
28664,train
28665,train
28666,train
28667,test
28668,train
28669,test
28670,train
28671,test
28672,train
28673,train
28674,train
28675,test
28676,train
28677,test
28678,train
28679,test
28680,train
28681,train
28682,train
28683,train
28684,train
28685,train
28686,train
28687,test
28688,train
28689,train
28690,train
28691,train
28692,train
28693,test
28694,train
28695,train
28696,train
28697,test
28698,train
28699,test
28700,test
28701,train
28702,train
28703,train
28704,train
28705,train
28706,train
28707,train
28708,train
28709,train
28710,train
28711,train
28712,train
28713,train
28714,train
28715,test
28716,train
28717,train
28718,train
28719,test
28720,train
28721,train
28722,test
28723,train
28724,train
28725,train
28726,test
28727,test
28728,train
28729,train
28730,train
28731,train
28732,test
28733,train
28734,train
28735,train
28736,train
28737,train
28738,test
28739,test
28740,train
28741,train
28742,train
28743,train
28744,train
28745,train
28746,train
28747,train
28748,train
28749,test
28750,train
28751,train
28752,test
28753,train
28754,train
28755,train
28756,train
28757,test
28758,train
28759,train
28760,train
28761,train
28762,train
28763,train
28764,train
28765,train
28766,test
28767,train
28768,test
28769,train
28770,train
28771,train
28772,train
28773,test
28774,test
28775,train
28776,train
28777,train
28778,test
28779,train
28780,train
28781,test
28782,train
28783,train
28784,train
28785,train
28786,train
28787,train
28788,test
28789,train
28790,train
28791,train
28792,train
28793,train
28794,train
28795,train
28796,train
28797,train
28798,train
28799,train
28800,test
28801,train
28802,train
28803,train
28804,test
28805,test
28806,train
28807,test
28808,train
28809,train
28810,train
28811,train
28812,test
28813,train
28814,test
28815,train
28816,train
28817,train
28818,test
28819,train
28820,train
28821,train
28822,train
28823,train
28824,train
28825,test
28826,train
28827,train
28828,train
28829,test
28830,train
28831,train
28832,train
28833,train
28834,train
28835,train
28836,train
28837,train
28838,test
28839,train
28840,test
28841,train
28842,test
28843,train
28844,train
28845,train
28846,test
28847,test
28848,train
28849,test
28850,test
28851,test
28852,test
28853,train
28854,train
28855,train
28856,train
28857,train
28858,train
28859,train
28860,train
28861,train
28862,train
28863,train
28864,train
28865,test
28866,train
28867,train
28868,train
28869,train
28870,train
28871,train
28872,test
28873,train
28874,test
28875,test
28876,train
28877,train
28878,train
28879,train
28880,train
28881,test
28882,train
28883,train
28884,test
28885,train
28886,train
28887,train
28888,train
28889,train
28890,train
28891,train
28892,train
28893,train
28894,train
28895,train
28896,train
28897,train
28898,train
28899,train
28900,train
28901,test
28902,train
28903,test
28904,train
28905,train
28906,train
28907,train
28908,train
28909,train
28910,train
28911,train
28912,train
28913,train
28914,train
28915,train
28916,test
28917,train
28918,train
28919,train
28920,train
28921,train
28922,test
28923,train
28924,train
28925,train
28926,train
28927,train
28928,train
28929,train
28930,train
28931,train
28932,train
28933,train
28934,train
28935,train
28936,test
28937,train
28938,train
28939,train
28940,train
28941,train
28942,train
28943,train
28944,test
28945,train
28946,train
28947,train
28948,train
28949,test
28950,train
28951,train
28952,train
28953,test
28954,train
28955,train
28956,train
28957,train
28958,train
28959,train
28960,train
28961,test
28962,train
28963,train
28964,test
28965,train
28966,train
28967,test
28968,train
28969,train
28970,train
28971,train
28972,train
28973,train
28974,train
28975,test
28976,train
28977,train
28978,train
28979,test
28980,train
28981,train
28982,train
28983,train
28984,train
28985,train
28986,train
28987,train
28988,train
28989,train
28990,train
28991,train
28992,train
28993,train
28994,test
28995,train
28996,train
28997,test
28998,train
28999,train
29000,test
29001,train
29002,train
29003,train
29004,test
29005,test
29006,test
29007,train
29008,train
29009,test
29010,train
29011,train
29012,train
29013,test
29014,train
29015,train
29016,train
29017,train
29018,train
29019,train
29020,train
29021,train
29022,train
29023,train
29024,train
29025,train
29026,train
29027,test
29028,test
29029,test
29030,train
29031,train
29032,train
29033,train
29034,train
29035,train
29036,train
29037,train
29038,train
29039,train
29040,test
29041,train
29042,train
29043,test
29044,train
29045,train
29046,train
29047,train
29048,train
29049,train
29050,train
29051,train
29052,train
29053,train
29054,test
29055,train
29056,test
29057,train
29058,train
29059,train
29060,train
29061,train
29062,test
29063,train
29064,train
29065,train
29066,train
29067,train
29068,test
29069,train
29070,train
29071,train
29072,train
29073,train
29074,train
29075,test
29076,train
29077,train
29078,train
29079,train
29080,test
29081,train
29082,train
29083,test
29084,train
29085,train
29086,train
29087,train
29088,train
29089,train
29090,train
29091,train
29092,train
29093,train
29094,train
29095,train
29096,train
29097,train
29098,train
29099,train
29100,test
29101,test
29102,train
29103,test
29104,train
29105,train
29106,train
29107,train
29108,train
29109,train
29110,train
29111,test
29112,train
29113,train
29114,train
29115,train
29116,test
29117,train
29118,train
29119,train
29120,train
29121,train
29122,train
29123,train
29124,test
29125,train
29126,train
29127,train
29128,train
29129,train
29130,train
29131,train
29132,test
29133,train
29134,train
29135,train
29136,train
29137,train
29138,train
29139,train
29140,train
29141,test
29142,train
29143,train
29144,train
29145,train
29146,train
29147,test
29148,test
29149,train
29150,train
29151,train
29152,train
29153,test
29154,test
29155,train
29156,train
29157,train
29158,test
29159,train
29160,train
29161,train
29162,train
29163,train
29164,test
29165,test
29166,train
29167,test
29168,train
29169,train
29170,test
29171,test
29172,test
29173,train
29174,train
29175,test
29176,test
29177,train
29178,train
29179,train
29180,test
29181,train
29182,train
29183,train
29184,train
29185,train
29186,train
29187,train
29188,train
29189,train
29190,train
29191,test
29192,train
29193,train
29194,train
29195,train
29196,train
29197,train
29198,train
29199,train
29200,train
29201,test
29202,train
29203,train
29204,train
29205,test
29206,train
29207,train
29208,train
29209,train
29210,train
29211,train
29212,train
29213,train
29214,test
29215,train
29216,train
29217,test
29218,train
29219,train
29220,test
29221,train
29222,test
29223,test
29224,train
29225,train
29226,test
29227,train
29228,train
29229,train
29230,train
29231,train
29232,train
29233,train
29234,test
29235,train
29236,train
29237,train
29238,train
29239,train
29240,train
29241,train
29242,train
29243,train
29244,train
29245,train
29246,train
29247,test
29248,train
29249,train
29250,train
29251,train
29252,train
29253,train
29254,train
29255,train
29256,test
29257,train
29258,train
29259,test
29260,train
29261,train
29262,train
29263,train
29264,train
29265,train
29266,train
29267,train
29268,train
29269,test
29270,train
29271,test
29272,train
29273,train
29274,test
29275,test
29276,train
29277,train
29278,test
29279,train
29280,train
29281,train
29282,train
29283,train
29284,train
29285,train
29286,test
29287,train
29288,train
29289,train
29290,train
29291,train
29292,train
29293,train
29294,train
29295,train
29296,train
29297,test
29298,train
29299,train
29300,test
29301,train
29302,train
29303,train
29304,train
29305,train
29306,train
29307,train
29308,train
29309,train
29310,train
29311,train
29312,test
29313,test
29314,test
29315,train
29316,test
29317,train
29318,test
29319,train
29320,train
29321,test
29322,test
29323,train
29324,train
29325,train
29326,test
29327,train
29328,train
29329,test
29330,train
29331,train
29332,train
29333,train
29334,train
29335,train
29336,test
29337,train
29338,train
29339,train
29340,train
29341,train
29342,train
29343,train
29344,train
29345,test
29346,train
29347,train
29348,train
29349,train
29350,test
29351,train
29352,train
29353,train
29354,train
29355,test
29356,train
29357,train
29358,train
29359,train
29360,train
29361,train
29362,train
29363,train
29364,train
29365,train
29366,train
29367,test
29368,train
29369,train
29370,train
29371,train
29372,test
29373,train
29374,train
29375,train
29376,train
29377,train
29378,test
29379,train
29380,test
29381,train
29382,train
29383,train
29384,train
29385,train
29386,train
29387,train
29388,train
29389,train
29390,train
29391,train
29392,train
29393,train
29394,train
29395,train
29396,train
29397,train
29398,train
29399,train
29400,test
29401,train
29402,train
29403,train
29404,train
29405,test
29406,test
29407,train
29408,train
29409,train
29410,train
29411,train
29412,train
29413,train
29414,train
29415,train
29416,train
29417,test
29418,train
29419,train
29420,train
29421,train
29422,train
29423,test
29424,train
29425,train
29426,test
29427,train
29428,test
29429,test
29430,train
29431,train
29432,train
29433,train
29434,train
29435,train
29436,test
29437,train
29438,train
29439,test
29440,train
29441,test
29442,test
29443,train
29444,train
29445,train
29446,train
29447,test
29448,train
29449,train
29450,train
29451,test
29452,train
29453,test
29454,train
29455,train
29456,test
29457,train
29458,train
29459,train
29460,train
29461,train
29462,train
29463,train
29464,train
29465,train
29466,train
29467,train
29468,train
29469,train
29470,train
29471,train
29472,test
29473,test
29474,train
29475,train
29476,test
29477,test
29478,test
29479,train
29480,train
29481,train
29482,test
29483,train
29484,test
29485,train
29486,train
29487,train
29488,train
29489,train
29490,train
29491,train
29492,train
29493,train
29494,train
29495,train
29496,train
29497,train
29498,train
29499,train
29500,train
29501,train
29502,train
29503,train
29504,train
29505,train
29506,test
29507,train
29508,test
29509,train
29510,train
29511,train
29512,train
29513,train
29514,train
29515,train
29516,train
29517,train
29518,train
29519,test
29520,train
29521,train
29522,train
29523,train
29524,train
29525,train
29526,test
29527,train
29528,train
29529,train
29530,test
29531,train
29532,train
29533,test
29534,train
29535,train
29536,train
29537,test
29538,train
29539,train
29540,train
29541,train
29542,train
29543,test
29544,train
29545,test
29546,train
29547,train
29548,train
29549,train
29550,train
29551,train
29552,train
29553,train
29554,train
29555,train
29556,train
29557,train
29558,train
29559,train
29560,test
29561,train
29562,train
29563,test
29564,train
29565,train
29566,test
29567,train
29568,test
29569,train
29570,train
29571,train
29572,train
29573,test
29574,train
29575,train
29576,test
29577,test
29578,test
29579,train
29580,train
29581,train
29582,train
29583,train
29584,test
29585,train
29586,train
29587,train
29588,train
29589,test
29590,train
29591,test
29592,train
29593,train
29594,test
29595,test
29596,train
29597,train
29598,train
29599,train
29600,train
29601,train
29602,test
29603,train
29604,train
29605,test
29606,train
29607,test
29608,train
29609,train
29610,train
29611,train
29612,test
29613,train
29614,train
29615,train
29616,train
29617,train
29618,train
29619,test
29620,test
29621,test
29622,train
29623,train
29624,train
29625,train
29626,train
29627,train
29628,test
29629,train
29630,test
29631,train
29632,train
29633,train
29634,test
29635,test
29636,train
29637,train
29638,train
29639,train
29640,train
29641,train
29642,train
29643,test
29644,train
29645,train
29646,train
29647,test
29648,train
29649,train
29650,train
29651,train
29652,train
29653,train
29654,train
29655,train
29656,train
29657,train
29658,test
29659,train
29660,train
29661,train
29662,train
29663,test
29664,train
29665,train
29666,train
29667,test
29668,train
29669,test
29670,train
29671,train
29672,train
29673,train
29674,train
29675,test
29676,train
29677,train
29678,train
29679,train
29680,train
29681,train
29682,train
29683,train
29684,train
29685,train
29686,train
29687,train
29688,train
29689,train
29690,train
29691,train
29692,train
29693,train
29694,train
29695,train
29696,test
29697,train
29698,train
29699,test
29700,test
29701,test
29702,train
29703,train
29704,test
29705,train
29706,train
29707,test
29708,train
29709,train
29710,train
29711,test
29712,train
29713,train
29714,train
29715,train
29716,train
29717,train
29718,train
29719,train
29720,train
29721,train
29722,train
29723,test
29724,train
29725,train
29726,train
29727,train
29728,train
29729,train
29730,train
29731,train
29732,train
29733,train
29734,train
29735,test
29736,train
29737,train
29738,train
29739,train
29740,train
29741,train
29742,test
29743,train
29744,test
29745,test
29746,test
29747,test
29748,train
29749,test
29750,train
29751,train
29752,test
29753,train
29754,train
29755,train
29756,train
29757,train
29758,test
29759,train
29760,train
29761,train
29762,test
29763,train
29764,train
29765,train
29766,train
29767,train
29768,test
29769,train
29770,test
29771,train
29772,test
29773,test
29774,test
29775,test
29776,test
29777,test
29778,train
29779,train
29780,train
29781,train
29782,test
29783,train
29784,test
29785,test
29786,train
29787,train
29788,train
29789,train
29790,train
29791,train
29792,train
29793,train
29794,train
29795,train
29796,train
29797,train
29798,test
29799,test
29800,train
29801,train
29802,train
29803,train
29804,test
29805,train
29806,train
29807,train
29808,train
29809,train
29810,train
29811,train
29812,train
29813,test
29814,test
29815,train
29816,train
29817,train
29818,train
29819,train
29820,train
29821,train
29822,train
29823,train
29824,train
29825,test
29826,train
29827,train
29828,train
29829,train
29830,train
29831,train
29832,test
29833,train
29834,train
29835,train
29836,test
29837,train
29838,train
29839,test
29840,train
29841,train
29842,train
29843,test
29844,train
29845,train
29846,train
29847,test
29848,train
29849,train
29850,train
29851,train
29852,test
29853,test
29854,train
29855,train
29856,test
29857,train
29858,train
29859,train
29860,train
29861,train
29862,test
29863,train
29864,train
29865,train
29866,train
29867,train
29868,train
29869,test
29870,train
29871,train
29872,train
29873,train
29874,train
29875,train
29876,train
29877,train
29878,train
29879,test
29880,train
29881,train
29882,train
29883,train
29884,train
29885,train
29886,train
29887,train
29888,train
29889,train
29890,train
29891,train
29892,test
29893,train
29894,train
29895,train
29896,test
29897,train
29898,train
29899,train
29900,train
29901,train
29902,train
29903,test
29904,train
29905,train
29906,train
29907,train
29908,train
29909,train
29910,train
29911,train
29912,train
29913,test
29914,train
29915,train
29916,train
29917,train
29918,train
29919,train
29920,test
29921,train
29922,test
29923,train
29924,train
29925,train
29926,train
29927,test
29928,train
29929,test
29930,train
29931,train
29932,train
29933,train
29934,train
29935,test
29936,train
29937,train
29938,train
29939,train
29940,train
29941,train
29942,train
29943,train
29944,train
29945,train
29946,train
29947,train
29948,train
29949,test
29950,train
29951,train
29952,train
29953,train
29954,train
29955,train
29956,test
29957,train
29958,train
29959,train
29960,train
29961,train
29962,train
29963,train
29964,train
29965,test
29966,train
29967,train
29968,train
29969,test
29970,train
29971,test
29972,train
29973,test
29974,train
29975,train
29976,train
29977,train
29978,test
29979,train
29980,train
29981,train
29982,train
29983,train
29984,train
29985,train
29986,train
29987,train
29988,train
29989,train
29990,train
29991,train
29992,train
29993,train
29994,train
29995,test
29996,train
29997,train
29998,train
29999,test
30000,train
30001,train
30002,train
30003,train
30004,train
30005,train
30006,train
30007,test
30008,train
30009,train
30010,train
30011,train
30012,train
30013,train
30014,train
30015,train
30016,test
30017,test
30018,train
30019,train
30020,test
30021,train
30022,train
30023,test
30024,train
30025,train
30026,train
30027,train
30028,train
30029,train
30030,train
30031,train
30032,train
30033,train
30034,train
30035,train
30036,test
30037,train
30038,train
30039,train
30040,train
30041,train
30042,train
30043,train
30044,train
30045,train
30046,train
30047,train
30048,test
30049,train
30050,train
30051,train
30052,train
30053,train
30054,train
30055,train
30056,train
30057,train
30058,train
30059,train
30060,train
30061,train
30062,test
30063,train
30064,train
30065,train
30066,train
30067,train
30068,train
30069,train
30070,train
30071,train
30072,train
30073,train
30074,train
30075,train
30076,train
30077,test
30078,train
30079,train
30080,test
30081,test
30082,train
30083,train
30084,train
30085,train
30086,train
30087,train
30088,train
30089,test
30090,test
30091,train
30092,test
30093,train
30094,train
30095,train
30096,train
30097,train
30098,test
30099,train
30100,test
30101,train
30102,train
30103,train
30104,train
30105,train
30106,train
30107,train
30108,train
30109,train
30110,train
30111,test
30112,train
30113,train
30114,test
30115,train
30116,test
30117,train
30118,train
30119,train
30120,train
30121,test
30122,train
30123,train
30124,train
30125,train
30126,train
30127,train
30128,train
30129,train
30130,train
30131,test
30132,train
30133,test
30134,train
30135,train
30136,train
30137,train
30138,train
30139,train
30140,train
30141,test
30142,train
30143,train
30144,train
30145,test
30146,test
30147,train
30148,train
30149,train
30150,test
30151,train
30152,train
30153,train
30154,train
30155,train
30156,train
30157,train
30158,test
30159,train
30160,train
30161,train
30162,train
30163,train
30164,train
30165,test
30166,train
30167,train
30168,train
30169,train
30170,train
30171,train
30172,train
30173,train
30174,train
30175,test
30176,train
30177,train
30178,train
30179,train
30180,train
30181,train
30182,train
30183,train
30184,train
30185,train
30186,train
30187,test
30188,test
30189,test
30190,train
30191,train
30192,train
30193,train
30194,test
30195,train
30196,train
30197,train
30198,train
30199,train
30200,train
30201,train
30202,train
30203,train
30204,train
30205,train
30206,train
30207,train
30208,train
30209,train
30210,train
30211,test
30212,train
30213,test
30214,train
30215,train
30216,train
30217,train
30218,test
30219,train
30220,train
30221,train
30222,train
30223,train
30224,test
30225,train
30226,train
30227,train
30228,train
30229,test
30230,train
30231,train
30232,train
30233,test
30234,train
30235,train
30236,train
30237,train
30238,train
30239,train
30240,train
30241,train
30242,train
30243,train
30244,test
30245,train
30246,test
30247,train
30248,train
30249,test
30250,train
30251,train
30252,train
30253,train
30254,train
30255,train
30256,train
30257,train
30258,train
30259,train
30260,train
30261,train
30262,train
30263,train
30264,train
30265,train
30266,train
30267,test
30268,train
30269,train
30270,train
30271,train
30272,train
30273,train
30274,train
30275,train
30276,train
30277,test
30278,train
30279,train
30280,train
30281,test
30282,train
30283,train
30284,test
30285,train
30286,train
30287,test
30288,test
30289,train
30290,test
30291,test
30292,test
30293,train
30294,test
30295,train
30296,train
30297,test
30298,train
30299,train
30300,train
30301,train
30302,train
30303,train
30304,train
30305,train
30306,test
30307,test
30308,train
30309,train
30310,train
30311,train
30312,test
30313,train
30314,train
30315,train
30316,train
30317,train
30318,test
30319,train
30320,train
30321,train
30322,train
30323,train
30324,train
30325,train
30326,train
30327,train
30328,train
30329,train
30330,train
30331,train
30332,train
30333,train
30334,train
30335,train
30336,train
30337,test
30338,train
30339,train
30340,test
30341,test
30342,test
30343,test
30344,test
30345,train
30346,train
30347,train
30348,train
30349,train
30350,train
30351,train
30352,train
30353,train
30354,train
30355,train
30356,test
30357,train
30358,train
30359,train
30360,train
30361,test
30362,test
30363,train
30364,train
30365,train
30366,test
30367,train
30368,train
30369,test
30370,train
30371,test
30372,train
30373,test
30374,train
30375,train
30376,train
30377,train
30378,train
30379,train
30380,test
30381,train
30382,train
30383,train
30384,train
30385,train
30386,train
30387,train
30388,train
30389,test
30390,train
30391,train
30392,train
30393,train
30394,train
30395,train
30396,train
30397,train
30398,train
30399,train
30400,train
30401,train
30402,test
30403,train
30404,train
30405,train
30406,train
30407,train
30408,train
30409,train
30410,train
30411,train
30412,train
30413,test
30414,test
30415,test
30416,train
30417,train
30418,train
30419,test
30420,train
30421,train
30422,test
30423,train
30424,train
30425,train
30426,train
30427,train
30428,test
30429,train
30430,train
30431,train
30432,test
30433,train
30434,train
30435,train
30436,train
30437,train
30438,test
30439,train
30440,test
30441,train
30442,train
30443,train
30444,train
30445,test
30446,train
30447,train
30448,train
30449,train
30450,train
30451,train
30452,train
30453,train
30454,train
30455,test
30456,train
30457,train
30458,train
30459,train
30460,train
30461,train
30462,train
30463,train
30464,train
30465,test
30466,train
30467,train
30468,train
30469,train
30470,train
30471,test
30472,train
30473,train
30474,train
30475,train
30476,train
30477,test
30478,train
30479,train
30480,train
30481,train
30482,train
30483,train
30484,train
30485,train
30486,train
30487,train
30488,train
30489,test
30490,train
30491,train
30492,train
30493,train
30494,train
30495,train
30496,train
30497,test
30498,train
30499,train
30500,train
30501,train
30502,train
30503,train
30504,train
30505,train
30506,train
30507,test
30508,test
30509,train
30510,train
30511,train
30512,train
30513,train
30514,train
30515,train
30516,train
30517,train
30518,test
30519,train
30520,test
30521,test
30522,train
30523,train
30524,train
30525,test
30526,train
30527,test
30528,train
30529,train
30530,train
30531,train
30532,train
30533,train
30534,train
30535,train
30536,train
30537,train
30538,train
30539,train
30540,train
30541,train
30542,train
30543,test
30544,train
30545,train
30546,train
30547,train
30548,train
30549,test
30550,train
30551,train
30552,train
30553,train
30554,train
30555,train
30556,train
30557,train
30558,train
30559,train
30560,train
30561,train
30562,train
30563,train
30564,train
30565,test
30566,train
30567,test
30568,train
30569,train
30570,train
30571,train
30572,train
30573,train
30574,test
30575,test
30576,train
30577,train
30578,train
30579,train
30580,test
30581,train
30582,train
30583,test
30584,train
30585,train
30586,train
30587,train
30588,train
30589,train
30590,train
30591,train
30592,train
30593,train
30594,train
30595,train
30596,train
30597,test
30598,train
30599,train
30600,train
30601,train
30602,train
30603,test
30604,train
30605,train
30606,train
30607,test
30608,train
30609,train
30610,test
30611,train
30612,test
30613,test
30614,train
30615,test
30616,train
30617,train
30618,train
30619,train
30620,train
30621,train
30622,train
30623,train
30624,train
30625,test
30626,train
30627,train
30628,test
30629,train
30630,train
30631,train
30632,test
30633,train
30634,train
30635,test
30636,train
30637,train
30638,train
30639,train
30640,train
30641,train
30642,train
30643,test
30644,train
30645,test
30646,test
30647,test
30648,train
30649,train
30650,test
30651,test
30652,train
30653,train
30654,test
30655,test
30656,test
30657,train
30658,test
30659,train
30660,train
30661,test
30662,train
30663,test
30664,train
30665,train
30666,train
30667,test
30668,test
30669,test
30670,train
30671,train
30672,train
30673,train
30674,test
30675,train
30676,train
30677,train
30678,train
30679,train
30680,train
30681,train
30682,test
30683,train
30684,train
30685,test
30686,train
30687,test
30688,train
30689,train
30690,train
30691,train
30692,test
30693,train
30694,train
30695,train
30696,train
30697,train
30698,train
30699,train
30700,train
30701,train
30702,train
30703,train
30704,train
30705,train
30706,train
30707,train
30708,train
30709,test
30710,train
30711,train
30712,train
30713,train
30714,train
30715,train
30716,test
30717,train
30718,train
30719,test
30720,train
30721,train
30722,test
30723,train
30724,train
30725,test
30726,test
30727,train
30728,train
30729,train
30730,test
30731,test
30732,train
30733,test
30734,train
30735,train
30736,train
30737,train
30738,train
30739,train
30740,train
30741,train
30742,train
30743,train
30744,train
30745,test
30746,train
30747,train
30748,train
30749,train
30750,train
30751,train
30752,train
30753,train
30754,train
30755,train
30756,train
30757,train
30758,train
30759,train
30760,train
30761,train
30762,test
30763,train
30764,train
30765,train
30766,train
30767,train
30768,train
30769,train
30770,test
30771,train
30772,train
30773,train
30774,test
30775,test
30776,train
30777,train
30778,train
30779,test
30780,train
30781,train
30782,train
30783,train
30784,train
30785,train
30786,test
30787,train
30788,test
30789,train
30790,test
30791,train
30792,train
30793,train
30794,train
30795,train
30796,train
30797,test
30798,train
30799,train
30800,test
30801,test
30802,train
30803,train
30804,train
30805,test
30806,train
30807,train
30808,train
30809,train
30810,train
30811,train
30812,test
30813,train
30814,train
30815,train
30816,train
30817,train
30818,train
30819,train
30820,train
30821,train
30822,train
30823,test
30824,train
30825,train
30826,train
30827,train
30828,train
30829,train
30830,test
30831,test
30832,test
30833,train
30834,train
30835,test
30836,train
30837,train
30838,train
30839,test
30840,test
30841,train
30842,train
30843,train
30844,train
30845,train
30846,train
30847,train
30848,train
30849,train
30850,train
30851,train
30852,train
30853,test
30854,train
30855,train
30856,train
30857,train
30858,test
30859,train
30860,train
30861,test
30862,train
30863,train
30864,train
30865,train
30866,train
30867,train
30868,train
30869,train
30870,test
30871,train
30872,train
30873,train
30874,train
30875,train
30876,train
30877,train
30878,test
30879,train
30880,test
30881,train
30882,train
30883,train
30884,train
30885,train
30886,train
30887,train
30888,train
30889,train
30890,test
30891,test
30892,train
30893,train
30894,test
30895,train
30896,test
30897,train
30898,train
30899,train
30900,train
30901,train
30902,train
30903,train
30904,train
30905,train
30906,train
30907,test
30908,train
30909,train
30910,train
30911,train
30912,train
30913,train
30914,train
30915,test
30916,train
30917,train
30918,test
30919,train
30920,test
30921,train
30922,train
30923,train
30924,train
30925,train
30926,train
30927,train
30928,train
30929,train
30930,train
30931,test
30932,test
30933,test
30934,train
30935,train
30936,test
30937,train
30938,train
30939,train
30940,train
30941,train
30942,test
30943,train
30944,train
30945,train
30946,train
30947,train
30948,train
30949,train
30950,train
30951,train
30952,train
30953,train
30954,test
30955,train
30956,train
30957,test
30958,train
30959,train
30960,train
30961,test
30962,test
30963,train
30964,train
30965,train
30966,train
30967,test
30968,train
30969,train
30970,train
30971,train
30972,train
30973,train
30974,train
30975,test
30976,train
30977,train
30978,test
30979,train
30980,test
30981,test
30982,train
30983,train
30984,train
30985,train
30986,train
30987,train
30988,train
30989,train
30990,test
30991,train
30992,train
30993,test
30994,test
30995,train
30996,train
30997,test
30998,train
30999,train
31000,train
31001,train
31002,train
31003,train
31004,train
31005,train
31006,test
31007,train
31008,test
31009,test
31010,train
31011,train
31012,test
31013,train
31014,train
31015,train
31016,train
31017,test
31018,test
31019,train
31020,train
31021,test
31022,train
31023,train
31024,train
31025,train
31026,train
31027,train
31028,train
31029,train
31030,test
31031,train
31032,train
31033,train
31034,train
31035,train
31036,train
31037,train
31038,train
31039,test
31040,train
31041,train
31042,test
31043,train
31044,train
31045,train
31046,train
31047,train
31048,test
31049,train
31050,test
31051,train
31052,test
31053,train
31054,train
31055,train
31056,test
31057,train
31058,train
31059,train
31060,train
31061,train
31062,train
31063,test
31064,test
31065,train
31066,train
31067,test
31068,train
31069,train
31070,train
31071,test
31072,train
31073,train
31074,test
31075,train
31076,train
31077,test
31078,train
31079,train
31080,train
31081,train
31082,train
31083,train
31084,test
31085,train
31086,train
31087,train
31088,train
31089,train
31090,train
31091,train
31092,train
31093,test
31094,train
31095,train
31096,train
31097,train
31098,test
31099,train
31100,train
31101,train
31102,train
31103,test
31104,train
31105,train
31106,train
31107,train
31108,train
31109,train
31110,train
31111,test
31112,train
31113,train
31114,train
31115,train
31116,train
31117,train
31118,train
31119,train
31120,train
31121,train
31122,test
31123,train
31124,test
31125,train
31126,train
31127,test
31128,train
31129,train
31130,train
31131,train
31132,train
31133,train
31134,test
31135,train
31136,train
31137,train
31138,train
31139,train
31140,train
31141,train
31142,test
31143,train
31144,train
31145,train
31146,test
31147,train
31148,train
31149,train
31150,train
31151,test
31152,test
31153,train
31154,train
31155,test
31156,train
31157,train
31158,train
31159,train
31160,train
31161,train
31162,train
31163,train
31164,test
31165,train
31166,train
31167,train
31168,train
31169,test
31170,train
31171,train
31172,test
31173,train
31174,train
31175,test
31176,train
31177,train
31178,train
31179,train
31180,train
31181,train
31182,train
31183,train
31184,train
31185,train
31186,train
31187,train
31188,test
31189,train
31190,train
31191,train
31192,train
31193,test
31194,test
31195,train
31196,train
31197,train
31198,train
31199,train
31200,train
31201,test
31202,train
31203,train
31204,train
31205,train
31206,train
31207,test
31208,train
31209,train
31210,train
31211,train
31212,train
31213,test
31214,train
31215,train
31216,train
31217,test
31218,train
31219,train
31220,train
31221,train
31222,train
31223,train
31224,train
31225,train
31226,test
31227,train
31228,train
31229,train
31230,test
31231,train
31232,train
31233,train
31234,train
31235,test
31236,train
31237,test
31238,train
31239,train
31240,train
31241,train
31242,test
31243,train
31244,train
31245,train
31246,train
31247,train
31248,train
31249,train
31250,train
31251,test
31252,train
31253,train
31254,train
31255,train
31256,train
31257,test
31258,test
31259,train
31260,train
31261,train
31262,test
31263,train
31264,train
31265,train
31266,train
31267,train
31268,train
31269,train
31270,train
31271,train
31272,train
31273,train
31274,train
31275,train
31276,train
31277,test
31278,train
31279,train
31280,train
31281,train
31282,train
31283,test
31284,train
31285,train
31286,train
31287,train
31288,test
31289,train
31290,train
31291,train
31292,train
31293,test
31294,test
31295,train
31296,train
31297,train
31298,test
31299,train
31300,train
31301,train
31302,train
31303,train
31304,train
31305,train
31306,train
31307,train
31308,train
31309,test
31310,train
31311,train
31312,train
31313,train
31314,train
31315,train
31316,train
31317,train
31318,train
31319,train
31320,test
31321,train
31322,train
31323,train
31324,train
31325,train
31326,test
31327,train
31328,train
31329,train
31330,test
31331,train
31332,test
31333,train
31334,test
31335,test
31336,test
31337,train
31338,train
31339,train
31340,train
31341,train
31342,train
31343,train
31344,train
31345,train
31346,train
31347,train
31348,train
31349,train
31350,test
31351,train
31352,train
31353,test
31354,train
31355,train
31356,train
31357,train
31358,train
31359,train
31360,test
31361,train
31362,train
31363,train
31364,train
31365,test
31366,train
31367,test
31368,test
31369,test
31370,train
31371,test
31372,train
31373,train
31374,train
31375,train
31376,train
31377,train
31378,train
31379,train
31380,train
31381,train
31382,train
31383,train
31384,test
31385,train
31386,train
31387,test
31388,train
31389,train
31390,train
31391,train
31392,train
31393,train
31394,test
31395,train
31396,test
31397,train
31398,train
31399,train
31400,train
31401,train
31402,train
31403,train
31404,train
31405,train
31406,train
31407,train
31408,train
31409,train
31410,train
31411,train
31412,train
31413,test
31414,train
31415,train
31416,train
31417,train
31418,train
31419,train
31420,train
31421,train
31422,train
31423,train
31424,test
31425,train
31426,train
31427,train
31428,train
31429,train
31430,test
31431,train
31432,train
31433,train
31434,train
31435,train
31436,train
31437,train
31438,test
31439,train
31440,train
31441,test
31442,train
31443,train
31444,train
31445,train
31446,test
31447,train
31448,test
31449,test
31450,train
31451,train
31452,train
31453,test
31454,train
31455,train
31456,test
31457,train
31458,train
31459,train
31460,train
31461,train
31462,train
31463,train
31464,test
31465,train
31466,train
31467,train
31468,train
31469,train
31470,test
31471,train
31472,test
31473,train
31474,train
31475,train
31476,train
31477,train
31478,test
31479,train
31480,train
31481,test
31482,train
31483,train
31484,train
31485,train
31486,train
31487,train
31488,train
31489,train
31490,train
31491,train
31492,train
31493,test
31494,train
31495,train
31496,train
31497,train
31498,test
31499,test
31500,train
31501,train
31502,train
31503,test
31504,train
31505,train
31506,train
31507,train
31508,train
31509,train
31510,train
31511,train
31512,train
31513,train
31514,train
31515,train
31516,train
31517,test
31518,train
31519,test
31520,train
31521,train
31522,test
31523,test
31524,train
31525,test
31526,train
31527,train
31528,train
31529,train
31530,test
31531,train
31532,train
31533,train
31534,train
31535,train
31536,train
31537,train
31538,train
31539,train
31540,train
31541,test
31542,test
31543,test
31544,train
31545,train
31546,train
31547,train
31548,train
31549,train
31550,train
31551,train
31552,train
31553,train
31554,train
31555,train
31556,train
31557,train
31558,train
31559,train
31560,train
31561,test
31562,train
31563,train
31564,train
31565,train
31566,train
31567,test
31568,train
31569,train
31570,train
31571,train
31572,train
31573,train
31574,test
31575,train
31576,test
31577,train
31578,test
31579,test
31580,train
31581,train
31582,test
31583,test
31584,train
31585,test
31586,train
31587,train
31588,train
31589,test
31590,train
31591,train
31592,train
31593,train
31594,train
31595,train
31596,train
31597,train
31598,train
31599,train
31600,train
31601,train
31602,test
31603,train
31604,train
31605,train
31606,train
31607,train
31608,test
31609,train
31610,test
31611,train
31612,train
31613,test
31614,train
31615,train
31616,train
31617,train
31618,test
31619,test
31620,train
31621,train
31622,test
31623,test
31624,train
31625,train
31626,test
31627,train
31628,train
31629,test
31630,train
31631,train
31632,train
31633,train
31634,test
31635,train
31636,train
31637,train
31638,train
31639,train
31640,train
31641,train
31642,train
31643,train
31644,test
31645,train
31646,train
31647,train
31648,train
31649,test
31650,train
31651,train
31652,train
31653,train
31654,train
31655,train
31656,train
31657,train
31658,train
31659,train
31660,train
31661,train
31662,train
31663,train
31664,train
31665,train
31666,test
31667,test
31668,train
31669,train
31670,test
31671,test
31672,train
31673,train
31674,train
31675,test
31676,train
31677,test
31678,test
31679,train
31680,train
31681,train
31682,train
31683,test
31684,test
31685,test
31686,train
31687,train
31688,train
31689,train
31690,train
31691,train
31692,test
31693,train
31694,train
31695,train
31696,train
31697,train
31698,train
31699,train
31700,test
31701,train
31702,train
31703,train
31704,train
31705,train
31706,train
31707,test
31708,train
31709,train
31710,train
31711,test
31712,test
31713,train
31714,test
31715,train
31716,test
31717,train
31718,train
31719,train
31720,test
31721,train
31722,train
31723,train
31724,train
31725,train
31726,train
31727,test
31728,train
31729,train
31730,train
31731,test
31732,test
31733,test
31734,train
31735,test
31736,train
31737,train
31738,train
31739,train
31740,train
31741,train
31742,train
31743,train
31744,train
31745,train
31746,train
31747,train
31748,train
31749,train
31750,train
31751,train
31752,train
31753,train
31754,train
31755,test
31756,test
31757,train
31758,train
31759,test
31760,test
31761,train
31762,train
31763,train
31764,test
31765,train
31766,train
31767,train
31768,test
31769,train
31770,train
31771,test
31772,train
31773,test
31774,train
31775,train
31776,train
31777,train
31778,test
31779,test
31780,train
31781,train
31782,train
31783,train
31784,train
31785,train
31786,train
31787,train
31788,test
31789,test
31790,train
31791,train
31792,train
31793,train
31794,test
31795,train
31796,train
31797,test
31798,train
31799,train
31800,train
31801,train
31802,train
31803,test
31804,train
31805,train
31806,train
31807,train
31808,test
31809,train
31810,train
31811,train
31812,train
31813,train
31814,train
31815,test
31816,train
31817,train
31818,train
31819,train
31820,train
31821,train
31822,train
31823,test
31824,train
31825,train
31826,train
31827,train
31828,train
31829,train
31830,train
31831,train
31832,train
31833,train
31834,test
31835,train
31836,train
31837,train
31838,train
31839,test
31840,train
31841,train
31842,test
31843,train
31844,train
31845,train
31846,train
31847,train
31848,train
31849,train
31850,train
31851,train
31852,train
31853,train
31854,train
31855,test
31856,train
31857,train
31858,train
31859,train
31860,test
31861,test
31862,train
31863,train
31864,train
31865,test
31866,test
31867,train
31868,test
31869,test
31870,train
31871,train
31872,train
31873,test
31874,train
31875,train
31876,train
31877,train
31878,train
31879,train
31880,train
31881,test
31882,train
31883,train
31884,train
31885,train
31886,train
31887,train
31888,test
31889,train
31890,test
31891,train
31892,train
31893,train
31894,train
31895,test
31896,test
31897,test
31898,train
31899,test
31900,test
31901,train
31902,train
31903,train
31904,test
31905,train
31906,test
31907,train
31908,test
31909,train
31910,train
31911,train
31912,test
31913,train
31914,train
31915,train
31916,train
31917,train
31918,train
31919,train
31920,test
31921,train
31922,test
31923,train
31924,train
31925,test
31926,train
31927,train
31928,train
31929,train
31930,train
31931,train
31932,train
31933,train
31934,train
31935,test
31936,train
31937,train
31938,train
31939,train
31940,train
31941,train
31942,train
31943,train
31944,train
31945,train
31946,test
31947,train
31948,train
31949,train
31950,train
31951,train
31952,train
31953,test
31954,train
31955,train
31956,test
31957,train
31958,train
31959,test
31960,test
31961,train
31962,train
31963,train
31964,train
31965,train
31966,train
31967,train
31968,train
31969,train
31970,train
31971,train
31972,train
31973,test
31974,train
31975,train
31976,train
31977,train
31978,train
31979,test
31980,train
31981,train
31982,train
31983,train
31984,test
31985,train
31986,train
31987,train
31988,test
31989,train
31990,train
31991,train
31992,train
31993,train
31994,train
31995,train
31996,train
31997,train
31998,train
31999,train
32000,train
32001,train
32002,test
32003,train
32004,train
32005,train
32006,test
32007,train
32008,train
32009,train
32010,train
32011,train
32012,train
32013,train
32014,train
32015,train
32016,train
32017,test
32018,train
32019,train
32020,test
32021,train
32022,test
32023,test
32024,train
32025,train
32026,train
32027,train
32028,train
32029,train
32030,train
32031,train
32032,train
32033,train
32034,train
32035,train
32036,train
32037,train
32038,train
32039,train
32040,train
32041,test
32042,train
32043,train
32044,train
32045,train
32046,train
32047,train
32048,train
32049,train
32050,train
32051,train
32052,test
32053,train
32054,train
32055,train
32056,train
32057,test
32058,test
32059,train
32060,train
32061,train
32062,train
32063,train
32064,train
32065,train
32066,train
32067,test
32068,train
32069,train
32070,train
32071,train
32072,train
32073,train
32074,train
32075,test
32076,train
32077,test
32078,train
32079,train
32080,train
32081,train
32082,train
32083,train
32084,train
32085,train
32086,train
32087,train
32088,train
32089,train
32090,train
32091,train
32092,train
32093,train
32094,test
32095,test
32096,train
32097,train
32098,train
32099,test
32100,test
32101,train
32102,train
32103,train
32104,train
32105,train
32106,train
32107,test
32108,train
32109,train
32110,train
32111,train
32112,train
32113,test
32114,train
32115,train
32116,train
32117,train
32118,train
32119,test
32120,train
32121,train
32122,test
32123,test
32124,train
32125,train
32126,test
32127,train
32128,test
32129,train
32130,test
32131,train
32132,train
32133,train
32134,train
32135,train
32136,train
32137,train
32138,train
32139,train
32140,train
32141,train
32142,train
32143,train
32144,train
32145,train
32146,train
32147,train
32148,train
32149,train
32150,test
32151,test
32152,train
32153,test
32154,train
32155,train
32156,train
32157,train
32158,train
32159,train
32160,train
32161,train
32162,train
32163,train
32164,train
32165,test
32166,train
32167,train
32168,train
32169,train
32170,test
32171,train
32172,train
32173,train
32174,train
32175,train
32176,train
32177,train
32178,train
32179,train
32180,train
32181,train
32182,train
32183,train
32184,train
32185,train
32186,train
32187,train
32188,test
32189,train
32190,train
32191,train
32192,train
32193,train
32194,train
32195,train
32196,train
32197,train
32198,train
32199,train
32200,train
32201,train
32202,train
32203,train
32204,train
32205,train
32206,test
32207,train
32208,train
32209,test
32210,train
32211,train
32212,train
32213,train
32214,train
32215,train
32216,train
32217,train
32218,test
32219,train
32220,train
32221,train
32222,train
32223,train
32224,train
32225,train
32226,test
32227,train
32228,train
32229,train
32230,train
32231,test
32232,test
32233,train
32234,train
32235,train
32236,test
32237,train
32238,train
32239,test
32240,train
32241,train
32242,test
32243,train
32244,train
32245,train
32246,train
32247,train
32248,train
32249,test
32250,train
32251,train
32252,train
32253,train
32254,train
32255,train
32256,train
32257,train
32258,train
32259,train
32260,train
32261,train
32262,train
32263,test
32264,train
32265,train
32266,train
32267,test
32268,train
32269,train
32270,train
32271,train
32272,test
32273,train
32274,train
32275,test
32276,test
32277,train
32278,train
32279,train
32280,train
32281,train
32282,train
32283,train
32284,train
32285,train
32286,train
32287,train
32288,train
32289,train
32290,test
32291,train
32292,train
32293,train
32294,train
32295,train
32296,train
32297,train
32298,train
32299,train
32300,train
32301,train
32302,train
32303,train
32304,train
32305,train
32306,train
32307,test
32308,train
32309,train
32310,train
32311,train
32312,train
32313,train
32314,train
32315,test
32316,train
32317,train
32318,train
32319,train
32320,test
32321,train
32322,train
32323,train
32324,train
32325,test
32326,train
32327,test
32328,train
32329,test
32330,train
32331,test
32332,train
32333,train
32334,train
32335,train
32336,test
32337,train
32338,train
32339,test
32340,train
32341,test
32342,train
32343,train
32344,train
32345,train
32346,train
32347,test
32348,train
32349,train
32350,train
32351,train
32352,train
32353,train
32354,train
32355,train
32356,train
32357,train
32358,train
32359,train
32360,train
32361,train
32362,train
32363,train
32364,test
32365,test
32366,train
32367,train
32368,train
32369,train
32370,train
32371,test
32372,test
32373,train
32374,train
32375,train
32376,train
32377,train
32378,train
32379,train
32380,train
32381,train
32382,train
32383,train
32384,train
32385,test
32386,test
32387,train
32388,train
32389,train
32390,train
32391,train
32392,train
32393,train
32394,test
32395,train
32396,test
32397,train
32398,train
32399,test
32400,train
32401,train
32402,train
32403,test
32404,train
32405,test
32406,train
32407,test
32408,train
32409,train
32410,train
32411,train
32412,train
32413,train
32414,train
32415,train
32416,train
32417,test
32418,train
32419,test
32420,train
32421,train
32422,train
32423,train
32424,train
32425,test
32426,train
32427,train
32428,test
32429,train
32430,train
32431,train
32432,train
32433,train
32434,train
32435,train
32436,train
32437,train
32438,train
32439,train
32440,train
32441,train
32442,test
32443,train
32444,train
32445,test
32446,test
32447,train
32448,train
32449,train
32450,test
32451,train
32452,train
32453,train
32454,train
32455,train
32456,test
32457,train
32458,train
32459,test
32460,train
32461,test
32462,train
32463,test
32464,train
32465,test
32466,train
32467,train
32468,train
32469,test
32470,train
32471,train
32472,train
32473,train
32474,train
32475,train
32476,test
32477,test
32478,train
32479,test
32480,train
32481,train
32482,train
32483,test
32484,train
32485,train
32486,test
32487,train
32488,train
32489,train
32490,train
32491,train
32492,train
32493,train
32494,train
32495,train
32496,train
32497,train
32498,train
32499,train
32500,train
32501,train
32502,train
32503,test
32504,test
32505,test
32506,train
32507,train
32508,train
32509,train
32510,train
32511,train
32512,train
32513,train
32514,train
32515,train
32516,train
32517,train
32518,train
32519,train
32520,train
32521,train
32522,test
32523,train
32524,train
32525,train
32526,train
32527,train
32528,train
32529,train
32530,train
32531,train
32532,train
32533,train
32534,train
32535,train
32536,train
32537,train
32538,test
32539,train
32540,test
32541,test
32542,train
32543,test
32544,train
32545,train
32546,train
32547,train
32548,train
32549,train
32550,train
32551,train
32552,train
32553,train
32554,train
32555,train
32556,train
32557,train
32558,test
32559,train
32560,train
32561,train
32562,train
32563,train
32564,train
32565,train
32566,train
32567,train
32568,train
32569,train
32570,test
32571,train
32572,train
32573,test
32574,train
32575,test
32576,test
32577,train
32578,train
32579,train
32580,train
32581,train
32582,test
32583,train
32584,train
32585,train
32586,train
32587,test
32588,train
32589,train
32590,train
32591,train
32592,train
32593,train
32594,train
32595,train
32596,train
32597,train
32598,test
32599,train
32600,train
32601,train
32602,test
32603,train
32604,train
32605,test
32606,train
32607,test
32608,train
32609,test
32610,train
32611,train
32612,train
32613,train
32614,train
32615,train
32616,train
32617,train
32618,train
32619,train
32620,train
32621,train
32622,train
32623,train
32624,train
32625,test
32626,train
32627,train
32628,train
32629,train
32630,test
32631,train
32632,train
32633,train
32634,test
32635,train
32636,train
32637,train
32638,train
32639,test
32640,train
32641,train
32642,train
32643,train
32644,train
32645,test
32646,test
32647,train
32648,train
32649,train
32650,train
32651,train
32652,train
32653,train
32654,test
32655,train
32656,train
32657,train
32658,test
32659,train
32660,test
32661,test
32662,train
32663,train
32664,train
32665,train
32666,train
32667,train
32668,train
32669,train
32670,train
32671,test
32672,train
32673,train
32674,train
32675,test
32676,train
32677,train
32678,train
32679,train
32680,test
32681,test
32682,train
32683,test
32684,train
32685,train
32686,train
32687,test
32688,train
32689,train
32690,train
32691,test
32692,train
32693,train
32694,train
32695,train
32696,test
32697,train
32698,train
32699,train
32700,train
32701,train
32702,train
32703,train
32704,train
32705,test
32706,train
32707,train
32708,train
32709,train
32710,train
32711,train
32712,train
32713,train
32714,train
32715,train
32716,test
32717,test
32718,train
32719,train
32720,test
32721,train
32722,train
32723,test
32724,train
32725,train
32726,train
32727,test
32728,train
32729,train
32730,train
32731,train
32732,train
32733,train
32734,train
32735,train
32736,train
32737,train
32738,train
32739,train
32740,test
32741,test
32742,train
32743,test
32744,test
32745,train
32746,train
32747,train
32748,train
32749,train
32750,train
32751,train
32752,train
32753,train
32754,train
32755,train
32756,train
32757,test
32758,train
32759,train
32760,train
32761,train
32762,train
32763,train
32764,train
32765,train
32766,test
32767,train
32768,train
32769,test
32770,test
32771,train
32772,test
32773,train
32774,train
32775,train
32776,test
32777,train
32778,test
32779,train
32780,train
32781,train
32782,train
32783,train
32784,train
32785,test
32786,train
32787,train
32788,train
32789,train
32790,train
32791,test
32792,test
32793,train
32794,train
32795,train
32796,train
32797,train
32798,train
32799,train
32800,train
32801,train
32802,train
32803,test
32804,train
32805,train
32806,train
32807,train
32808,train
32809,train
32810,train
32811,train
32812,train
32813,train
32814,train
32815,test
32816,train
32817,test
32818,train
32819,train
32820,train
32821,test
32822,test
32823,train
32824,train
32825,train
32826,train
32827,test
32828,train
32829,train
32830,train
32831,test
32832,train
32833,train
32834,train
32835,train
32836,train
32837,test
32838,train
32839,train
32840,train
32841,train
32842,train
32843,test
32844,train
32845,train
32846,train
32847,train
32848,train
32849,train
32850,train
32851,train
32852,train
32853,train
32854,test
32855,train
32856,train
32857,train
32858,train
32859,test
32860,train
32861,test
32862,train
32863,train
32864,train
32865,train
32866,train
32867,train
32868,train
32869,train
32870,train
32871,train
32872,train
32873,train
32874,train
32875,train
32876,test
32877,train
32878,train
32879,train
32880,train
32881,train
32882,train
32883,train
32884,train
32885,train
32886,train
32887,train
32888,train
32889,train
32890,train
32891,test
32892,train
32893,test
32894,train
32895,test
32896,test
32897,train
32898,train
32899,test
32900,test
32901,train
32902,test
32903,train
32904,test
32905,train
32906,test
32907,test
32908,train
32909,train
32910,train
32911,test
32912,train
32913,train
32914,test
32915,train
32916,train
32917,train
32918,train
32919,train
32920,train
32921,test
32922,train
32923,train
32924,test
32925,train
32926,train
32927,train
32928,train
32929,train
32930,train
32931,train
32932,train
32933,test
32934,train
32935,test
32936,train
32937,train
32938,train
32939,train
32940,train
32941,test
32942,train
32943,train
32944,train
32945,train
32946,train
32947,train
32948,train
32949,train
32950,train
32951,train
32952,train
32953,train
32954,train
32955,train
32956,train
32957,train
32958,train
32959,train
32960,train
32961,train
32962,train
32963,test
32964,train
32965,train
32966,train
32967,train
32968,train
32969,test
32970,train
32971,test
32972,test
32973,train
32974,train
32975,train
32976,train
32977,train
32978,test
32979,train
32980,train
32981,train
32982,test
32983,train
32984,train
32985,train
32986,test
32987,train
32988,train
32989,train
32990,train
32991,train
32992,train
32993,test
32994,train
32995,train
32996,train
32997,test
32998,train
32999,train
33000,train
33001,train
33002,train
33003,train
33004,train
33005,train
33006,train
33007,train
33008,train
33009,train
33010,train
33011,train
33012,train
33013,train
33014,train
33015,train
33016,test
33017,test
33018,test
33019,test
33020,train
33021,train
33022,train
33023,test
33024,train
33025,test
33026,test
33027,train
33028,train
33029,train
33030,train
33031,train
33032,train
33033,train
33034,train
33035,train
33036,train
33037,train
33038,train
33039,train
33040,train
33041,train
33042,test
33043,train
33044,train
33045,train
33046,train
33047,train
33048,train
33049,train
33050,train
33051,train
33052,train
33053,train
33054,train
33055,train
33056,train
33057,train
33058,test
33059,train
33060,train
33061,train
33062,train
33063,test
33064,train
33065,train
33066,train
33067,train
33068,train
33069,train
33070,train
33071,train
33072,train
33073,test
33074,train
33075,train
33076,train
33077,train
33078,train
33079,test
33080,train
33081,test
33082,test
33083,test
33084,train
33085,train
33086,train
33087,test
33088,train
33089,train
33090,train
33091,train
33092,train
33093,train
33094,train
33095,train
33096,train
33097,test
33098,test
33099,test
33100,train
33101,train
33102,train
33103,train
33104,train
33105,train
33106,train
33107,train
33108,train
33109,train
33110,train
33111,test
33112,train
33113,test
33114,test
33115,train
33116,train
33117,train
33118,train
33119,train
33120,train
33121,train
33122,train
33123,train
33124,train
33125,train
33126,train
33127,test
33128,train
33129,train
33130,train
33131,train
33132,train
33133,train
33134,train
33135,test
33136,train
33137,train
33138,train
33139,test
33140,test
33141,train
33142,train
33143,train
33144,train
33145,train
33146,train
33147,train
33148,train
33149,train
33150,test
33151,test
33152,test
33153,train
33154,train
33155,train
33156,train
33157,test
33158,train
33159,train
33160,train
33161,train
33162,train
33163,test
33164,train
33165,test
33166,test
33167,train
33168,train
33169,train
33170,test
33171,train
33172,test
33173,test
33174,train
33175,train
33176,test
33177,train
33178,train
33179,train
33180,train
33181,test
33182,train
33183,train
33184,test
33185,train
33186,train
33187,train
33188,train
33189,train
33190,train
33191,test
33192,test
33193,train
33194,test
33195,train
33196,test
33197,train
33198,train
33199,train
33200,train
33201,train
33202,train
33203,train
33204,train
33205,train
33206,train
33207,test
33208,train
33209,test
33210,train
33211,train
33212,train
33213,train
33214,train
33215,train
33216,train
33217,test
33218,train
33219,train
33220,train
33221,train
33222,train
33223,train
33224,train
33225,test
33226,train
33227,train
33228,train
33229,test
33230,train
33231,train
33232,train
33233,train
33234,train
33235,train
33236,train
33237,train
33238,train
33239,test
33240,test
33241,train
33242,test
33243,train
33244,test
33245,train
33246,train
33247,train
33248,train
33249,train
33250,train
33251,test
33252,train
33253,test
33254,test
33255,train
33256,train
33257,train
33258,train
33259,test
33260,train
33261,train
33262,train
33263,test
33264,train
33265,train
33266,train
33267,train
33268,train
33269,train
33270,train
33271,train
33272,train
33273,train
33274,test
33275,train
33276,train
33277,train
33278,train
33279,train
33280,train
33281,train
33282,train
33283,train
33284,test
33285,train
33286,train
33287,train
33288,test
33289,train
33290,train
33291,train
33292,train
33293,train
33294,train
33295,train
33296,train
33297,train
33298,train
33299,train
33300,train
33301,train
33302,train
33303,test
33304,train
33305,train
33306,train
33307,train
33308,train
33309,train
33310,train
33311,train
33312,train
33313,train
33314,train
33315,test
33316,train
33317,train
33318,train
33319,train
33320,train
33321,train
33322,train
33323,train
33324,test
33325,train
33326,train
33327,train
33328,test
33329,train
33330,test
33331,train
33332,train
33333,train
33334,test
33335,train
33336,test
33337,train
33338,train
33339,train
33340,train
33341,train
33342,test
33343,train
33344,train
33345,train
33346,train
33347,train
33348,test
33349,train
33350,test
33351,train
33352,test
33353,train
33354,train
33355,train
33356,test
33357,test
33358,train
33359,train
33360,train
33361,train
33362,train
33363,train
33364,train
33365,train
33366,train
33367,test
33368,train
33369,train
33370,train
33371,test
33372,train
33373,train
33374,train
33375,train
33376,test
33377,train
33378,train
33379,train
33380,train
33381,train
33382,train
33383,train
33384,train
33385,train
33386,train
33387,train
33388,test
33389,test
33390,train
33391,train
33392,train
33393,train
33394,train
33395,train
33396,train
33397,train
33398,test
33399,train
33400,train
33401,train
33402,train
33403,train
33404,train
33405,train
33406,train
33407,train
33408,train
33409,train
33410,train
33411,test
33412,test
33413,train
33414,train
33415,test
33416,train
33417,train
33418,train
33419,train
33420,train
33421,train
33422,train
33423,train
33424,train
33425,train
33426,train
33427,train
33428,train
33429,train
33430,train
33431,train
33432,train
33433,test
33434,train
33435,train
33436,train
33437,train
33438,train
33439,train
33440,train
33441,train
33442,train
33443,test
33444,train
33445,train
33446,train
33447,train
33448,test
33449,test
33450,train
33451,test
33452,test
33453,train
33454,test
33455,train
33456,train
33457,train
33458,train
33459,train
33460,train
33461,train
33462,train
33463,train
33464,train
33465,train
33466,train
33467,train
33468,train
33469,train
33470,train
33471,test
33472,train
33473,train
33474,train
33475,train
33476,train
33477,test
33478,train
33479,train
33480,train
33481,train
33482,train
33483,train
33484,train
33485,train
33486,train
33487,train
33488,train
33489,train
33490,test
33491,train
33492,train
33493,train
33494,test
33495,train
33496,train
33497,train
33498,train
33499,train
33500,train
33501,train
33502,test
33503,train
33504,test
33505,train
33506,train
33507,train
33508,train
33509,train
33510,test
33511,train
33512,test
33513,train
33514,test
33515,train
33516,train
33517,train
33518,train
33519,test
33520,train
33521,train
33522,test
33523,train
33524,train
33525,train
33526,train
33527,train
33528,train
33529,train
33530,train
33531,train
33532,test
33533,train
33534,train
33535,test
33536,train
33537,train
33538,train
33539,train
33540,train
33541,train
33542,test
33543,train
33544,train
33545,train
33546,test
33547,train
33548,train
33549,train
33550,train
33551,train
33552,test
33553,test
33554,train
33555,train
33556,train
33557,train
33558,train
33559,test
33560,test
33561,train
33562,test
33563,test
33564,train
33565,train
33566,train
33567,train
33568,train
33569,train
33570,train
33571,train
33572,train
33573,test
33574,train
33575,train
33576,train
33577,test
33578,train
33579,test
33580,train
33581,test
33582,train
33583,train
33584,train
33585,train
33586,train
33587,train
33588,train
33589,train
33590,test
33591,train
33592,train
33593,train
33594,train
33595,train
33596,train
33597,train
33598,test
33599,train
33600,train
33601,test
33602,train
33603,train
33604,train
33605,train
33606,train
33607,train
33608,train
33609,train
33610,train
33611,train
33612,train
33613,test
33614,test
33615,train
33616,train
33617,train
33618,train
33619,train
33620,train
33621,test
33622,train
33623,test
33624,train
33625,train
33626,train
33627,train
33628,train
33629,train
33630,test
33631,train
33632,train
33633,train
33634,test
33635,train
33636,test
33637,train
33638,train
33639,train
33640,train
33641,train
33642,train
33643,test
33644,test
33645,train
33646,train
33647,train
33648,train
33649,train
33650,train
33651,train
33652,test
33653,train
33654,train
33655,train
33656,test
33657,train
33658,train
33659,train
33660,test
33661,train
33662,train
33663,train
33664,train
33665,train
33666,train
33667,train
33668,test
33669,train
33670,train
33671,train
33672,train
33673,test
33674,train
33675,train
33676,train
33677,train
33678,train
33679,train
33680,train
33681,train
33682,train
33683,train
33684,train
33685,train
33686,train
33687,train
33688,train
33689,train
33690,train
33691,test
33692,train
33693,test
33694,train
33695,test
33696,train
33697,train
33698,train
33699,train
33700,test
33701,train
33702,test
33703,train
33704,test
33705,train
33706,test
33707,test
33708,train
33709,train
33710,train
33711,train
33712,train
33713,train
33714,train
33715,train
33716,train
33717,train
33718,train
33719,test
33720,train
33721,train
33722,test
33723,test
33724,train
33725,test
33726,train
33727,train
33728,train
33729,train
33730,train
33731,test
33732,test
33733,train
33734,train
33735,test
33736,test
33737,train
33738,train
33739,train
33740,train
33741,train
33742,train
33743,test
33744,train
33745,train
33746,test
33747,test
33748,train
33749,train
33750,train
33751,test
33752,train
33753,train
33754,train
33755,train
33756,train
33757,train
33758,train
33759,test
33760,train
33761,train
33762,train
33763,train
33764,train
33765,train
33766,train
33767,train
33768,test
33769,train
33770,train
33771,train
33772,train
33773,train
33774,train
33775,train
33776,train
33777,train
33778,train
33779,train
33780,train
33781,train
33782,train
33783,train
33784,train
33785,train
33786,train
33787,train
33788,test
33789,test
33790,train
33791,train
33792,train
33793,test
33794,train
33795,train
33796,train
33797,test
33798,train
33799,test
33800,train
33801,train
33802,test
33803,train
33804,test
33805,train
33806,test
33807,train
33808,train
33809,train
33810,train
33811,train
33812,test
33813,train
33814,train
33815,train
33816,train
33817,train
33818,train
33819,test
33820,test
33821,train
33822,test
33823,train
33824,train
33825,train
33826,train
33827,train
33828,test
33829,train
33830,train
33831,train
33832,train
33833,train
33834,train
33835,train
33836,train
33837,train
33838,train
33839,train
33840,train
33841,train
33842,train
33843,train
33844,train
33845,train
33846,train
33847,train
33848,train
33849,train
33850,test
33851,train
33852,train
33853,train
33854,test
33855,train
33856,train
33857,test
33858,train
33859,test
33860,test
33861,test
33862,test
33863,train
33864,test
33865,train
33866,train
33867,train
33868,train
33869,test
33870,train
33871,test
33872,train
33873,test
33874,train
33875,train
33876,test
33877,train
33878,train
33879,train
33880,train
33881,test
33882,train
33883,train
33884,train
33885,train
33886,train
33887,train
33888,train
33889,test
33890,train
33891,train
33892,test
33893,train
33894,train
33895,train
33896,train
33897,train
33898,train
33899,train
33900,train
33901,train
33902,train
33903,train
33904,train
33905,train
33906,train
33907,train
33908,train
33909,train
33910,train
33911,train
33912,train
33913,train
33914,test
33915,test
33916,train
33917,train
33918,train
33919,train
33920,train
33921,train
33922,train
33923,train
33924,train
33925,test
33926,test
33927,train
33928,train
33929,test
33930,train
33931,train
33932,train
33933,train
33934,train
33935,train
33936,train
33937,train
33938,train
33939,train
33940,train
33941,test
33942,train
33943,train
33944,train
33945,train
33946,test
33947,train
33948,train
33949,train
33950,train
33951,train
33952,train
33953,train
33954,train
33955,train
33956,train
33957,train
33958,train
33959,test
33960,test
33961,test
33962,train
33963,train
33964,train
33965,train
33966,test
33967,test
33968,test
33969,train
33970,train
33971,train
33972,train
33973,train
33974,test
33975,test
33976,test
33977,train
33978,train
33979,train
33980,train
33981,test
33982,train
33983,test
33984,train
33985,train
33986,train
33987,train
33988,train
33989,train
33990,train
33991,train
33992,train
33993,test
33994,train
33995,train
33996,test
33997,train
33998,test
33999,test
34000,test
34001,train
34002,train
34003,test
34004,train
34005,train
34006,train
34007,train
34008,test
34009,train
34010,train
34011,train
34012,train
34013,train
34014,train
34015,train
34016,train
34017,train
34018,train
34019,train
34020,train
34021,train
34022,train
34023,test
34024,train
34025,train
34026,train
34027,train
34028,train
34029,train
34030,train
34031,train
34032,train
34033,train
34034,train
34035,train
34036,train
34037,train
34038,train
34039,train
34040,train
34041,train
34042,test
34043,test
34044,train
34045,train
34046,train
34047,train
34048,train
34049,train
34050,train
34051,test
34052,test
34053,train
34054,train
34055,train
34056,train
34057,train
34058,train
34059,train
34060,test
34061,train
34062,train
34063,train
34064,train
34065,test
34066,train
34067,test
34068,train
34069,train
34070,test
34071,train
34072,train
34073,test
34074,train
34075,train
34076,train
34077,test
34078,train
34079,train
34080,train
34081,train
34082,test
34083,test
34084,test
34085,train
34086,train
34087,train
34088,train
34089,train
34090,train
34091,train
34092,train
34093,test
34094,train
34095,train
34096,train
34097,train
34098,train
34099,train
34100,train
34101,train
34102,train
34103,train
34104,train
34105,train
34106,train
34107,test
34108,train
34109,train
34110,train
34111,train
34112,test
34113,train
34114,train
34115,train
34116,train
34117,test
34118,train
34119,train
34120,train
34121,test
34122,test
34123,train
34124,test
34125,train
34126,train
34127,train
34128,train
34129,train
34130,train
34131,test
34132,train
34133,train
34134,train
34135,train
34136,test
34137,test
34138,train
34139,train
34140,train
34141,train
34142,test
34143,train
34144,train
34145,train
34146,train
34147,test
34148,train
34149,test
34150,train
34151,train
34152,train
34153,train
34154,train
34155,train
34156,train
34157,test
34158,train
34159,train
34160,train
34161,train
34162,train
34163,train
34164,train
34165,train
34166,train
34167,train
34168,train
34169,train
34170,train
34171,train
34172,test
34173,train
34174,train
34175,test
34176,train
34177,train
34178,train
34179,train
34180,train
34181,test
34182,train
34183,train
34184,train
34185,train
34186,train
34187,train
34188,train
34189,train
34190,train
34191,train
34192,train
34193,train
34194,test
34195,train
34196,test
34197,test
34198,train
34199,train
34200,train
34201,train
34202,train
34203,train
34204,test
34205,train
34206,train
34207,train
34208,train
34209,train
34210,test
34211,train
34212,train
34213,train
34214,test
34215,train
34216,train
34217,test
34218,train
34219,train
34220,train
34221,train
34222,train
34223,train
34224,train
34225,train
34226,train
34227,train
34228,train
34229,test
34230,train
34231,train
34232,train
34233,train
34234,test
34235,train
34236,train
34237,train
34238,train
34239,train
34240,train
34241,train
34242,test
34243,train
34244,train
34245,train
34246,test
34247,train
34248,train
34249,train
34250,train
34251,train
34252,train
34253,train
34254,train
34255,train
34256,test
34257,train
34258,train
34259,train
34260,test
34261,train
34262,test
34263,train
34264,train
34265,train
34266,test
34267,train
34268,test
34269,train
34270,test
34271,train
34272,train
34273,train
34274,test
34275,train
34276,train
34277,train
34278,train
34279,train
34280,test
34281,test
34282,test
34283,train
34284,test
34285,train
34286,train
34287,train
34288,test
34289,train
34290,train
34291,train
34292,train
34293,train
34294,train
34295,train
34296,train
34297,train
34298,train
34299,test
34300,train
34301,train
34302,train
34303,train
34304,train
34305,train
34306,train
34307,train
34308,train
34309,train
34310,train
34311,train
34312,train
34313,train
34314,train
34315,test
34316,train
34317,train
34318,test
34319,train
34320,test
34321,train
34322,train
34323,test
34324,train
34325,train
34326,train
34327,test
34328,train
34329,train
34330,train
34331,test
34332,train
34333,test
34334,train
34335,train
34336,test
34337,train
34338,train
34339,test
34340,test
34341,train
34342,train
34343,train
34344,train
34345,train
34346,test
34347,train
34348,train
34349,train
34350,train
34351,train
34352,train
34353,train
34354,train
34355,train
34356,train
34357,test
34358,train
34359,train
34360,test
34361,train
34362,train
34363,train
34364,test
34365,test
34366,train
34367,test
34368,train
34369,test
34370,train
34371,train
34372,train
34373,test
34374,train
34375,test
34376,test
34377,train
34378,train
34379,train
34380,train
34381,train
34382,train
34383,test
34384,train
34385,test
34386,test
34387,train
34388,test
34389,train
34390,train
34391,train
34392,test
34393,train
34394,train
34395,train
34396,train
34397,test
34398,train
34399,train
34400,train
34401,train
34402,test
34403,train
34404,train
34405,test
34406,train
34407,test
34408,test
34409,test
34410,train
34411,train
34412,test
34413,train
34414,train
34415,test
34416,train
34417,train
34418,train
34419,train
34420,train
34421,train
34422,train
34423,train
34424,test
34425,test
34426,train
34427,train
34428,train
34429,train
34430,train
34431,test
34432,train
34433,test
34434,train
34435,train
34436,train
34437,train
34438,train
34439,train
34440,train
34441,train
34442,train
34443,test
34444,train
34445,train
34446,train
34447,test
34448,train
34449,train
34450,train
34451,test
34452,train
34453,train
34454,train
34455,train
34456,train
34457,train
34458,train
34459,train
34460,train
34461,train
34462,train
34463,train
34464,train
34465,train
34466,train
34467,train
34468,test
34469,train
34470,test
34471,train
34472,train
34473,train
34474,test
34475,train
34476,test
34477,train
34478,test
34479,train
34480,train
34481,train
34482,test
34483,train
34484,train
34485,test
34486,test
34487,train
34488,test
34489,train
34490,train
34491,test
34492,train
34493,train
34494,train
34495,train
34496,train
34497,train
34498,train
34499,train
34500,train
34501,train
34502,train
34503,train
34504,train
34505,train
34506,test
34507,train
34508,train
34509,train
34510,train
34511,train
34512,train
34513,train
34514,train
34515,train
34516,train
34517,train
34518,train
34519,train
34520,train
34521,train
34522,train
34523,test
34524,train
34525,test
34526,train
34527,train
34528,train
34529,train
34530,train
34531,train
34532,train
34533,train
34534,train
34535,train
34536,test
34537,train
34538,train
34539,train
34540,train
34541,train
34542,train
34543,train
34544,train
34545,train
34546,train
34547,test
34548,train
34549,train
34550,train
34551,train
34552,train
34553,train
34554,train
34555,train
34556,train
34557,train
34558,train
34559,train
34560,train
34561,test
34562,test
34563,train
34564,train
34565,train
34566,train
34567,test
34568,train
34569,train
34570,train
34571,train
34572,train
34573,train
34574,train
34575,train
34576,train
34577,train
34578,train
34579,train
34580,train
34581,train
34582,train
34583,train
34584,train
34585,train
34586,train
34587,train
34588,train
34589,train
34590,train
34591,train
34592,test
34593,test
34594,train
34595,train
34596,test
34597,train
34598,train
34599,train
34600,test
34601,train
34602,train
34603,train
34604,train
34605,test
34606,test
34607,train
34608,train
34609,train
34610,train
34611,train
34612,train
34613,test
34614,test
34615,train
34616,train
34617,train
34618,train
34619,train
34620,test
34621,train
34622,train
34623,train
34624,train
34625,train
34626,test
34627,test
34628,train
34629,train
34630,train
34631,train
34632,train
34633,train
34634,train
34635,train
34636,train
34637,train
34638,test
34639,test
34640,train
34641,train
34642,train
34643,train
34644,train
34645,test
34646,train
34647,train
34648,train
34649,train
34650,train
34651,train
34652,train
34653,train
34654,train
34655,train
34656,train
34657,test
34658,train
34659,test
34660,test
34661,train
34662,test
34663,train
34664,test
34665,train
34666,test
34667,train
34668,test
34669,train
34670,test
34671,train
34672,train
34673,train
34674,train
34675,train
34676,train
34677,train
34678,test
34679,train
34680,train
34681,train
34682,train
34683,train
34684,test
34685,train
34686,train
34687,test
34688,test
34689,train
34690,train
34691,train
34692,train
34693,test
34694,train
34695,train
34696,train
34697,train
34698,train
34699,train
34700,test
34701,train
34702,train
34703,test
34704,train
34705,test
34706,train
34707,train
34708,train
34709,train
34710,test
34711,train
34712,train
34713,train
34714,train
34715,train
34716,train
34717,train
34718,train
34719,train
34720,train
34721,train
34722,test
34723,train
34724,test
34725,train
34726,train
34727,train
34728,train
34729,train
34730,train
34731,test
34732,train
34733,train
34734,test
34735,train
34736,train
34737,train
34738,train
34739,train
34740,train
34741,test
34742,test
34743,train
34744,test
34745,test
34746,train
34747,train
34748,train
34749,train
34750,train
34751,train
34752,train
34753,test
34754,train
34755,train
34756,train
34757,test
34758,train
34759,train
34760,train
34761,test
34762,test
34763,test
34764,train
34765,train
34766,train
34767,test
34768,test
34769,test
34770,train
34771,train
34772,train
34773,train
34774,train
34775,train
34776,test
34777,test
34778,train
34779,train
34780,train
34781,test
34782,train
34783,train
34784,train
34785,train
34786,train
34787,train
34788,test
34789,train
34790,train
34791,test
34792,train
34793,train
34794,train
34795,test
34796,train
34797,test
34798,train
34799,train
34800,test
34801,train
34802,test
34803,train
34804,train
34805,test
34806,train
34807,train
34808,train
34809,train
34810,train
34811,train
34812,train
34813,train
34814,train
34815,test
34816,train
34817,train
34818,test
34819,train
34820,test
34821,train
34822,test
34823,train
34824,train
34825,train
34826,train
34827,train
34828,train
34829,train
34830,train
34831,train
34832,train
34833,train
34834,train
34835,test
34836,train
34837,train
34838,train
34839,train
34840,train
34841,train
34842,test
34843,train
34844,train
34845,train
34846,train
34847,train
34848,train
34849,train
34850,train
34851,train
34852,train
34853,test
34854,train
34855,train
34856,train
34857,train
34858,train
34859,train
34860,train
34861,train
34862,test
34863,test
34864,test
34865,train
34866,test
34867,train
34868,train
34869,train
34870,train
34871,train
34872,train
34873,train
34874,train
34875,train
34876,train
34877,test
34878,train
34879,train
34880,train
34881,test
34882,train
34883,train
34884,train
34885,train
34886,train
34887,train
34888,train
34889,test
34890,train
34891,train
34892,train
34893,train
34894,train
34895,train
34896,test
34897,test
34898,test
34899,train
34900,train
34901,train
34902,test
34903,test
34904,train
34905,train
34906,train
34907,test
34908,train
34909,train
34910,train
34911,test
34912,train
34913,train
34914,test
34915,train
34916,train
34917,train
34918,train
34919,train
34920,train
34921,test
34922,train
34923,train
34924,test
34925,train
34926,train
34927,train
34928,train
34929,train
34930,test
34931,test
34932,train
34933,train
34934,train
34935,train
34936,train
34937,train
34938,train
34939,train
34940,train
34941,train
34942,train
34943,train
34944,train
34945,test
34946,train
34947,test
34948,train
34949,train
34950,train
34951,train
34952,train
34953,train
34954,test
34955,train
34956,train
34957,train
34958,train
34959,train
34960,train
34961,train
34962,train
34963,test
34964,train
34965,train
34966,test
34967,train
34968,train
34969,train
34970,train
34971,test
34972,train
34973,train
34974,train
34975,train
34976,train
34977,train
34978,train
34979,train
34980,train
34981,test
34982,train
34983,train
34984,train
34985,train
34986,test
34987,train
34988,train
34989,train
34990,train
34991,train
34992,train
34993,test
34994,test
34995,train
34996,train
34997,train
34998,train
34999,train
35000,train
35001,train
35002,train
35003,train
35004,train
35005,train
35006,test
35007,test
35008,train
35009,test
35010,train
35011,train
35012,train
35013,train
35014,train
35015,train
35016,train
35017,train
35018,train
35019,train
35020,train
35021,train
35022,train
35023,train
35024,test
35025,test
35026,train
35027,train
35028,train
35029,train
35030,train
35031,test
35032,train
35033,train
35034,test
35035,train
35036,train
35037,train
35038,train
35039,train
35040,test
35041,train
35042,train
35043,test
35044,train
35045,train
35046,train
35047,train
35048,test
35049,train
35050,train
35051,test
35052,train
35053,train
35054,train
35055,train
35056,test
35057,train
35058,train
35059,train
35060,test
35061,train
35062,train
35063,train
35064,train
35065,train
35066,train
35067,train
35068,train
35069,train
35070,test
35071,train
35072,train
35073,train
35074,test
35075,train
35076,train
35077,train
35078,train
35079,train
35080,train
35081,train
35082,train
35083,train
35084,test
35085,train
35086,train
35087,train
35088,train
35089,train
35090,train
35091,train
35092,train
35093,train
35094,train
35095,train
35096,test
35097,test
35098,train
35099,test
35100,test
35101,train
35102,train
35103,train
35104,test
35105,test
35106,train
35107,train
35108,test
35109,test
35110,train
35111,train
35112,train
35113,train
35114,train
35115,train
35116,train
35117,train
35118,train
35119,train
35120,test
35121,train
35122,train
35123,test
35124,train
35125,train
35126,train
35127,train
35128,train
35129,train
35130,train
35131,train
35132,train
35133,train
35134,train
35135,train
35136,train
35137,train
35138,train
35139,train
35140,train
35141,train
35142,train
35143,train
35144,train
35145,train
35146,train
35147,train
35148,train
35149,train
35150,test
35151,train
35152,test
35153,test
35154,test
35155,train
35156,train
35157,train
35158,train
35159,train
35160,test
35161,train
35162,train
35163,test
35164,train
35165,train
35166,test
35167,train
35168,train
35169,test
35170,test
35171,train
35172,train
35173,train
35174,train
35175,train
35176,train
35177,train
35178,train
35179,train
35180,test
35181,test
35182,train
35183,train
35184,train
35185,train
35186,test
35187,train
35188,train
35189,train
35190,train
35191,train
35192,train
35193,train
35194,train
35195,train
35196,train
35197,train
35198,test
35199,train
35200,train
35201,test
35202,train
35203,train
35204,train
35205,test
35206,train
35207,train
35208,train
35209,train
35210,train
35211,train
35212,train
35213,train
35214,train
35215,train
35216,train
35217,train
35218,train
35219,train
35220,train
35221,test
35222,train
35223,train
35224,train
35225,train
35226,train
35227,train
35228,train
35229,train
35230,test
35231,train
35232,train
35233,train
35234,train
35235,test
35236,train
35237,test
35238,train
35239,train
35240,train
35241,train
35242,train
35243,train
35244,train
35245,test
35246,train
35247,test
35248,train
35249,train
35250,train
35251,train
35252,train
35253,train
35254,test
35255,train
35256,train
35257,train
35258,test
35259,train
35260,train
35261,train
35262,train
35263,train
35264,train
35265,train
35266,train
35267,train
35268,train
35269,train
35270,train
35271,train
35272,train
35273,train
35274,train
35275,train
35276,train
35277,test
35278,train
35279,train
35280,train
35281,train
35282,test
35283,train
35284,train
35285,train
35286,test
35287,test
35288,train
35289,train
35290,train
35291,test
35292,test
35293,train
35294,train
35295,train
35296,test
35297,test
35298,test
35299,train
35300,train
35301,train
35302,train
35303,train
35304,test
35305,train
35306,train
35307,test
35308,train
35309,train
35310,train
35311,train
35312,train
35313,test
35314,train
35315,train
35316,test
35317,train
35318,train
35319,train
35320,train
35321,train
35322,train
35323,train
35324,test
35325,train
35326,train
35327,test
35328,test
35329,train
35330,train
35331,train
35332,train
35333,train
35334,train
35335,train
35336,train
35337,train
35338,train
35339,train
35340,train
35341,train
35342,test
35343,train
35344,train
35345,train
35346,train
35347,train
35348,test
35349,train
35350,train
35351,test
35352,train
35353,train
35354,train
35355,train
35356,test
35357,test
35358,test
35359,train
35360,train
35361,train
35362,test
35363,train
35364,train
35365,train
35366,test
35367,test
35368,train
35369,train
35370,train
35371,train
35372,train
35373,train
35374,train
35375,train
35376,train
35377,train
35378,train
35379,train
35380,test
35381,test
35382,test
35383,test
35384,train
35385,test
35386,test
35387,train
35388,train
35389,train
35390,test
35391,train
35392,train
35393,test
35394,train
35395,train
35396,train
35397,test
35398,train
35399,train
35400,train
35401,train
35402,train
35403,train
35404,train
35405,train
35406,train
35407,train
35408,train
35409,train
35410,train
35411,train
35412,train
35413,train
35414,train
35415,train
35416,train
35417,train
35418,train
35419,train
35420,test
35421,train
35422,train
35423,train
35424,train
35425,train
35426,train
35427,test
35428,train
35429,train
35430,train
35431,train
35432,train
35433,train
35434,train
35435,test
35436,train
35437,train
35438,train
35439,train
35440,train
35441,train
35442,train
35443,test
35444,train
35445,test
35446,train
35447,train
35448,train
35449,train
35450,train
35451,train
35452,train
35453,train
35454,train
35455,train
35456,train
35457,train
35458,test
35459,test
35460,test
35461,train
35462,train
35463,test
35464,train
35465,train
35466,train
35467,train
35468,train
35469,train
35470,test
35471,train
35472,train
35473,train
35474,train
35475,train
35476,train
35477,test
35478,test
35479,train
35480,train
35481,test
35482,test
35483,train
35484,train
35485,train
35486,train
35487,train
35488,train
35489,train
35490,train
35491,train
35492,train
35493,train
35494,train
35495,train
35496,test
35497,test
35498,train
35499,train
35500,test
35501,test
35502,train
35503,train
35504,train
35505,train
35506,train
35507,train
35508,train
35509,train
35510,train
35511,test
35512,test
35513,test
35514,test
35515,train
35516,train
35517,train
35518,test
35519,train
35520,train
35521,train
35522,train
35523,train
35524,train
35525,train
35526,train
35527,train
35528,test
35529,train
35530,train
35531,train
35532,train
35533,train
35534,train
35535,train
35536,train
35537,test
35538,train
35539,train
35540,train
35541,train
35542,train
35543,train
35544,train
35545,train
35546,test
35547,test
35548,train
35549,train
35550,train
35551,train
35552,train
35553,train
35554,train
35555,train
35556,train
35557,train
35558,train
35559,train
35560,test
35561,test
35562,train
35563,test
35564,train
35565,test
35566,train
35567,train
35568,train
35569,train
35570,train
35571,train
35572,train
35573,train
35574,train
35575,train
35576,train
35577,train
35578,train
35579,train
35580,train
35581,test
35582,train
35583,train
35584,train
35585,train
35586,test
35587,train
35588,train
35589,train
35590,test
35591,train
35592,train
35593,train
35594,train
35595,train
35596,train
35597,test
35598,train
35599,train
35600,train
35601,train
35602,train
35603,train
35604,train
35605,train
35606,train
35607,train
35608,train
35609,train
35610,train
35611,test
35612,train
35613,train
35614,train
35615,train
35616,train
35617,train
35618,test
35619,test
35620,test
35621,train
35622,train
35623,train
35624,train
35625,train
35626,train
35627,train
35628,test
35629,train
35630,train
35631,train
35632,train
35633,train
35634,train
35635,train
35636,train
35637,test
35638,train
35639,test
35640,train
35641,test
35642,train
35643,train
35644,train
35645,train
35646,train
35647,train
35648,test
35649,train
35650,train
35651,train
35652,train
35653,test
35654,train
35655,train
35656,train
35657,train
35658,train
35659,train
35660,train
35661,train
35662,train
35663,test
35664,train
35665,test
35666,train
35667,train
35668,train
35669,train
35670,train
35671,train
35672,train
35673,train
35674,train
35675,train
35676,test
35677,test
35678,train
35679,train
35680,test
35681,train
35682,train
35683,train
35684,test
35685,train
35686,train
35687,test
35688,test
35689,train
35690,train
35691,test
35692,test
35693,train
35694,train
35695,train
35696,test
35697,train
35698,test
35699,test
35700,test
35701,train
35702,train
35703,train
35704,train
35705,test
35706,test
35707,train
35708,train
35709,test
35710,train
35711,train
35712,train
35713,train
35714,train
35715,train
35716,train
35717,train
35718,train
35719,train
35720,train
35721,test
35722,train
35723,test
35724,train
35725,train
35726,train
35727,train
35728,train
35729,train
35730,train
35731,train
35732,train
35733,train
35734,train
35735,train
35736,train
35737,train
35738,train
35739,train
35740,train
35741,train
35742,train
35743,train
35744,train
35745,train
35746,train
35747,train
35748,train
35749,train
35750,train
35751,train
35752,train
35753,test
35754,train
35755,train
35756,train
35757,train
35758,train
35759,train
35760,test
35761,train
35762,train
35763,train
35764,train
35765,train
35766,train
35767,test
35768,train
35769,train
35770,test
35771,train
35772,train
35773,train
35774,test
35775,test
35776,train
35777,train
35778,train
35779,train
35780,train
35781,train
35782,train
35783,train
35784,train
35785,train
35786,train
35787,train
35788,train
35789,test
35790,train
35791,train
35792,train
35793,test
35794,train
35795,train
35796,train
35797,test
35798,test
35799,train
35800,train
35801,train
35802,train
35803,train
35804,train
35805,train
35806,train
35807,train
35808,train
35809,train
35810,train
35811,train
35812,train
35813,train
35814,test
35815,train
35816,test
35817,train
35818,train
35819,test
35820,test
35821,test
35822,test
35823,train
35824,train
35825,test
35826,train
35827,train
35828,train
35829,train
35830,train
35831,train
35832,train
35833,train
35834,train
35835,train
35836,train
35837,train
35838,train
35839,train
35840,train
35841,train
35842,train
35843,train
35844,train
35845,test
35846,test
35847,train
35848,train
35849,train
35850,test
35851,train
35852,train
35853,train
35854,train
35855,test
35856,train
35857,train
35858,test
35859,train
35860,train
35861,train
35862,train
35863,train
35864,train
35865,train
35866,test
35867,test
35868,train
35869,train
35870,test
35871,train
35872,train
35873,train
35874,train
35875,train
35876,train
35877,test
35878,train
35879,test
35880,train
35881,train
35882,train
35883,train
35884,test
35885,train
35886,test
35887,train
35888,train
35889,train
35890,train
35891,train
35892,train
35893,train
35894,train
35895,train
35896,train
35897,train
35898,train
35899,train
35900,train
35901,train
35902,train
35903,train
35904,train
35905,train
35906,train
35907,train
35908,train
35909,train
35910,train
35911,test
35912,train
35913,train
35914,train
35915,train
35916,train
35917,train
35918,test
35919,train
35920,train
35921,train
35922,train
35923,train
35924,train
35925,test
35926,test
35927,train
35928,test
35929,train
35930,train
35931,train
35932,train
35933,train
35934,train
35935,test
35936,test
35937,train
35938,train
35939,train
35940,train
35941,train
35942,train
35943,test
35944,train
35945,train
35946,test
35947,test
35948,train
35949,train
35950,train
35951,test
35952,train
35953,test
35954,train
35955,test
35956,train
35957,train
35958,train
35959,test
35960,test
35961,test
35962,train
35963,test
35964,train
35965,train
35966,train
35967,train
35968,train
35969,train
35970,train
35971,train
35972,train
35973,test
35974,train
35975,train
35976,train
35977,train
35978,test
35979,train
35980,test
35981,test
35982,train
35983,train
35984,train
35985,train
35986,train
35987,test
35988,train
35989,train
35990,train
35991,train
35992,train
35993,test
35994,train
35995,train
35996,train
35997,train
35998,test
35999,train
36000,train
36001,train
36002,train
36003,test
36004,train
36005,train
36006,test
36007,train
36008,test
36009,test
36010,train
36011,train
36012,train
36013,train
36014,train
36015,train
36016,test
36017,test
36018,train
36019,train
36020,train
36021,test
36022,train
36023,train
36024,train
36025,train
36026,train
36027,train
36028,train
36029,train
36030,train
36031,train
36032,train
36033,train
36034,train
36035,train
36036,train
36037,train
36038,train
36039,train
36040,train
36041,train
36042,train
36043,train
36044,train
36045,train
36046,train
36047,train
36048,train
36049,train
36050,train
36051,train
36052,train
36053,train
36054,test
36055,train
36056,train
36057,train
36058,test
36059,train
36060,train
36061,test
36062,test
36063,train
36064,train
36065,train
36066,train
36067,test
36068,test
36069,train
36070,test
36071,test
36072,train
36073,train
36074,train
36075,test
36076,train
36077,test
36078,train
36079,train
36080,train
36081,test
36082,train
36083,train
36084,train
36085,train
36086,train
36087,train
36088,train
36089,train
36090,train
36091,train
36092,test
36093,train
36094,train
36095,train
36096,test
36097,train
36098,train
36099,train
36100,test
36101,train
36102,train
36103,train
36104,train
36105,train
36106,train
36107,test
36108,train
36109,train
36110,train
36111,train
36112,train
36113,train
36114,train
36115,train
36116,train
36117,test
36118,train
36119,test
36120,train
36121,train
36122,train
36123,train
36124,train
36125,test
36126,train
36127,train
36128,test
36129,train
36130,train
36131,train
36132,train
36133,train
36134,train
36135,train
36136,train
36137,test
36138,train
36139,train
36140,test
36141,train
36142,test
36143,train
36144,train
36145,train
36146,train
36147,train
36148,test
36149,test
36150,train
36151,train
36152,test
36153,train
36154,train
36155,train
36156,train
36157,test
36158,train
36159,train
36160,train
36161,train
36162,train
36163,train
36164,test
36165,train
36166,train
36167,train
36168,train
36169,train
36170,train
36171,train
36172,train
36173,test
36174,train
36175,test
36176,train
36177,train
36178,train
36179,train
36180,train
36181,train
36182,train
36183,test
36184,train
36185,train
36186,train
36187,train
36188,train
36189,train
36190,train
36191,train
36192,train
36193,test
36194,train
36195,train
36196,train
36197,train
36198,test
36199,train
36200,train
36201,train
36202,test
36203,train
36204,test
36205,train
36206,train
36207,test
36208,test
36209,train
36210,train
36211,train
36212,test
36213,train
36214,train
36215,train
36216,train
36217,train
36218,train
36219,train
36220,train
36221,train
36222,test
36223,train
36224,train
36225,train
36226,train
36227,test
36228,test
36229,train
36230,train
36231,train
36232,train
36233,test
36234,test
36235,train
36236,train
36237,test
36238,train
36239,train
36240,train
36241,train
36242,test
36243,test
36244,train
36245,train
36246,train
36247,train
36248,train
36249,train
36250,train
36251,train
36252,train
36253,train
36254,train
36255,train
36256,train
36257,train
36258,train
36259,test
36260,train
36261,train
36262,train
36263,train
36264,train
36265,train
36266,train
36267,test
36268,train
36269,train
36270,train
36271,train
36272,train
36273,train
36274,train
36275,train
36276,train
36277,train
36278,test
36279,train
36280,test
36281,test
36282,train
36283,test
36284,train
36285,train
36286,train
36287,train
36288,train
36289,train
36290,train
36291,train
36292,train
36293,train
36294,test
36295,train
36296,train
36297,train
36298,train
36299,train
36300,test
36301,train
36302,test
36303,test
36304,train
36305,train
36306,train
36307,train
36308,train
36309,test
36310,train
36311,train
36312,train
36313,train
36314,train
36315,test
36316,train
36317,train
36318,train
36319,train
36320,test
36321,train
36322,train
36323,train
36324,train
36325,train
36326,train
36327,train
36328,train
36329,train
36330,test
36331,train
36332,test
36333,train
36334,train
36335,train
36336,train
36337,train
36338,train
36339,test
36340,train
36341,train
36342,train
36343,test
36344,train
36345,train
36346,train
36347,train
36348,train
36349,train
36350,test
36351,train
36352,train
36353,test
36354,train
36355,train
36356,train
36357,train
36358,train
36359,train
36360,train
36361,train
36362,train
36363,train
36364,train
36365,train
36366,train
36367,test
36368,train
36369,train
36370,train
36371,test
36372,test
36373,test
36374,train
36375,train
36376,train
36377,train
36378,train
36379,train
36380,train
36381,train
36382,test
36383,test
36384,train
36385,train
36386,test
36387,test
36388,train
36389,test
36390,train
36391,test
36392,train
36393,train
36394,test
36395,train
36396,test
36397,train
36398,train
36399,train
36400,train
36401,train
36402,test
36403,test
36404,train
36405,test
36406,test
36407,test
36408,train
36409,train
36410,train
36411,train
36412,train
36413,train
36414,train
36415,train
36416,train
36417,train
36418,train
36419,train
36420,train
36421,train
36422,train
36423,test
36424,train
36425,train
36426,test
36427,train
36428,train
36429,train
36430,train
36431,train
36432,train
36433,train
36434,train
36435,train
36436,train
36437,train
36438,test
36439,train
36440,train
36441,train
36442,train
36443,train
36444,test
36445,train
36446,train
36447,train
36448,train
36449,test
36450,train
36451,train
36452,train
36453,test
36454,train
36455,train
36456,train
36457,train
36458,train
36459,train
36460,train
36461,train
36462,train
36463,train
36464,train
36465,test
36466,test
36467,train
36468,test
36469,train
36470,train
36471,train
36472,test
36473,train
36474,train
36475,train
36476,train
36477,train
36478,train
36479,test
36480,train
36481,train
36482,train
36483,test
36484,train
36485,train
36486,test
36487,test
36488,train
36489,train
36490,train
36491,train
36492,train
36493,test
36494,train
36495,test
36496,train
36497,train
36498,train
36499,train
36500,train
36501,test
36502,train
36503,train
36504,train
36505,train
36506,train
36507,train
36508,train
36509,train
36510,train
36511,train
36512,train
36513,train
36514,train
36515,train
36516,test
36517,train
36518,train
36519,train
36520,train
36521,train
36522,test
36523,train
36524,train
36525,test
36526,test
36527,train
36528,train
36529,train
36530,test
36531,train
36532,train
36533,train
36534,train
36535,train
36536,train
36537,train
36538,train
36539,test
36540,train
36541,test
36542,train
36543,train
36544,train
36545,train
36546,train
36547,train
36548,train
36549,test
36550,train
36551,train
36552,train
36553,train
36554,train
36555,train
36556,train
36557,test
36558,train
36559,train
36560,test
36561,train
36562,test
36563,train
36564,train
36565,train
36566,test
36567,train
36568,train
36569,train
36570,train
36571,train
36572,train
36573,test
36574,test
36575,train
36576,train
36577,test
36578,train
36579,test
36580,train
36581,train
36582,train
36583,test
36584,train
36585,train
36586,test
36587,train
36588,train
36589,train
36590,train
36591,train
36592,train
36593,train
36594,train
36595,train
36596,test
36597,test
36598,train
36599,train
36600,test
36601,train
36602,train
36603,train
36604,train
36605,train
36606,train
36607,test
36608,train
36609,train
36610,train
36611,train
36612,train
36613,train
36614,train
36615,train
36616,train
36617,train
36618,train
36619,train
36620,train
36621,test
36622,train
36623,train
36624,train
36625,train
36626,train
36627,test
36628,train
36629,train
36630,train
36631,train
36632,train
36633,train
36634,train
36635,train
36636,test
36637,train
36638,train
36639,train
36640,train
36641,test
36642,train
36643,train
36644,train
36645,train
36646,train
36647,test
36648,test
36649,train
36650,train
36651,train
36652,train
36653,train
36654,test
36655,test
36656,train
36657,train
36658,train
36659,test
36660,train
36661,train
36662,train
36663,train
36664,train
36665,train
36666,train
36667,train
36668,test
36669,train
36670,train
36671,train
36672,train
36673,train
36674,train
36675,train
36676,train
36677,train
36678,train
36679,train
36680,train
36681,train
36682,train
36683,train
36684,train
36685,test
36686,train
36687,train
36688,test
36689,train
36690,test
36691,train
36692,train
36693,train
36694,test
36695,train
36696,train
36697,train
36698,test
36699,train
36700,test
36701,train
36702,test
36703,train
36704,train
36705,train
36706,test
36707,train
36708,train
36709,train
36710,test
36711,train
36712,train
36713,train
36714,train
36715,train
36716,train
36717,train
36718,train
36719,train
36720,test
36721,train
36722,train
36723,train
36724,train
36725,train
36726,train
36727,test
36728,test
36729,train
36730,test
36731,train
36732,train
36733,train
36734,train
36735,train
36736,train
36737,train
36738,train
36739,train
36740,test
36741,test
36742,train
36743,train
36744,test
36745,train
36746,train
36747,train
36748,train
36749,train
36750,train
36751,train
36752,train
36753,test
36754,train
36755,train
36756,train
36757,train
36758,train
36759,train
36760,train
36761,test
36762,train
36763,train
36764,train
36765,train
36766,train
36767,train
36768,train
36769,train
36770,test
36771,train
36772,train
36773,train
36774,train
36775,test
36776,test
36777,test
36778,test
36779,test
36780,train
36781,train
36782,train
36783,test
36784,train
36785,train
36786,test
36787,test
36788,train
36789,train
36790,test
36791,train
36792,train
36793,train
36794,test
36795,train
36796,train
36797,test
36798,train
36799,train
36800,train
36801,test
36802,train
36803,train
36804,train
36805,test
36806,train
36807,test
36808,test
36809,train
36810,test
36811,train
36812,test
36813,train
36814,train
36815,train
36816,test
36817,train
36818,train
36819,train
36820,train
36821,train
36822,train
36823,test
36824,train
36825,test
36826,train
36827,train
36828,test
36829,train
36830,train
36831,train
36832,train
36833,train
36834,train
36835,test
36836,train
36837,train
36838,train
36839,train
36840,test
36841,train
36842,train
36843,train
36844,train
36845,train
36846,train
36847,train
36848,train
36849,train
36850,train
36851,test
36852,train
36853,train
36854,train
36855,test
36856,test
36857,train
36858,train
36859,train
36860,train
36861,train
36862,train
36863,train
36864,train
36865,train
36866,train
36867,test
36868,train
36869,train
36870,train
36871,train
36872,test
36873,train
36874,test
36875,test
36876,train
36877,train
36878,train
36879,test
36880,train
36881,train
36882,test
36883,train
36884,train
36885,test
36886,train
36887,train
36888,train
36889,train
36890,train
36891,test
36892,train
36893,test
36894,test
36895,train
36896,train
36897,train
36898,train
36899,test
36900,train
36901,train
36902,train
36903,test
36904,train
36905,train
36906,train
36907,train
36908,train
36909,train
36910,train
36911,train
36912,train
36913,train
36914,train
36915,train
36916,train
36917,train
36918,test
36919,train
36920,train
36921,train
36922,train
36923,train
36924,train
36925,train
36926,train
36927,train
36928,test
36929,train
36930,train
36931,train
36932,train
36933,train
36934,train
36935,train
36936,test
36937,test
36938,train
36939,train
36940,train
36941,train
36942,train
36943,train
36944,train
36945,train
36946,train
36947,test
36948,train
36949,train
36950,train
36951,train
36952,train
36953,train
36954,train
36955,train
36956,test
36957,train
36958,train
36959,test
36960,train
36961,train
36962,test
36963,test
36964,train
36965,train
36966,train
36967,train
36968,train
36969,train
36970,test
36971,train
36972,train
36973,train
36974,train
36975,train
36976,test
36977,train
36978,test
36979,train
36980,train
36981,train
36982,train
36983,train
36984,test
36985,train
36986,train
36987,train
36988,test
36989,train
36990,test
36991,train
36992,train
36993,train
36994,train
36995,train
36996,train
36997,train
36998,train
36999,train
37000,test
37001,train
37002,test
37003,train
37004,train
37005,train
37006,train
37007,train
37008,test
37009,test
37010,train
37011,train
37012,train
37013,train
37014,test
37015,train
37016,train
37017,train
37018,test
37019,train
37020,train
37021,train
37022,train
37023,train
37024,train
37025,train
37026,train
37027,train
37028,test
37029,test
37030,train
37031,train
37032,train
37033,train
37034,test
37035,train
37036,train
37037,train
37038,train
37039,train
37040,train
37041,train
37042,train
37043,train
37044,train
37045,train
37046,train
37047,test
37048,train
37049,train
37050,train
37051,train
37052,train
37053,train
37054,train
37055,train
37056,train
37057,train
37058,train
37059,test
37060,train
37061,train
37062,train
37063,train
37064,train
37065,train
37066,train
37067,train
37068,train
37069,test
37070,test
37071,train
37072,train
37073,train
37074,train
37075,train
37076,train
37077,train
37078,train
37079,train
37080,train
37081,test
37082,train
37083,test
37084,test
37085,train
37086,train
37087,test
37088,test
37089,train
37090,test
37091,train
37092,train
37093,train
37094,train
37095,train
37096,train
37097,train
37098,train
37099,train
37100,test
37101,train
37102,train
37103,train
37104,train
37105,test
37106,train
37107,test
37108,train
37109,train
37110,train
37111,train
37112,train
37113,test
37114,train
37115,train
37116,train
37117,test
37118,train
37119,train
37120,train
37121,train
37122,train
37123,train
37124,train
37125,test
37126,train
37127,train
37128,train
37129,train
37130,train
37131,test
37132,train
37133,train
37134,train
37135,train
37136,test
37137,train
37138,test
37139,train
37140,train
37141,train
37142,train
37143,train
37144,train
37145,train
37146,train
37147,test
37148,test
37149,train
37150,test
37151,train
37152,train
37153,test
37154,train
37155,train
37156,train
37157,train
37158,train
37159,train
37160,train
37161,train
37162,train
37163,test
37164,test
37165,train
37166,train
37167,train
37168,train
37169,train
37170,train
37171,test
37172,train
37173,train
37174,train
37175,test
37176,train
37177,train
37178,train
37179,train
37180,train
37181,test
37182,train
37183,train
37184,train
37185,train
37186,train
37187,train
37188,test
37189,train
37190,train
37191,train
37192,test
37193,test
37194,train
37195,train
37196,test
37197,train
37198,train
37199,train
37200,train
37201,train
37202,test
37203,train
37204,test
37205,train
37206,train
37207,test
37208,train
37209,train
37210,train
37211,train
37212,train
37213,test
37214,train
37215,train
37216,test
37217,train
37218,train
37219,train
37220,train
37221,test
37222,train
37223,train
37224,train
37225,train
37226,train
37227,train
37228,train
37229,test
37230,train
37231,train
37232,test
37233,test
37234,train
37235,train
37236,train
37237,train
37238,train
37239,train
37240,train
37241,train
37242,train
37243,train
37244,train
37245,train
37246,train
37247,train
37248,test
37249,train
37250,test
37251,train
37252,train
37253,test
37254,train
37255,train
37256,test
37257,train
37258,train
37259,train
37260,train
37261,train
37262,train
37263,train
37264,train
37265,train
37266,train
37267,test
37268,train
37269,train
37270,train
37271,train
37272,train
37273,train
37274,test
37275,train
37276,train
37277,train
37278,test
37279,train
37280,train
37281,test
37282,train
37283,train
37284,train
37285,train
37286,test
37287,train
37288,train
37289,train
37290,test
37291,test
37292,train
37293,train
37294,train
37295,train
37296,train
37297,train
37298,train
37299,train
37300,test
37301,train
37302,train
37303,train
37304,train
37305,train
37306,train
37307,train
37308,train
37309,train
37310,train
37311,test
37312,train
37313,test
37314,train
37315,train
37316,train
37317,test
37318,train
37319,train
37320,train
37321,train
37322,train
37323,train
37324,train
37325,test
37326,train
37327,train
37328,train
37329,train
37330,train
37331,train
37332,train
37333,test
37334,train
37335,test
37336,test
37337,train
37338,train
37339,train
37340,train
37341,train
37342,train
37343,test
37344,train
37345,train
37346,train
37347,train
37348,train
37349,train
37350,train
37351,train
37352,train
37353,test
37354,train
37355,train
37356,train
37357,train
37358,train
37359,train
37360,train
37361,train
37362,train
37363,train
37364,train
37365,train
37366,train
37367,test
37368,train
37369,train
37370,train
37371,train
37372,test
37373,train
37374,train
37375,test
37376,train
37377,train
37378,test
37379,train
37380,test
37381,train
37382,train
37383,train
37384,train
37385,train
37386,test
37387,train
37388,test
37389,test
37390,train
37391,train
37392,train
37393,train
37394,train
37395,train
37396,train
37397,train
37398,train
37399,train
37400,train
37401,test
37402,train
37403,test
37404,train
37405,train
37406,test
37407,train
37408,train
37409,test
37410,train
37411,test
37412,train
37413,train
37414,train
37415,train
37416,train
37417,train
37418,train
37419,train
37420,train
37421,train
37422,train
37423,train
37424,test
37425,train
37426,train
37427,train
37428,train
37429,test
37430,train
37431,train
37432,train
37433,test
37434,test
37435,train
37436,train
37437,train
37438,train
37439,train
37440,test
37441,train
37442,train
37443,train
37444,train
37445,train
37446,train
37447,train
37448,train
37449,train
37450,train
37451,test
37452,train
37453,train
37454,test
37455,test
37456,train
37457,train
37458,test
37459,test
37460,train
37461,train
37462,train
37463,train
37464,test
37465,train
37466,train
37467,train
37468,test
37469,train
37470,train
37471,train
37472,test
37473,train
37474,test
37475,train
37476,train
37477,train
37478,train
37479,train
37480,test
37481,train
37482,train
37483,train
37484,train
37485,train
37486,test
37487,test
37488,train
37489,train
37490,train
37491,train
37492,train
37493,train
37494,train
37495,train
37496,train
37497,train
37498,test
37499,train
37500,train
37501,test
37502,train
37503,train
37504,train
37505,train
37506,test
37507,train
37508,train
37509,train
37510,train
37511,train
37512,train
37513,train
37514,train
37515,train
37516,train
37517,test
37518,train
37519,train
37520,train
37521,train
37522,train
37523,train
37524,test
37525,test
37526,train
37527,train
37528,train
37529,train
37530,train
37531,train
37532,train
37533,test
37534,train
37535,test
37536,train
37537,train
37538,train
37539,train
37540,train
37541,train
37542,train
37543,train
37544,train
37545,train
37546,test
37547,train
37548,train
37549,train
37550,train
37551,train
37552,train
37553,train
37554,test
37555,train
37556,train
37557,train
37558,train
37559,train
37560,train
37561,train
37562,train
37563,train
37564,train
37565,train
37566,train
37567,train
37568,train
37569,test
37570,train
37571,train
37572,train
37573,test
37574,train
37575,train
37576,train
37577,train
37578,train
37579,train
37580,train
37581,train
37582,train
37583,train
37584,test
37585,train
37586,test
37587,train
37588,train
37589,test
37590,train
37591,train
37592,train
37593,train
37594,train
37595,train
37596,test
37597,test
37598,test
37599,train
37600,test
37601,train
37602,train
37603,train
37604,test
37605,train
37606,train
37607,train
37608,train
37609,train
37610,train
37611,train
37612,train
37613,train
37614,train
37615,train
37616,test
37617,test
37618,test
37619,test
37620,test
37621,train
37622,train
37623,test
37624,train
37625,train
37626,test
37627,test
37628,train
37629,train
37630,train
37631,train
37632,train
37633,train
37634,train
37635,train
37636,train
37637,train
37638,train
37639,train
37640,train
37641,train
37642,train
37643,train
37644,train
37645,train
37646,train
37647,train
37648,train
37649,test
37650,test
37651,train
37652,test
37653,train
37654,test
37655,train
37656,test
37657,train
37658,train
37659,train
37660,test
37661,train
37662,train
37663,train
37664,train
37665,train
37666,train
37667,train
37668,train
37669,test
37670,train
37671,train
37672,test
37673,train
37674,train
37675,train
37676,train
37677,train
37678,train
37679,train
37680,train
37681,train
37682,train
37683,train
37684,train
37685,train
37686,train
37687,train
37688,train
37689,train
37690,train
37691,train
37692,train
37693,test
37694,train
37695,train
37696,train
37697,test
37698,train
37699,train
37700,train
37701,train
37702,train
37703,test
37704,train
37705,train
37706,test
37707,train
37708,train
37709,train
37710,train
37711,test
37712,test
37713,train
37714,train
37715,train
37716,test
37717,train
37718,train
37719,train
37720,train
37721,train
37722,train
37723,train
37724,train
37725,train
37726,test
37727,train
37728,test
37729,train
37730,test
37731,train
37732,train
37733,test
37734,train
37735,train
37736,train
37737,test
37738,train
37739,train
37740,train
37741,train
37742,train
37743,train
37744,train
37745,test
37746,train
37747,train
37748,train
37749,train
37750,train
37751,train
37752,test
37753,train
37754,test
37755,train
37756,train
37757,train
37758,train
37759,train
37760,train
37761,train
37762,train
37763,train
37764,test
37765,train
37766,test
37767,train
37768,train
37769,train
37770,train
37771,train
37772,train
37773,test
37774,test
37775,train
37776,train
37777,test
37778,train
37779,test
37780,train
37781,train
37782,train
37783,train
37784,train
37785,train
37786,train
37787,train
37788,test
37789,train
37790,train
37791,train
37792,train
37793,train
37794,test
37795,train
37796,train
37797,train
37798,train
37799,train
37800,train
37801,train
37802,test
37803,train
37804,test
37805,test
37806,train
37807,train
37808,train
37809,test
37810,test
37811,test
37812,test
37813,train
37814,train
37815,train
37816,train
37817,train
37818,train
37819,train
37820,train
37821,train
37822,train
37823,test
37824,train
37825,train
37826,train
37827,train
37828,test
37829,train
37830,test
37831,train
37832,train
37833,train
37834,train
37835,test
37836,test
37837,train
37838,test
37839,train
37840,test
37841,test
37842,train
37843,train
37844,train
37845,train
37846,train
37847,train
37848,train
37849,train
37850,train
37851,train
37852,train
37853,train
37854,test
37855,train
37856,train
37857,train
37858,train
37859,test
37860,train
37861,train
37862,train
37863,train
37864,train
37865,test
37866,train
37867,test
37868,train
37869,train
37870,train
37871,train
37872,train
37873,train
37874,train
37875,train
37876,train
37877,train
37878,train
37879,test
37880,train
37881,train
37882,train
37883,test
37884,test
37885,train
37886,test
37887,train
37888,train
37889,train
37890,train
37891,train
37892,train
37893,train
37894,train
37895,test
37896,train
37897,train
37898,train
37899,train
37900,train
37901,test
37902,train
37903,test
37904,train
37905,train
37906,train
37907,train
37908,train
37909,train
37910,train
37911,train
37912,train
37913,train
37914,train
37915,train
37916,train
37917,train
37918,train
37919,train
37920,train
37921,train
37922,train
37923,train
37924,train
37925,test
37926,train
37927,train
37928,train
37929,train
37930,test
37931,train
37932,train
37933,train
37934,train
37935,test
37936,train
37937,train
37938,train
37939,train
37940,train
37941,train
37942,test
37943,train
37944,train
37945,train
37946,train
37947,test
37948,train
37949,test
37950,train
37951,train
37952,train
37953,train
37954,train
37955,train
37956,train
37957,train
37958,train
37959,train
37960,train
37961,test
37962,train
37963,train
37964,train
37965,train
37966,train
37967,train
37968,train
37969,train
37970,train
37971,train
37972,train
37973,train
37974,train
37975,test
37976,train
37977,test
37978,train
37979,train
37980,test
37981,test
37982,test
37983,train
37984,train
37985,train
37986,test
37987,test
37988,train
37989,train
37990,train
37991,train
37992,train
37993,train
37994,test
37995,train
37996,test
37997,test
37998,train
37999,train
38000,train
38001,test
38002,test
38003,train
38004,train
38005,test
38006,test
38007,test
38008,train
38009,train
38010,train
38011,train
38012,train
38013,train
38014,train
38015,train
38016,train
38017,train
38018,test
38019,train
38020,test
38021,train
38022,test
38023,train
38024,train
38025,test
38026,test
38027,test
38028,train
38029,train
38030,test
38031,train
38032,test
38033,train
38034,train
38035,train
38036,test
38037,test
38038,train
38039,train
38040,train
38041,train
38042,train
38043,train
38044,train
38045,train
38046,train
38047,train
38048,test
38049,train
38050,train
38051,train
38052,train
38053,test
38054,train
38055,train
38056,train
38057,train
38058,test
38059,train
38060,test
38061,train
38062,train
38063,train
38064,test
38065,train
38066,train
38067,train
38068,train
38069,train
38070,train
38071,train
38072,test
38073,test
38074,train
38075,train
38076,test
38077,train
38078,test
38079,train
38080,test
38081,test
38082,train
38083,train
38084,train
38085,train
38086,train
38087,test
38088,train
38089,train
38090,train
38091,train
38092,train
38093,test
38094,train
38095,train
38096,train
38097,test
38098,train
38099,train
38100,train
38101,train
38102,train
38103,test
38104,train
38105,test
38106,train
38107,train
38108,train
38109,train
38110,train
38111,train
38112,train
38113,train
38114,train
38115,train
38116,train
38117,test
38118,train
38119,train
38120,train
38121,train
38122,train
38123,train
38124,train
38125,train
38126,train
38127,train
38128,train
38129,test
38130,train
38131,train
38132,train
38133,train
38134,train
38135,train
38136,train
38137,test
38138,train
38139,test
38140,train
38141,train
38142,test
38143,train
38144,test
38145,train
38146,train
38147,test
38148,test
38149,train
38150,train
38151,train
38152,test
38153,train
38154,train
38155,test
38156,train
38157,train
38158,train
38159,train
38160,test
38161,train
38162,train
38163,train
38164,train
38165,train
38166,test
38167,train
38168,train
38169,test
38170,train
38171,train
38172,train
38173,train
38174,train
38175,train
38176,test
38177,train
38178,train
38179,train
38180,train
38181,train
38182,train
38183,train
38184,train
38185,train
38186,train
38187,train
38188,train
38189,train
38190,train
38191,train
38192,train
38193,train
38194,train
38195,train
38196,train
38197,train
38198,train
38199,test
38200,train
38201,train
38202,test
38203,train
38204,train
38205,train
38206,test
38207,test
38208,test
38209,test
38210,train
38211,train
38212,train
38213,test
38214,train
38215,train
38216,test
38217,train
38218,train
38219,train
38220,train
38221,train
38222,train
38223,train
38224,train
38225,train
38226,test
38227,train
38228,test
38229,train
38230,train
38231,test
38232,train
38233,train
38234,train
38235,train
38236,train
38237,train
38238,train
38239,train
38240,train
38241,train
38242,train
38243,train
38244,train
38245,train
38246,train
38247,train
38248,train
38249,test
38250,train
38251,train
38252,train
38253,train
38254,train
38255,train
38256,train
38257,train
38258,train
38259,train
38260,train
38261,train
38262,train
38263,train
38264,train
38265,train
38266,train
38267,train
38268,train
38269,train
38270,train
38271,train
38272,train
38273,train
38274,train
38275,train
38276,test
38277,train
38278,train
38279,test
38280,test
38281,train
38282,train
38283,train
38284,test
38285,test
38286,train
38287,train
38288,train
38289,train
38290,train
38291,train
38292,train
38293,train
38294,train
38295,test
38296,train
38297,train
38298,train
38299,test
38300,test
38301,train
38302,train
38303,train
38304,train
38305,train
38306,test
38307,test
38308,test
38309,train
38310,train
38311,test
38312,train
38313,train
38314,train
38315,train
38316,train
38317,train
38318,train
38319,train
38320,test
38321,train
38322,train
38323,train
38324,test
38325,train
38326,train
38327,test
38328,train
38329,test
38330,train
38331,test
38332,train
38333,train
38334,train
38335,train
38336,train
38337,train
38338,test
38339,train
38340,train
38341,train
38342,train
38343,train
38344,train
38345,train
38346,train
38347,train
38348,train
38349,test
38350,train
38351,train
38352,test
38353,train
38354,test
38355,train
38356,train
38357,train
38358,train
38359,train
38360,train
38361,test
38362,train
38363,train
38364,test
38365,train
38366,train
38367,train
38368,train
38369,train
38370,train
38371,train
38372,train
38373,train
38374,train
38375,train
38376,train
38377,train
38378,train
38379,train
38380,train
38381,train
38382,train
38383,test
38384,train
38385,test
38386,train
38387,train
38388,train
38389,train
38390,train
38391,train
38392,test
38393,train
38394,train
38395,train
38396,train
38397,train
38398,train
38399,test
38400,test
38401,train
38402,train
38403,train
38404,train
38405,train
38406,train
38407,train
38408,train
38409,train
38410,test
38411,train
38412,train
38413,train
38414,train
38415,train
38416,test
38417,train
38418,test
38419,train
38420,train
38421,train
38422,train
38423,train
38424,train
38425,test
38426,train
38427,train
38428,train
38429,train
38430,train
38431,train
38432,train
38433,test
38434,test
38435,train
38436,train
38437,train
38438,train
38439,train
38440,train
38441,train
38442,train
38443,train
38444,train
38445,train
38446,train
38447,train
38448,train
38449,train
38450,train
38451,test
38452,train
38453,test
38454,train
38455,train
38456,train
38457,train
38458,test
38459,test
38460,train
38461,train
38462,train
38463,train
38464,test
38465,train
38466,train
38467,test
38468,train
38469,test
38470,test
38471,train
38472,test
38473,train
38474,train
38475,train
38476,train
38477,test
38478,train
38479,train
38480,test
38481,train
38482,train
38483,train
38484,train
38485,train
38486,train
38487,train
38488,train
38489,train
38490,train
38491,train
38492,train
38493,train
38494,train
38495,train
38496,test
38497,train
38498,train
38499,train
38500,train
38501,train
38502,train
38503,train
38504,train
38505,train
38506,test
38507,train
38508,test
38509,train
38510,train
38511,train
38512,train
38513,train
38514,test
38515,test
38516,test
38517,train
38518,train
38519,train
38520,test
38521,train
38522,train
38523,train
38524,train
38525,train
38526,test
38527,train
38528,train
38529,train
38530,train
38531,train
38532,train
38533,train
38534,train
38535,train
38536,train
38537,train
38538,train
38539,train
38540,train
38541,train
38542,train
38543,train
38544,train
38545,train
38546,train
38547,test
38548,train
38549,train
38550,train
38551,train
38552,train
38553,test
38554,test
38555,train
38556,test
38557,train
38558,test
38559,train
38560,train
38561,train
38562,train
38563,train
38564,train
38565,train
38566,train
38567,test
38568,train
38569,train
38570,train
38571,train
38572,train
38573,train
38574,train
38575,train
38576,train
38577,train
38578,train
38579,train
38580,train
38581,train
38582,train
38583,train
38584,test
38585,train
38586,train
38587,train
38588,train
38589,train
38590,train
38591,train
38592,train
38593,train
38594,train
38595,train
38596,train
38597,train
38598,test
38599,test
38600,test
38601,train
38602,train
38603,test
38604,train
38605,test
38606,test
38607,train
38608,test
38609,train
38610,train
38611,train
38612,train
38613,train
38614,test
38615,train
38616,train
38617,test
38618,test
38619,train
38620,train
38621,train
38622,train
38623,train
38624,test
38625,test
38626,train
38627,train
38628,test
38629,train
38630,train
38631,test
38632,test
38633,train
38634,train
38635,train
38636,train
38637,test
38638,test
38639,train
38640,train
38641,train
38642,test
38643,test
38644,train
38645,train
38646,test
38647,train
38648,train
38649,train
38650,train
38651,train
38652,train
38653,train
38654,train
38655,train
38656,train
38657,train
38658,train
38659,train
38660,train
38661,test
38662,train
38663,train
38664,test
38665,train
38666,train
38667,train
38668,train
38669,train
38670,train
38671,test
38672,train
38673,train
38674,train
38675,test
38676,test
38677,train
38678,train
38679,test
38680,test
38681,train
38682,train
38683,train
38684,train
38685,train
38686,train
38687,train
38688,train
38689,train
38690,train
38691,test
38692,train
38693,train
38694,train
38695,train
38696,train
38697,train
38698,train
38699,train
38700,test
38701,train
38702,train
38703,train
38704,train
38705,train
38706,train
38707,train
38708,train
38709,train
38710,train
38711,test
38712,train
38713,test
38714,train
38715,test
38716,train
38717,train
38718,train
38719,test
38720,test
38721,train
38722,train
38723,train
38724,train
38725,train
38726,train
38727,test
38728,train
38729,train
38730,train
38731,train
38732,train
38733,train
38734,train
38735,test
38736,train
38737,train
38738,train
38739,train
38740,train
38741,train
38742,train
38743,train
38744,train
38745,train
38746,train
38747,train
38748,test
38749,train
38750,train
38751,train
38752,train
38753,train
38754,test
38755,train
38756,train
38757,train
38758,train
38759,train
38760,train
38761,test
38762,train
38763,train
38764,train
38765,train
38766,test
38767,test
38768,test
38769,train
38770,train
38771,test
38772,train
38773,test
38774,train
38775,train
38776,train
38777,train
38778,train
38779,train
38780,train
38781,train
38782,train
38783,train
38784,train
38785,test
38786,train
38787,train
38788,test
38789,train
38790,train
38791,test
38792,train
38793,test
38794,test
38795,train
38796,train
38797,train
38798,train
38799,train
38800,train
38801,train
38802,train
38803,train
38804,train
38805,train
38806,train
38807,train
38808,train
38809,test
38810,train
38811,train
38812,train
38813,train
38814,test
38815,test
38816,train
38817,train
38818,test
38819,train
38820,train
38821,train
38822,train
38823,train
38824,train
38825,test
38826,train
38827,train
38828,test
38829,train
38830,train
38831,test
38832,train
38833,train
38834,train
38835,test
38836,test
38837,train
38838,train
38839,train
38840,train
38841,test
38842,test
38843,test
38844,train
38845,train
38846,train
38847,train
38848,train
38849,train
38850,train
38851,train
38852,train
38853,train
38854,train
38855,train
38856,train
38857,train
38858,train
38859,train
38860,test
38861,train
38862,test
38863,train
38864,train
38865,test
38866,train
38867,train
38868,train
38869,train
38870,train
38871,train
38872,train
38873,train
38874,test
38875,train
38876,train
38877,train
38878,test
38879,train
38880,train
38881,train
38882,test
38883,test
38884,test
38885,train
38886,train
38887,train
38888,train
38889,test
38890,train
38891,test
38892,train
38893,test
38894,train
38895,train
38896,train
38897,train
38898,train
38899,train
38900,train
38901,test
38902,train
38903,test
38904,test
38905,train
38906,train
38907,test
38908,train
38909,train
38910,train
38911,train
38912,train
38913,test
38914,train
38915,train
38916,test
38917,test
38918,train
38919,train
38920,train
38921,train
38922,train
38923,test
38924,train
38925,train
38926,train
38927,train
38928,train
38929,test
38930,test
38931,train
38932,test
38933,train
38934,test
38935,train
38936,train
38937,train
38938,test
38939,train
38940,train
38941,test
38942,test
38943,train
38944,train
38945,train
38946,train
38947,test
38948,train
38949,train
38950,train
38951,train
38952,train
38953,test
38954,train
38955,train
38956,train
38957,test
38958,train
38959,train
38960,train
38961,train
38962,train
38963,train
38964,train
38965,train
38966,train
38967,test
38968,train
38969,test
38970,test
38971,train
38972,train
38973,train
38974,train
38975,train
38976,train
38977,train
38978,test
38979,train
38980,test
38981,train
38982,train
38983,test
38984,train
38985,train
38986,train
38987,train
38988,train
38989,train
38990,train
38991,train
38992,train
38993,train
38994,train
38995,train
38996,test
38997,test
38998,test
38999,train
39000,train
39001,train
39002,train
39003,train
39004,test
39005,train
39006,train
39007,train
39008,train
39009,train
39010,train
39011,test
39012,train
39013,train
39014,train
39015,train
39016,train
39017,train
39018,test
39019,train
39020,test
39021,test
39022,train
39023,test
39024,train
39025,train
39026,train
39027,test
39028,train
39029,train
39030,train
39031,train
39032,train
39033,train
39034,test
39035,train
39036,test
39037,train
39038,test
39039,train
39040,test
39041,train
39042,train
39043,test
39044,train
39045,train
39046,train
39047,train
39048,test
39049,train
39050,train
39051,train
39052,test
39053,train
39054,train
39055,train
39056,train
39057,test
39058,train
39059,test
39060,train
39061,test
39062,train
39063,test
39064,train
39065,train
39066,train
39067,train
39068,train
39069,train
39070,train
39071,train
39072,train
39073,train
39074,train
39075,test
39076,test
39077,train
39078,train
39079,train
39080,train
39081,train
39082,train
39083,train
39084,train
39085,test
39086,train
39087,train
39088,train
39089,train
39090,train
39091,test
39092,train
39093,test
39094,test
39095,train
39096,train
39097,train
39098,train
39099,test
39100,train
39101,train
39102,train
39103,train
39104,train
39105,train
39106,train
39107,train
39108,train
39109,test
39110,train
39111,train
39112,test
39113,test
39114,test
39115,train
39116,train
39117,train
39118,train
39119,train
39120,train
39121,train
39122,train
39123,train
39124,train
39125,train
39126,train
39127,train
39128,test
39129,train
39130,test
39131,train
39132,train
39133,train
39134,train
39135,train
39136,train
39137,train
39138,test
39139,train
39140,train
39141,train
39142,test
39143,test
39144,train
39145,train
39146,train
39147,train
39148,train
39149,train
39150,train
39151,train
39152,train
39153,train
39154,train
39155,train
39156,train
39157,train
39158,test
39159,train
39160,train
39161,test
39162,train
39163,train
39164,train
39165,train
39166,train
39167,train
39168,train
39169,train
39170,train
39171,test
39172,train
39173,train
39174,train
39175,test
39176,train
39177,train
39178,train
39179,train
39180,train
39181,test
39182,test
39183,train
39184,train
39185,train
39186,train
39187,train
39188,train
39189,train
39190,train
39191,train
39192,train
39193,train
39194,train
39195,train
39196,train
39197,train
39198,train
39199,train
39200,train
39201,train
39202,train
39203,train
39204,test
39205,test
39206,train
39207,train
39208,train
39209,train
39210,train
39211,train
39212,train
39213,test
39214,train
39215,train
39216,train
39217,train
39218,test
39219,train
39220,train
39221,test
39222,train
39223,train
39224,test
39225,train
39226,test
39227,train
39228,train
39229,train
39230,train
39231,test
39232,train
39233,test
39234,train
39235,test
39236,train
39237,test
39238,train
39239,train
39240,train
39241,train
39242,train
39243,train
39244,train
39245,test
39246,train
39247,train
39248,train
39249,test
39250,train
39251,train
39252,train
39253,test
39254,train
39255,train
39256,train
39257,train
39258,test
39259,train
39260,train
39261,train
39262,train
39263,train
39264,train
39265,train
39266,test
39267,train
39268,train
39269,train
39270,test
39271,test
39272,train
39273,train
39274,train
39275,train
39276,train
39277,train
39278,train
39279,train
39280,train
39281,train
39282,train
39283,train
39284,train
39285,train
39286,train
39287,train
39288,train
39289,train
39290,test
39291,test
39292,train
39293,train
39294,train
39295,train
39296,train
39297,train
39298,train
39299,train
39300,train
39301,train
39302,train
39303,train
39304,train
39305,train
39306,train
39307,train
39308,train
39309,test
39310,train
39311,train
39312,train
39313,train
39314,train
39315,train
39316,test
39317,test
39318,train
39319,train
39320,train
39321,train
39322,train
39323,train
39324,train
39325,train
39326,train
39327,train
39328,train
39329,train
39330,train
39331,train
39332,train
39333,test
39334,train
39335,train
39336,train
39337,train
39338,train
39339,train
39340,train
39341,test
39342,train
39343,train
39344,train
39345,train
39346,train
39347,test
39348,train
39349,train
39350,train
39351,train
39352,train
39353,train
39354,train
39355,train
39356,test
39357,train
39358,train
39359,train
39360,train
39361,train
39362,train
39363,train
39364,train
39365,train
39366,train
39367,train
39368,train
39369,train
39370,train
39371,test
39372,test
39373,train
39374,train
39375,train
39376,train
39377,train
39378,train
39379,train
39380,train
39381,train
39382,test
39383,train
39384,train
39385,train
39386,test
39387,train
39388,train
39389,train
39390,train
39391,test
39392,train
39393,train
39394,train
39395,train
39396,train
39397,train
39398,train
39399,train
39400,test
39401,test
39402,train
39403,train
39404,train
39405,train
39406,train
39407,train
39408,train
39409,train
39410,test
39411,train
39412,train
39413,train
39414,train
39415,train
39416,train
39417,train
39418,train
39419,train
39420,train
39421,train
39422,train
39423,train
39424,train
39425,train
39426,test
39427,train
39428,train
39429,test
39430,test
39431,train
39432,test
39433,train
39434,train
39435,train
39436,train
39437,train
39438,train
39439,train
39440,train
39441,train
39442,train
39443,train
39444,train
39445,train
39446,train
39447,train
39448,test
39449,train
39450,train
39451,train
39452,train
39453,train
39454,train
39455,train
39456,test
39457,train
39458,train
39459,train
39460,train
39461,train
39462,train
39463,train
39464,train
39465,train
39466,train
39467,train
39468,train
39469,train
39470,train
39471,train
39472,train
39473,train
39474,train
39475,train
39476,train
39477,train
39478,test
39479,train
39480,train
39481,test
39482,train
39483,train
39484,train
39485,test
39486,train
39487,train
39488,train
39489,train
39490,test
39491,train
39492,test
39493,train
39494,train
39495,train
39496,test
39497,train
39498,train
39499,test
39500,test
39501,train
39502,train
39503,train
39504,train
39505,test
39506,train
39507,train
39508,train
39509,train
39510,train
39511,test
39512,test
39513,train
39514,train
39515,train
39516,train
39517,train
39518,train
39519,train
39520,train
39521,train
39522,train
39523,test
39524,train
39525,train
39526,test
39527,train
39528,test
39529,train
39530,test
39531,train
39532,train
39533,train
39534,train
39535,train
39536,train
39537,train
39538,train
39539,train
39540,train
39541,test
39542,train
39543,test
39544,test
39545,train
39546,train
39547,train
39548,train
39549,test
39550,train
39551,train
39552,train
39553,train
39554,train
39555,train
39556,train
39557,test
39558,train
39559,train
39560,train
39561,train
39562,train
39563,train
39564,train
39565,test
39566,train
39567,train
39568,train
39569,train
39570,test
39571,train
39572,train
39573,test
39574,test
39575,train
39576,train
39577,train
39578,train
39579,train
39580,train
39581,train
39582,train
39583,test
39584,train
39585,train
39586,train
39587,train
39588,test
39589,train
39590,train
39591,train
39592,train
39593,train
39594,train
39595,train
39596,train
39597,train
39598,train
39599,train
39600,train
39601,train
39602,train
39603,train
39604,train
39605,train
39606,train
39607,test
39608,train
39609,train
39610,test
39611,train
39612,test
39613,test
39614,train
39615,train
39616,train
39617,test
39618,test
39619,test
39620,train
39621,train
39622,train
39623,train
39624,train
39625,train
39626,train
39627,train
39628,test
39629,train
39630,train
39631,train
39632,train
39633,test
39634,train
39635,test
39636,train
39637,train
39638,train
39639,train
39640,train
39641,train
39642,train
39643,train
39644,train
39645,train
39646,test
39647,train
39648,train
39649,train
39650,test
39651,test
39652,train
39653,train
39654,train
39655,train
39656,train
39657,train
39658,train
39659,train
39660,train
39661,train
39662,test
39663,train
39664,train
39665,train
39666,train
39667,test
39668,test
39669,test
39670,train
39671,train
39672,train
39673,train
39674,train
39675,train
39676,train
39677,train
39678,train
39679,train
39680,test
39681,test
39682,test
39683,train
39684,train
39685,train
39686,train
39687,train
39688,train
39689,train
39690,train
39691,train
39692,test
39693,test
39694,test
39695,train
39696,train
39697,train
39698,train
39699,train
39700,train
39701,test
39702,test
39703,train
39704,train
39705,test
39706,train
39707,train
39708,train
39709,train
39710,train
39711,test
39712,test
39713,train
39714,train
39715,train
39716,train
39717,test
39718,test
39719,train
39720,train
39721,train
39722,train
39723,train
39724,test
39725,train
39726,train
39727,train
39728,train
39729,train
39730,train
39731,test
39732,test
39733,train
39734,test
39735,train
39736,train
39737,test
39738,train
39739,train
39740,train
39741,test
39742,test
39743,train
39744,train
39745,train
39746,train
39747,train
39748,train
39749,train
39750,train
39751,train
39752,test
39753,train
39754,train
39755,test
39756,train
39757,train
39758,train
39759,test
39760,train
39761,train
39762,train
39763,train
39764,test
39765,test
39766,train
39767,train
39768,test
39769,train
39770,train
39771,test
39772,train
39773,train
39774,train
39775,train
39776,train
39777,train
39778,train
39779,train
39780,test
39781,test
39782,train
39783,train
39784,train
39785,train
39786,train
39787,test
39788,train
39789,test
39790,train
39791,test
39792,train
39793,train
39794,train
39795,train
39796,train
39797,train
39798,train
39799,train
39800,train
39801,train
39802,train
39803,test
39804,train
39805,test
39806,train
39807,test
39808,test
39809,train
39810,train
39811,test
39812,train
39813,train
39814,test
39815,test
39816,train
39817,train
39818,train
39819,train
39820,test
39821,train
39822,test
39823,train
39824,train
39825,train
39826,train
39827,train
39828,train
39829,train
39830,test
39831,train
39832,train
39833,train
39834,train
39835,test
39836,train
39837,test
39838,train
39839,train
39840,train
39841,train
39842,train
39843,train
39844,train
39845,train
39846,train
39847,train
39848,train
39849,train
39850,train
39851,train
39852,train
39853,train
39854,train
39855,train
39856,test
39857,train
39858,test
39859,test
39860,train
39861,train
39862,train
39863,train
39864,train
39865,test
39866,train
39867,test
39868,train
39869,train
39870,train
39871,train
39872,test
39873,train
39874,test
39875,train
39876,train
39877,train
39878,train
39879,train
39880,train
39881,train
39882,train
39883,train
39884,train
39885,train
39886,train
39887,train
39888,test
39889,train
39890,train
39891,train
39892,train
39893,train
39894,test
39895,train
39896,test
39897,train
39898,train
39899,train
39900,train
39901,train
39902,train
39903,train
39904,train
39905,test
39906,train
39907,train
39908,train
39909,test
39910,train
39911,train
39912,train
39913,train
39914,train
39915,train
39916,train
39917,train
39918,train
39919,train
39920,train
39921,train
39922,train
39923,train
39924,train
39925,train
39926,train
39927,train
39928,train
39929,train
39930,train
39931,train
39932,train
39933,train
39934,train
39935,train
39936,train
39937,train
39938,train
39939,train
39940,train
39941,train
39942,train
39943,train
39944,train
39945,train
39946,train
39947,test
39948,train
39949,train
39950,train
39951,test
39952,test
39953,test
39954,train
39955,train
39956,train
39957,test
39958,train
39959,test
39960,train
39961,train
39962,train
39963,train
39964,train
39965,train
39966,train
39967,train
39968,test
39969,train
39970,train
39971,train
39972,train
39973,train
39974,test
39975,train
39976,train
39977,train
39978,test
39979,train
39980,train
39981,test
39982,test
39983,train
39984,train
39985,test
39986,train
39987,train
39988,test
39989,test
39990,train
39991,train
39992,train
39993,train
39994,train
39995,test
39996,train
39997,test
39998,train
39999,test
40000,test
40001,train
40002,train
40003,train
40004,train
40005,train
40006,train
40007,train
40008,test
40009,train
40010,train
40011,train
40012,train
40013,test
40014,train
40015,test
40016,train
40017,test
40018,test
40019,train
40020,train
40021,train
40022,train
40023,train
40024,train
40025,train
40026,test
40027,train
40028,train
40029,train
40030,train
40031,train
40032,test
40033,train
40034,test
40035,train
40036,train
40037,test
40038,test
40039,train
40040,train
40041,train
40042,train
40043,train
40044,train
40045,test
40046,train
40047,train
40048,train
40049,train
40050,train
40051,train
40052,train
40053,test
40054,test
40055,train
40056,train
40057,train
40058,train
40059,train
40060,train
40061,train
40062,train
40063,test
40064,train
40065,test
40066,train
40067,test
40068,test
40069,test
40070,train
40071,train
40072,train
40073,train
40074,train
40075,train
40076,train
40077,train
40078,train
40079,train
40080,train
40081,train
40082,train
40083,train
40084,test
40085,test
40086,train
40087,train
40088,train
40089,train
40090,test
40091,train
40092,train
40093,train
40094,train
40095,train
40096,train
40097,train
40098,train
40099,train
40100,train
40101,train
40102,train
40103,train
40104,train
40105,train
40106,train
40107,train
40108,test
40109,test
40110,train
40111,train
40112,train
40113,train
40114,train
40115,train
40116,train
40117,train
40118,train
40119,train
40120,train
40121,train
40122,train
40123,train
40124,train
40125,train
40126,train
40127,test
40128,train
40129,train
40130,train
40131,train
40132,test
40133,train
40134,train
40135,train
40136,train
40137,test
40138,train
40139,train
40140,train
40141,train
40142,train
40143,test
40144,train
40145,test
40146,test
40147,train
40148,test
40149,train
40150,train
40151,train
40152,test
40153,train
40154,train
40155,train
40156,train
40157,train
40158,train
40159,test
40160,train
40161,test
40162,train
40163,train
40164,train
40165,train
40166,train
40167,train
40168,train
40169,train
40170,train
40171,train
40172,train
40173,train
40174,train
40175,train
40176,test
40177,train
40178,train
40179,train
40180,train
40181,test
40182,train
40183,train
40184,test
40185,test
40186,test
40187,test
40188,test
40189,train
40190,train
40191,train
40192,train
40193,train
40194,train
40195,test
40196,train
40197,train
40198,train
40199,train
40200,train
40201,train
40202,train
40203,train
40204,train
40205,train
40206,train
40207,train
40208,test
40209,train
40210,train
40211,train
40212,train
40213,train
40214,train
40215,train
40216,train
40217,train
40218,train
40219,train
40220,train
40221,train
40222,test
40223,train
40224,train
40225,train
40226,test
40227,train
40228,train
40229,train
40230,train
40231,train
40232,train
40233,test
40234,test
40235,train
40236,train
40237,train
40238,train
40239,train
40240,train
40241,train
40242,train
40243,train
40244,test
40245,train
40246,train
40247,test
40248,train
40249,train
40250,train
40251,train
40252,train
40253,train
40254,test
40255,train
40256,train
40257,train
40258,test
40259,train
40260,train
40261,test
40262,train
40263,test
40264,test
40265,test
40266,train
40267,train
40268,train
40269,train
40270,train
40271,test
40272,train
40273,train
40274,train
40275,test
40276,train
40277,train
40278,train
40279,test
40280,train
40281,train
40282,train
40283,train
40284,train
40285,train
40286,train
40287,train
40288,train
40289,train
40290,train
40291,train
40292,train
40293,test
40294,train
40295,train
40296,train
40297,train
40298,test
40299,test
40300,train
40301,test
40302,train
40303,train
40304,train
40305,train
40306,train
40307,train
40308,train
40309,test
40310,train
40311,train
40312,test
40313,train
40314,train
40315,train
40316,train
40317,train
40318,train
40319,train
40320,train
40321,train
40322,train
40323,train
40324,train
40325,train
40326,train
40327,train
40328,train
40329,train
40330,train
40331,train
40332,train
40333,test
40334,test
40335,train
40336,train
40337,train
40338,train
40339,train
40340,train
40341,train
40342,train
40343,train
40344,train
40345,train
40346,train
40347,train
40348,train
40349,train
40350,test
40351,test
40352,train
40353,train
40354,train
40355,train
40356,train
40357,test
40358,train
40359,train
40360,train
40361,test
40362,train
40363,train
40364,train
40365,train
40366,train
40367,train
40368,train
40369,train
40370,test
40371,train
40372,train
40373,train
40374,train
40375,test
40376,train
40377,train
40378,train
40379,train
40380,test
40381,train
40382,train
40383,train
40384,train
40385,train
40386,train
40387,train
40388,test
40389,train
40390,test
40391,train
40392,train
40393,train
40394,train
40395,train
40396,train
40397,train
40398,train
40399,train
40400,train
40401,train
40402,train
40403,train
40404,train
40405,train
40406,train
40407,test
40408,train
40409,test
40410,train
40411,test
40412,train
40413,train
40414,train
40415,train
40416,train
40417,train
40418,train
40419,train
40420,train
40421,test
40422,train
40423,train
40424,train
40425,train
40426,test
40427,test
40428,train
40429,train
40430,train
40431,train
40432,train
40433,test
40434,train
40435,test
40436,train
40437,train
40438,train
40439,train
40440,train
40441,train
40442,test
40443,train
40444,train
40445,train
40446,train
40447,train
40448,train
40449,train
40450,train
40451,test
40452,test
40453,train
40454,train
40455,train
40456,train
40457,train
40458,train
40459,train
40460,train
40461,train
40462,test
40463,train
40464,test
40465,test
40466,test
40467,train
40468,test
40469,train
40470,test
40471,train
40472,train
40473,test
40474,train
40475,test
40476,test
40477,train
40478,train
40479,train
40480,train
40481,train
40482,train
40483,test
40484,train
40485,train
40486,train
40487,train
40488,train
40489,train
40490,train
40491,test
40492,train
40493,train
40494,train
40495,train
40496,train
40497,train
40498,train
40499,train
40500,train
40501,train
40502,train
40503,train
40504,train
40505,test
40506,train
40507,test
40508,train
40509,test
40510,test
40511,train
40512,test
40513,test
40514,train
40515,train
40516,train
40517,train
40518,train
40519,train
40520,test
40521,train
40522,train
40523,test
40524,train
40525,train
40526,train
40527,train
40528,train
40529,train
40530,train
40531,train
40532,train
40533,train
40534,train
40535,test
40536,train
40537,train
40538,test
40539,test
40540,train
40541,train
40542,train
40543,train
40544,train
40545,train
40546,train
40547,train
40548,train
40549,train
40550,train
40551,test
40552,train
40553,train
40554,train
40555,train
40556,train
40557,train
40558,train
40559,train
40560,train
40561,test
40562,train
40563,train
40564,train
40565,train
40566,train
40567,train
40568,train
40569,train
40570,train
40571,test
40572,train
40573,train
40574,train
40575,test
40576,train
40577,train
40578,train
40579,train
40580,train
40581,train
40582,test
40583,train
40584,train
40585,train
40586,train
40587,train
40588,test
40589,train
40590,train
40591,test
40592,test
40593,train
40594,train
40595,train
40596,train
40597,train
40598,test
40599,train
40600,train
40601,test
40602,train
40603,test
40604,test
40605,train
40606,train
40607,train
40608,train
40609,train
40610,train
40611,train
40612,test
40613,test
40614,train
40615,test
40616,train
40617,train
40618,train
40619,train
40620,train
40621,train
40622,train
40623,train
40624,test
40625,train
40626,train
40627,train
40628,train
40629,train
40630,test
40631,train
40632,train
40633,train
40634,train
40635,train
40636,train
40637,train
40638,train
40639,train
40640,train
40641,train
40642,train
40643,train
40644,test
40645,train
40646,train
40647,train
40648,train
40649,train
40650,train
40651,train
40652,train
40653,train
40654,test
40655,train
40656,train
40657,test
40658,train
40659,train
40660,train
40661,train
40662,test
40663,train
40664,train
40665,train
40666,train
40667,train
40668,train
40669,train
40670,train
40671,train
40672,train
40673,train
40674,train
40675,train
40676,test
40677,train
40678,train
40679,test
40680,test
40681,train
40682,train
40683,train
40684,train
40685,train
40686,train
40687,train
40688,train
40689,train
40690,test
40691,train
40692,train
40693,train
40694,train
40695,train
40696,test
40697,train
40698,train
40699,train
40700,train
40701,train
40702,train
40703,train
40704,test
40705,train
40706,train
40707,train
40708,train
40709,test
40710,train
40711,train
40712,train
40713,train
40714,train
40715,train
40716,train
40717,train
40718,test
40719,train
40720,train
40721,test
40722,train
40723,train
40724,train
40725,train
40726,test
40727,train
40728,train
40729,test
40730,train
40731,train
40732,test
40733,train
40734,train
40735,train
40736,train
40737,train
40738,train
40739,train
40740,train
40741,train
40742,train
40743,train
40744,train
40745,train
40746,train
40747,test
40748,test
40749,train
40750,train
40751,train
40752,train
40753,train
40754,train
40755,train
40756,train
40757,train
40758,test
40759,train
40760,train
40761,train
40762,train
40763,train
40764,train
40765,train
40766,train
40767,train
40768,train
40769,train
40770,train
40771,train
40772,train
40773,train
40774,train
40775,train
40776,test
40777,test
40778,train
40779,train
40780,train
40781,test
40782,train
40783,train
40784,train
40785,train
40786,train
40787,test
40788,train
40789,test
40790,train
40791,test
40792,test
40793,train
40794,test
40795,train
40796,train
40797,train
40798,train
40799,train
40800,train
40801,test
40802,train
40803,train
40804,train
40805,train
40806,train
40807,train
40808,train
40809,train
40810,test
40811,train
40812,train
40813,train
40814,train
40815,test
40816,train
40817,train
40818,test
40819,train
40820,train
40821,train
40822,train
40823,test
40824,train
40825,train
40826,train
40827,train
40828,test
40829,train
40830,train
40831,test
40832,train
40833,train
40834,train
40835,train
40836,train
40837,train
40838,train
40839,train
40840,train
40841,train
40842,train
40843,test
40844,train
40845,train
40846,train
40847,train
40848,test
40849,train
40850,train
40851,train
40852,train
40853,test
40854,train
40855,train
40856,train
40857,train
40858,train
40859,test
40860,train
40861,train
40862,train
40863,train
40864,train
40865,train
40866,train
40867,train
40868,train
40869,train
40870,train
40871,train
40872,test
40873,train
40874,train
40875,train
40876,test
40877,train
40878,train
40879,test
40880,train
40881,train
40882,test
40883,train
40884,train
40885,train
40886,test
40887,train
40888,train
40889,train
40890,train
40891,train
40892,test
40893,test
40894,train
40895,test
40896,train
40897,test
40898,train
40899,train
40900,train
40901,train
40902,train
40903,train
40904,train
40905,test
40906,train
40907,test
40908,test
40909,train
40910,train
40911,train
40912,train
40913,train
40914,train
40915,train
40916,test
40917,test
40918,train
40919,train
40920,train
40921,train
40922,train
40923,train
40924,train
40925,test
40926,train
40927,train
40928,train
40929,train
40930,train
40931,test
40932,train
40933,train
40934,test
40935,test
40936,train
40937,train
40938,train
40939,test
40940,train
40941,train
40942,train
40943,train
40944,test
40945,train
40946,test
40947,train
40948,train
40949,train
40950,train
40951,train
40952,train
40953,train
40954,train
40955,train
40956,test
40957,train
40958,train
40959,train
40960,train
40961,train
40962,train
40963,test
40964,train
40965,train
40966,test
40967,train
40968,train
40969,train
40970,train
40971,train
40972,test
40973,test
40974,test
40975,train
40976,train
40977,train
40978,train
40979,train
40980,test
40981,train
40982,train
40983,train
40984,train
40985,train
40986,train
40987,train
40988,train
40989,train
40990,train
40991,train
40992,test
40993,train
40994,test
40995,train
40996,train
40997,train
40998,train
40999,test
41000,test
41001,train
41002,train
41003,train
41004,train
41005,train
41006,train
41007,train
41008,train
41009,train
41010,train
41011,train
41012,train
41013,train
41014,train
41015,train
41016,train
41017,train
41018,train
41019,train
41020,train
41021,test
41022,train
41023,train
41024,train
41025,train
41026,train
41027,train
41028,train
41029,train
41030,train
41031,train
41032,train
41033,test
41034,train
41035,train
41036,train
41037,train
41038,train
41039,test
41040,train
41041,train
41042,test
41043,test
41044,train
41045,train
41046,train
41047,train
41048,test
41049,train
41050,train
41051,train
41052,train
41053,train
41054,train
41055,train
41056,train
41057,train
41058,train
41059,train
41060,train
41061,test
41062,train
41063,train
41064,train
41065,train
41066,train
41067,train
41068,test
41069,train
41070,train
41071,train
41072,train
41073,test
41074,train
41075,train
41076,test
41077,train
41078,train
41079,train
41080,train
41081,train
41082,train
41083,train
41084,train
41085,train
41086,test
41087,train
41088,train
41089,train
41090,test
41091,test
41092,test
41093,train
41094,train
41095,train
41096,train
41097,train
41098,train
41099,train
41100,train
41101,train
41102,train
41103,train
41104,train
41105,test
41106,test
41107,train
41108,train
41109,train
41110,train
41111,train
41112,train
41113,train
41114,train
41115,train
41116,train
41117,train
41118,train
41119,train
41120,train
41121,train
41122,train
41123,test
41124,train
41125,train
41126,test
41127,test
41128,train
41129,train
41130,train
41131,train
41132,train
41133,test
41134,train
41135,train
41136,train
41137,train
41138,test
41139,train
41140,train
41141,train
41142,train
41143,train
41144,train
41145,train
41146,test
41147,train
41148,train
41149,test
41150,train
41151,test
41152,train
41153,train
41154,train
41155,train
41156,test
41157,test
41158,train
41159,train
41160,train
41161,test
41162,train
41163,train
41164,train
41165,train
41166,train
41167,test
41168,test
41169,train
41170,train
41171,train
41172,train
41173,train
41174,train
41175,test
41176,test
41177,test
41178,test
41179,train
41180,train
41181,train
41182,test
41183,train
41184,train
41185,train
41186,train
41187,train
41188,train
41189,train
41190,test
41191,train
41192,train
41193,test
41194,train
41195,train
41196,train
41197,train
41198,train
41199,train
41200,train
41201,train
41202,test
41203,train
41204,train
41205,test
41206,train
41207,train
41208,train
41209,train
41210,train
41211,train
41212,test
41213,train
41214,train
41215,train
41216,train
41217,train
41218,train
41219,train
41220,train
41221,train
41222,train
41223,train
41224,test
41225,test
41226,train
41227,train
41228,train
41229,test
41230,train
41231,train
41232,train
41233,test
41234,train
41235,train
41236,train
41237,test
41238,train
41239,test
41240,train
41241,test
41242,train
41243,test
41244,train
41245,train
41246,train
41247,train
41248,train
41249,test
41250,train
41251,train
41252,train
41253,train
41254,train
41255,train
41256,test
41257,train
41258,test
41259,train
41260,train
41261,train
41262,test
41263,train
41264,train
41265,train
41266,test
41267,train
41268,train
41269,train
41270,train
41271,test
41272,train
41273,train
41274,train
41275,test
41276,train
41277,train
41278,train
41279,test
41280,test
41281,train
41282,train
41283,train
41284,train
41285,train
41286,train
41287,train
41288,train
41289,train
41290,test
41291,train
41292,train
41293,train
41294,train
41295,train
41296,test
41297,test
41298,train
41299,train
41300,train
41301,train
41302,train
41303,train
41304,train
41305,test
41306,train
41307,test
41308,train
41309,train
41310,test
41311,train
41312,train
41313,train
41314,train
41315,train
41316,train
41317,train
41318,train
41319,train
41320,train
41321,test
41322,train
41323,train
41324,test
41325,train
41326,train
41327,test
41328,test
41329,train
41330,test
41331,test
41332,train
41333,train
41334,train
41335,test
41336,train
41337,train
41338,test
41339,test
41340,train
41341,test
41342,train
41343,train
41344,train
41345,test
41346,train
41347,train
41348,train
41349,train
41350,test
41351,train
41352,train
41353,train
41354,train
41355,train
41356,train
41357,train
41358,test
41359,train
41360,train
41361,train
41362,train
41363,train
41364,train
41365,train
41366,train
41367,train
41368,train
41369,train
41370,test
41371,train
41372,train
41373,train
41374,train
41375,train
41376,train
41377,train
41378,train
41379,train
41380,train
41381,test
41382,train
41383,train
41384,train
41385,test
41386,train
41387,train
41388,test
41389,train
41390,train
41391,train
41392,train
41393,train
41394,train
41395,test
41396,train
41397,train
41398,test
41399,test
41400,train
41401,train
41402,test
41403,test
41404,train
41405,train
41406,train
41407,test
41408,train
41409,test
41410,train
41411,train
41412,train
41413,train
41414,train
41415,train
41416,train
41417,train
41418,train
41419,test
41420,train
41421,test
41422,train
41423,train
41424,train
41425,train
41426,test
41427,train
41428,train
41429,test
41430,train
41431,train
41432,train
41433,train
41434,test
41435,train
41436,train
41437,test
41438,train
41439,train
41440,train
41441,test
41442,test
41443,train
41444,train
41445,train
41446,train
41447,train
41448,test
41449,train
41450,test
41451,test
41452,test
41453,train
41454,train
41455,train
41456,test
41457,test
41458,train
41459,train
41460,train
41461,test
41462,train
41463,train
41464,train
41465,train
41466,train
41467,train
41468,train
41469,train
41470,train
41471,train
41472,train
41473,train
41474,train
41475,train
41476,test
41477,train
41478,train
41479,train
41480,train
41481,test
41482,train
41483,train
41484,train
41485,train
41486,train
41487,test
41488,test
41489,train
41490,train
41491,train
41492,train
41493,train
41494,train
41495,train
41496,test
41497,train
41498,train
41499,train
41500,test
41501,train
41502,train
41503,test
41504,train
41505,train
41506,train
41507,train
41508,test
41509,train
41510,train
41511,train
41512,train
41513,train
41514,train
41515,train
41516,train
41517,test
41518,train
41519,train
41520,train
41521,train
41522,train
41523,train
41524,train
41525,train
41526,train
41527,train
41528,train
41529,train
41530,test
41531,train
41532,train
41533,train
41534,test
41535,train
41536,train
41537,train
41538,train
41539,train
41540,train
41541,train
41542,train
41543,test
41544,test
41545,test
41546,train
41547,train
41548,train
41549,test
41550,test
41551,test
41552,train
41553,train
41554,train
41555,train
41556,train
41557,train
41558,train
41559,train
41560,train
41561,test
41562,train
41563,train
41564,train
41565,train
41566,test
41567,train
41568,train
41569,train
41570,train
41571,test
41572,test
41573,test
41574,train
41575,train
41576,train
41577,test
41578,test
41579,train
41580,test
41581,train
41582,train
41583,train
41584,test
41585,train
41586,train
41587,train
41588,train
41589,train
41590,train
41591,train
41592,train
41593,train
41594,train
41595,train
41596,train
41597,train
41598,train
41599,test
41600,test
41601,train
41602,train
41603,train
41604,train
41605,train
41606,train
41607,test
41608,train
41609,test
41610,train
41611,train
41612,train
41613,train
41614,train
41615,test
41616,test
41617,test
41618,train
41619,train
41620,test
41621,train
41622,test
41623,train
41624,train
41625,train
41626,train
41627,train
41628,test
41629,train
41630,train
41631,train
41632,train
41633,train
41634,train
41635,train
41636,train
41637,train
41638,test
41639,test
41640,train
41641,train
41642,train
41643,train
41644,train
41645,test
41646,train
41647,train
41648,train
41649,train
41650,train
41651,test
41652,train
41653,train
41654,train
41655,train
41656,train
41657,train
41658,test
41659,train
41660,train
41661,train
41662,train
41663,train
41664,train
41665,train
41666,train
41667,train
41668,train
41669,train
41670,train
41671,train
41672,train
41673,train
41674,train
41675,test
41676,train
41677,test
41678,train
41679,train
41680,train
41681,test
41682,train
41683,train
41684,train
41685,train
41686,train
41687,train
41688,train
41689,train
41690,train
41691,train
41692,train
41693,train
41694,train
41695,train
41696,train
41697,train
41698,train
41699,train
41700,train
41701,train
41702,train
41703,test
41704,train
41705,train
41706,test
41707,test
41708,train
41709,test
41710,train
41711,train
41712,train
41713,train
41714,train
41715,test
41716,train
41717,train
41718,train
41719,train
41720,train
41721,train
41722,train
41723,train
41724,train
41725,train
41726,train
41727,train
41728,train
41729,test
41730,train
41731,train
41732,train
41733,train
41734,train
41735,test
41736,test
41737,train
41738,train
41739,train
41740,train
41741,train
41742,train
41743,train
41744,test
41745,test
41746,train
41747,train
41748,train
41749,train
41750,train
41751,train
41752,train
41753,test
41754,train
41755,train
41756,train
41757,test
41758,train
41759,train
41760,train
41761,test
41762,train
41763,train
41764,train
41765,train
41766,train
41767,train
41768,train
41769,train
41770,train
41771,train
41772,test
41773,train
41774,train
41775,train
41776,test
41777,test
41778,train
41779,train
41780,train
41781,train
41782,train
41783,train
41784,train
41785,train
41786,train
41787,train
41788,train
41789,train
41790,test
41791,train
41792,train
41793,train
41794,train
41795,train
41796,train
41797,test
41798,train
41799,test
41800,train
41801,train
41802,train
41803,train
41804,train
41805,train
41806,test
41807,train
41808,train
41809,train
41810,test
41811,train
41812,train
41813,train
41814,train
41815,train
41816,test
41817,train
41818,train
41819,test
41820,train
41821,train
41822,train
41823,train
41824,train
41825,test
41826,train
41827,test
41828,test
41829,train
41830,train
41831,train
41832,train
41833,train
41834,train
41835,train
41836,train
41837,train
41838,train
41839,train
41840,train
41841,test
41842,train
41843,test
41844,train
41845,train
41846,test
41847,train
41848,train
41849,test
41850,train
41851,test
41852,train
41853,train
41854,train
41855,train
41856,train
41857,train
41858,train
41859,train
41860,train
41861,train
41862,train
41863,train
41864,train
41865,train
41866,train
41867,test
41868,train
41869,test
41870,test
41871,train
41872,test
41873,train
41874,train
41875,train
41876,train
41877,train
41878,test
41879,train
41880,train
41881,train
41882,test
41883,test
41884,train
41885,train
41886,train
41887,test
41888,train
41889,train
41890,train
41891,test
41892,train
41893,test
41894,train
41895,train
41896,train
41897,train
41898,train
41899,train
41900,test
41901,test
41902,train
41903,train
41904,train
41905,train
41906,train
41907,train
41908,train
41909,test
41910,test
41911,train
41912,train
41913,train
41914,train
41915,train
41916,train
41917,train
41918,train
41919,train
41920,train
41921,train
41922,train
41923,train
41924,train
41925,test
41926,train
41927,test
41928,train
41929,train
41930,test
41931,test
41932,train
41933,train
41934,train
41935,test
41936,train
41937,train
41938,train
41939,test
41940,train
41941,train
41942,train
41943,train
41944,train
41945,train
41946,train
41947,test
41948,train
41949,train
41950,train
41951,train
41952,train
41953,train
41954,train
41955,test
41956,train
41957,train
41958,train
41959,train
41960,train
41961,train
41962,train
41963,train
41964,train
41965,train
41966,train
41967,train
41968,train
41969,train
41970,train
41971,train
41972,train
41973,train
41974,train
41975,train
41976,train
41977,train
41978,train
41979,test
41980,train
41981,train
41982,test
41983,train
41984,train
41985,train
41986,train
41987,train
41988,train
41989,train
41990,train
41991,train
41992,test
41993,train
41994,train
41995,train
41996,train
41997,train
41998,train
41999,train
42000,train
42001,train
42002,test
42003,train
42004,train
42005,train
42006,train
42007,test
42008,test
42009,train
42010,train
42011,train
42012,test
42013,train
42014,train
42015,train
42016,train
42017,train
42018,train
42019,test
42020,train
42021,train
42022,train
42023,train
42024,train
42025,train
42026,train
42027,train
42028,train
42029,train
42030,train
42031,train
42032,train
42033,train
42034,train
42035,train
42036,train
42037,train
42038,train
42039,test
42040,train
42041,train
42042,train
42043,train
42044,train
42045,train
42046,test
42047,train
42048,test
42049,train
42050,test
42051,train
42052,train
42053,train
42054,train
42055,test
42056,train
42057,train
42058,train
42059,train
42060,train
42061,train
42062,train
42063,test
42064,test
42065,train
42066,test
42067,train
42068,train
42069,train
42070,train
42071,train
42072,test
42073,test
42074,test
42075,train
42076,test
42077,train
42078,test
42079,test
42080,test
42081,train
42082,train
42083,train
42084,train
42085,train
42086,test
42087,train
42088,test
42089,train
42090,train
42091,train
42092,train
42093,train
42094,test
42095,test
42096,train
42097,train
42098,train
42099,train
42100,train
42101,train
42102,train
42103,train
42104,train
42105,train
42106,test
42107,train
42108,train
42109,train
42110,test
42111,train
42112,train
42113,train
42114,train
42115,train
42116,train
42117,test
42118,train
42119,train
42120,train
42121,train
42122,train
42123,train
42124,train
42125,train
42126,train
42127,train
42128,train
42129,train
42130,train
42131,train
42132,train
42133,test
42134,train
42135,test
42136,train
42137,train
42138,train
42139,train
42140,test
42141,train
42142,train
42143,test
42144,train
42145,test
42146,train
42147,train
42148,test
42149,train
42150,train
42151,train
42152,train
42153,train
42154,train
42155,train
42156,train
42157,train
42158,train
42159,train
42160,train
42161,train
42162,train
42163,test
42164,train
42165,train
42166,test
42167,test
42168,train
42169,train
42170,train
42171,train
42172,train
42173,train
42174,test
42175,train
42176,train
42177,test
42178,train
42179,train
42180,train
42181,train
42182,train
42183,train
42184,train
42185,train
42186,test
42187,test
42188,train
42189,train
42190,train
42191,train
42192,train
42193,train
42194,train
42195,train
42196,train
42197,train
42198,test
42199,train
42200,test
42201,train
42202,train
42203,test
42204,train
42205,train
42206,train
42207,train
42208,train
42209,test
42210,test
42211,train
42212,train
42213,train
42214,train
42215,train
42216,train
42217,train
42218,test
42219,train
42220,test
42221,train
42222,train
42223,train
42224,train
42225,train
42226,train
42227,train
42228,train
42229,train
42230,train
42231,train
42232,train
42233,train
42234,train
42235,train
42236,train
42237,test
42238,train
42239,train
42240,train
42241,train
42242,train
42243,train
42244,test
42245,train
42246,train
42247,train
42248,test
42249,train
42250,test
42251,test
42252,train
42253,train
42254,train
42255,test
42256,train
42257,train
42258,train
42259,train
42260,train
42261,train
42262,test
42263,train
42264,train
42265,train
42266,train
42267,train
42268,train
42269,train
42270,test
42271,train
42272,train
42273,train
42274,test
42275,test
42276,test
42277,train
42278,train
42279,train
42280,test
42281,train
42282,train
42283,test
42284,test
42285,train
42286,test
42287,train
42288,train
42289,test
42290,test
42291,train
42292,train
42293,train
42294,train
42295,train
42296,test
42297,train
42298,train
42299,train
42300,train
42301,train
42302,train
42303,train
42304,test
42305,test
42306,train
42307,train
42308,train
42309,train
42310,test
42311,train
42312,train
42313,test
42314,train
42315,train
42316,train
42317,train
42318,test
42319,train
42320,test
42321,train
42322,test
42323,train
42324,train
42325,train
42326,train
42327,train
42328,train
42329,train
42330,train
42331,train
42332,train
42333,train
42334,train
42335,test
42336,train
42337,train
42338,train
42339,train
42340,train
42341,train
42342,train
42343,test
42344,train
42345,train
42346,train
42347,train
42348,test
42349,train
42350,train
42351,train
42352,test
42353,train
42354,train
42355,train
42356,train
42357,train
42358,train
42359,test
42360,test
42361,train
42362,train
42363,test
42364,train
42365,train
42366,train
42367,train
42368,test
42369,train
42370,test
42371,train
42372,train
42373,test
42374,train
42375,train
42376,train
42377,test
42378,test
42379,test
42380,train
42381,train
42382,train
42383,train
42384,train
42385,train
42386,train
42387,train
42388,train
42389,train
42390,train
42391,test
42392,train
42393,train
42394,train
42395,train
42396,train
42397,train
42398,test
42399,train
42400,train
42401,train
42402,train
42403,train
42404,test
42405,train
42406,train
42407,train
42408,train
42409,train
42410,train
42411,train
42412,train
42413,test
42414,train
42415,train
42416,train
42417,train
42418,train
42419,train
42420,train
42421,train
42422,test
42423,train
42424,train
42425,train
42426,train
42427,train
42428,train
42429,test
42430,train
42431,test
42432,train
42433,train
42434,test
42435,test
42436,train
42437,test
42438,train
42439,train
42440,train
42441,train
42442,train
42443,test
42444,train
42445,train
42446,test
42447,train
42448,train
42449,train
42450,test
42451,train
42452,train
42453,train
42454,train
42455,test
42456,train
42457,test
42458,train
42459,train
42460,train
42461,train
42462,train
42463,test
42464,train
42465,train
42466,train
42467,test
42468,train
42469,train
42470,train
42471,train
42472,train
42473,train
42474,train
42475,test
42476,test
42477,train
42478,test
42479,test
42480,test
42481,test
42482,test
42483,train
42484,test
42485,train
42486,train
42487,train
42488,test
42489,train
42490,train
42491,test
42492,test
42493,train
42494,train
42495,train
42496,train
42497,test
42498,train
42499,train
42500,test
42501,train
42502,train
42503,train
42504,train
42505,train
42506,train
42507,train
42508,train
42509,train
42510,train
42511,train
42512,train
42513,train
42514,train
42515,train
42516,train
42517,test
42518,train
42519,train
42520,train
42521,test
42522,train
42523,train
42524,train
42525,train
42526,test
42527,test
42528,test
42529,train
42530,train
42531,train
42532,test
42533,train
42534,train
42535,train
42536,train
42537,train
42538,test
42539,train
42540,test
42541,train
42542,train
42543,train
42544,train
42545,train
42546,test
42547,train
42548,train
42549,test
42550,test
42551,train
42552,test
42553,train
42554,train
42555,train
42556,train
42557,train
42558,train
42559,train
42560,train
42561,train
42562,train
42563,test
42564,test
42565,train
42566,train
42567,train
42568,test
42569,train
42570,train
42571,test
42572,train
42573,train
42574,train
42575,train
42576,train
42577,train
42578,train
42579,train
42580,train
42581,test
42582,train
42583,train
42584,train
42585,train
42586,test
42587,train
42588,train
42589,train
42590,train
42591,train
42592,train
42593,train
42594,train
42595,test
42596,train
42597,train
42598,train
42599,train
42600,test
42601,train
42602,train
42603,train
42604,train
42605,train
42606,train
42607,train
42608,train
42609,train
42610,test
42611,test
42612,test
42613,test
42614,test
42615,train
42616,test
42617,train
42618,train
42619,train
42620,train
42621,train
42622,test
42623,train
42624,train
42625,train
42626,train
42627,train
42628,test
42629,train
42630,train
42631,test
42632,train
42633,test
42634,test
42635,train
42636,train
42637,train
42638,train
42639,train
42640,test
42641,train
42642,train
42643,train
42644,train
42645,train
42646,train
42647,train
42648,train
42649,train
42650,train
42651,test
42652,train
42653,train
42654,train
42655,train
42656,train
42657,train
42658,train
42659,train
42660,train
42661,train
42662,train
42663,train
42664,test
42665,train
42666,train
42667,train
42668,test
42669,train
42670,train
42671,test
42672,train
42673,test
42674,train
42675,train
42676,train
42677,test
42678,train
42679,train
42680,train
42681,train
42682,train
42683,train
42684,train
42685,train
42686,train
42687,train
42688,train
42689,train
42690,train
42691,train
42692,train
42693,train
42694,train
42695,train
42696,train
42697,train
42698,train
42699,test
42700,train
42701,train
42702,train
42703,train
42704,train
42705,train
42706,train
42707,train
42708,test
42709,train
42710,train
42711,train
42712,test
42713,test
42714,train
42715,train
42716,train
42717,train
42718,train
42719,train
42720,train
42721,train
42722,train
42723,train
42724,test
42725,train
42726,train
42727,train
42728,train
42729,train
42730,train
42731,train
42732,train
42733,train
42734,test
42735,train
42736,train
42737,train
42738,train
42739,test
42740,train
42741,train
42742,train
42743,train
42744,train
42745,test
42746,train
42747,train
42748,train
42749,test
42750,train
42751,test
42752,train
42753,train
42754,test
42755,train
42756,train
42757,train
42758,train
42759,train
42760,train
42761,train
42762,train
42763,train
42764,train
42765,train
42766,train
42767,train
42768,train
42769,train
42770,test
42771,train
42772,train
42773,test
42774,train
42775,train
42776,test
42777,train
42778,test
42779,train
42780,train
42781,train
42782,train
42783,train
42784,train
42785,train
42786,train
42787,train
42788,train
42789,train
42790,train
42791,test
42792,train
42793,train
42794,train
42795,train
42796,train
42797,train
42798,train
42799,test
42800,train
42801,train
42802,train
42803,test
42804,train
42805,test
42806,train
42807,train
42808,train
42809,test
42810,test
42811,train
42812,train
42813,train
42814,train
42815,train
42816,train
42817,train
42818,train
42819,train
42820,train
42821,test
42822,test
42823,train
42824,train
42825,test
42826,train
42827,test
42828,train
42829,train
42830,train
42831,train
42832,test
42833,test
42834,train
42835,train
42836,train
42837,train
42838,test
42839,train
42840,test
42841,train
42842,train
42843,train
42844,train
42845,train
42846,test
42847,train
42848,train
42849,train
42850,train
42851,train
42852,train
42853,train
42854,train
42855,train
42856,train
42857,train
42858,train
42859,train
42860,train
42861,train
42862,train
42863,train
42864,train
42865,test
42866,train
42867,train
42868,train
42869,test
42870,train
42871,train
42872,train
42873,train
42874,train
42875,test
42876,train
42877,train
42878,train
42879,train
42880,train
42881,train
42882,train
42883,train
42884,test
42885,test
42886,train
42887,train
42888,train
42889,train
42890,test
42891,train
42892,train
42893,train
42894,train
42895,train
42896,train
42897,train
42898,train
42899,train
42900,train
42901,train
42902,test
42903,train
42904,train
42905,test
42906,test
42907,train
42908,train
42909,test
42910,train
42911,train
42912,train
42913,train
42914,train
42915,train
42916,train
42917,train
42918,train
42919,train
42920,test
42921,test
42922,train
42923,train
42924,train
42925,train
42926,train
42927,train
42928,train
42929,train
42930,train
42931,train
42932,train
42933,train
42934,train
42935,test
42936,train
42937,train
42938,train
42939,train
42940,train
42941,train
42942,test
42943,train
42944,train
42945,train
42946,train
42947,train
42948,train
42949,train
42950,train
42951,train
42952,train
42953,train
42954,test
42955,test
42956,test
42957,test
42958,train
42959,train
42960,train
42961,train
42962,train
42963,train
42964,train
42965,train
42966,train
42967,train
42968,train
42969,test
42970,test
42971,test
42972,train
42973,train
42974,train
42975,train
42976,test
42977,train
42978,train
42979,train
42980,train
42981,train
42982,train
42983,train
42984,train
42985,train
42986,train
42987,train
42988,train
42989,train
42990,train
42991,train
42992,train
42993,test
42994,train
42995,test
42996,train
42997,train
42998,train
42999,train
43000,test
43001,train
43002,train
43003,train
43004,train
43005,train
43006,train
43007,test
43008,train
43009,train
43010,train
43011,train
43012,train
43013,train
43014,train
43015,train
43016,train
43017,train
43018,train
43019,train
43020,test
43021,test
43022,train
43023,train
43024,train
43025,train
43026,train
43027,train
43028,train
43029,train
43030,train
43031,test
43032,train
43033,train
43034,train
43035,train
43036,train
43037,test
43038,train
43039,train
43040,train
43041,train
43042,train
43043,train
43044,train
43045,train
43046,train
43047,train
43048,train
43049,train
43050,train
43051,train
43052,train
43053,train
43054,test
43055,train
43056,train
43057,train
43058,train
43059,train
43060,train
43061,train
43062,test
43063,train
43064,train
43065,train
43066,train
43067,test
43068,train
43069,train
43070,train
43071,train
43072,train
43073,train
43074,train
43075,train
43076,train
43077,train
43078,train
43079,test
43080,train
43081,train
43082,test
43083,train
43084,train
43085,train
43086,train
43087,train
43088,train
43089,train
43090,test
43091,test
43092,train
43093,train
43094,train
43095,train
43096,train
43097,train
43098,test
43099,train
43100,train
43101,train
43102,train
43103,train
43104,train
43105,train
43106,test
43107,train
43108,train
43109,train
43110,train
43111,train
43112,train
43113,train
43114,train
43115,train
43116,train
43117,train
43118,train
43119,train
43120,train
43121,train
43122,train
43123,train
43124,test
43125,train
43126,train
43127,train
43128,test
43129,train
43130,test
43131,train
43132,train
43133,train
43134,train
43135,train
43136,train
43137,train
43138,train
43139,train
43140,train
43141,train
43142,train
43143,train
43144,train
43145,train
43146,train
43147,test
43148,train
43149,train
43150,train
43151,train
43152,train
43153,test
43154,train
43155,train
43156,train
43157,train
43158,train
43159,test
43160,train
43161,train
43162,train
43163,train
43164,train
43165,train
43166,test
43167,train
43168,test
43169,train
43170,train
43171,train
43172,test
43173,train
43174,train
43175,train
43176,train
43177,train
43178,train
43179,train
43180,test
43181,train
43182,train
43183,train
43184,train
43185,train
43186,test
43187,train
43188,train
43189,train
43190,test
43191,train
43192,train
43193,train
43194,test
43195,test
43196,train
43197,train
43198,train
43199,train
43200,train
43201,train
43202,train
43203,train
43204,train
43205,train
43206,train
43207,train
43208,train
43209,test
43210,train
43211,train
43212,train
43213,test
43214,train
43215,train
43216,test
43217,train
43218,train
43219,train
43220,train
43221,test
43222,train
43223,test
43224,test
43225,test
43226,train
43227,train
43228,test
43229,train
43230,train
43231,train
43232,test
43233,train
43234,test
43235,train
43236,train
43237,train
43238,test
43239,train
43240,train
43241,train
43242,train
43243,train
43244,test
43245,train
43246,train
43247,test
43248,train
43249,train
43250,test
43251,train
43252,test
43253,train
43254,train
43255,train
43256,train
43257,train
43258,test
43259,train
43260,train
43261,train
43262,train
43263,train
43264,train
43265,train
43266,train
43267,train
43268,test
43269,train
43270,test
43271,test
43272,train
43273,train
43274,train
43275,train
43276,train
43277,train
43278,train
43279,train
43280,train
43281,train
43282,train
43283,train
43284,train
43285,train
43286,train
43287,test
43288,train
43289,train
43290,test
43291,test
43292,train
43293,train
43294,train
43295,train
43296,train
43297,train
43298,train
43299,train
43300,train
43301,train
43302,train
43303,train
43304,train
43305,train
43306,train
43307,train
43308,train
43309,train
43310,train
43311,train
43312,train
43313,train
43314,test
43315,train
43316,train
43317,train
43318,train
43319,train
43320,train
43321,train
43322,train
43323,train
43324,train
43325,train
43326,train
43327,train
43328,train
43329,train
43330,train
43331,train
43332,train
43333,train
43334,train
43335,train
43336,test
43337,train
43338,test
43339,train
43340,train
43341,train
43342,train
43343,train
43344,train
43345,test
43346,test
43347,train
43348,train
43349,train
43350,train
43351,train
43352,train
43353,train
43354,train
43355,train
43356,train
43357,test
43358,train
43359,train
43360,test
43361,train
43362,train
43363,train
43364,test
43365,train
43366,test
43367,train
43368,train
43369,train
43370,train
43371,train
43372,train
43373,train
43374,train
43375,train
43376,train
43377,train
43378,train
43379,train
43380,train
43381,train
43382,train
43383,train
43384,train
43385,train
43386,train
43387,train
43388,test
43389,train
43390,train
43391,train
43392,train
43393,train
43394,train
43395,train
43396,test
43397,train
43398,train
43399,train
43400,train
43401,train
43402,train
43403,test
43404,train
43405,train
43406,train
43407,train
43408,test
43409,train
43410,train
43411,train
43412,train
43413,train
43414,train
43415,test
43416,train
43417,train
43418,train
43419,train
43420,train
43421,train
43422,test
43423,test
43424,test
43425,test
43426,train
43427,train
43428,train
43429,train
43430,test
43431,train
43432,train
43433,train
43434,train
43435,train
43436,train
43437,train
43438,test
43439,train
43440,train
43441,train
43442,train
43443,train
43444,test
43445,train
43446,train
43447,train
43448,train
43449,train
43450,test
43451,train
43452,train
43453,train
43454,train
43455,test
43456,test
43457,test
43458,test
43459,test
43460,train
43461,test
43462,train
43463,train
43464,train
43465,train
43466,train
43467,train
43468,train
43469,train
43470,test
43471,test
43472,train
43473,train
43474,train
43475,train
43476,train
43477,train
43478,train
43479,train
43480,train
43481,test
43482,train
43483,train
43484,train
43485,test
43486,train
43487,test
43488,train
43489,train
43490,test
43491,train
43492,train
43493,train
43494,train
43495,train
43496,train
43497,train
43498,test
43499,train
43500,train
43501,test
43502,train
43503,train
43504,train
43505,train
43506,train
43507,train
43508,test
43509,train
43510,test
43511,test
43512,train
43513,train
43514,train
43515,train
43516,train
43517,test
43518,train
43519,train
43520,train
43521,train
43522,train
43523,train
43524,train
43525,train
43526,test
43527,train
43528,test
43529,train
43530,train
43531,train
43532,train
43533,train
43534,train
43535,train
43536,train
43537,train
43538,train
43539,test
43540,train
43541,test
43542,train
43543,train
43544,test
43545,train
43546,train
43547,train
43548,train
43549,train
43550,test
43551,train
43552,train
43553,train
43554,train
43555,train
43556,train
43557,test
43558,train
43559,train
43560,train
43561,train
43562,train
43563,test
43564,train
43565,test
43566,train
43567,train
43568,train
43569,train
43570,train
43571,train
43572,train
43573,train
43574,train
43575,train
43576,train
43577,train
43578,test
43579,train
43580,test
43581,train
43582,train
43583,train
43584,test
43585,test
43586,train
43587,train
43588,train
43589,train
43590,train
43591,test
43592,train
43593,train
43594,train
43595,train
43596,test
43597,train
43598,test
43599,train
43600,train
43601,test
43602,train
43603,train
43604,train
43605,train
43606,test
43607,train
43608,train
43609,train
43610,train
43611,train
43612,train
43613,train
43614,train
43615,train
43616,train
43617,train
43618,train
43619,train
43620,train
43621,train
43622,test
43623,train
43624,train
43625,test
43626,train
43627,train
43628,train
43629,train
43630,train
43631,train
43632,test
43633,train
43634,train
43635,train
43636,train
43637,train
43638,train
43639,test
43640,train
43641,train
43642,train
43643,train
43644,train
43645,train
43646,test
43647,train
43648,train
43649,test
43650,train
43651,train
43652,train
43653,train
43654,test
43655,test
43656,train
43657,train
43658,test
43659,train
43660,train
43661,test
43662,train
43663,train
43664,train
43665,train
43666,train
43667,train
43668,train
43669,test
43670,train
43671,train
43672,train
43673,train
43674,train
43675,train
43676,test
43677,train
43678,train
43679,test
43680,test
43681,test
43682,train
43683,test
43684,train
43685,train
43686,test
43687,train
43688,train
43689,train
43690,train
43691,train
43692,train
43693,train
43694,train
43695,train
43696,train
43697,train
43698,test
43699,test
43700,train
43701,train
43702,train
43703,train
43704,train
43705,train
43706,train
43707,train
43708,test
43709,train
43710,train
43711,train
43712,train
43713,train
43714,train
43715,test
43716,train
43717,train
43718,train
43719,test
43720,test
43721,test
43722,train
43723,train
43724,train
43725,train
43726,train
43727,train
43728,test
43729,train
43730,train
43731,train
43732,train
43733,train
43734,train
43735,train
43736,train
43737,train
43738,test
43739,train
43740,test
43741,test
43742,train
43743,train
43744,test
43745,train
43746,train
43747,train
43748,train
43749,train
43750,train
43751,train
43752,train
43753,train
43754,train
43755,train
43756,test
43757,train
43758,train
43759,train
43760,train
43761,train
43762,test
43763,train
43764,test
43765,train
43766,train
43767,train
43768,test
43769,train
43770,train
43771,train
43772,train
43773,train
43774,test
43775,test
43776,train
43777,train
43778,train
43779,train
43780,train
43781,train
43782,train
43783,train
43784,train
43785,train
43786,train
43787,train
43788,train
43789,train
43790,train
43791,train
43792,test
43793,train
43794,test
43795,train
43796,train
43797,test
43798,train
43799,train
43800,train
43801,test
43802,train
43803,train
43804,test
43805,train
43806,train
43807,train
43808,train
43809,test
43810,test
43811,train
43812,test
43813,train
43814,train
43815,test
43816,test
43817,train
43818,test
43819,train
43820,train
43821,train
43822,test
43823,train
43824,train
43825,test
43826,train
43827,train
43828,train
43829,train
43830,train
43831,train
43832,train
43833,train
43834,train
43835,test
43836,train
43837,test
43838,train
43839,train
43840,train
43841,train
43842,train
43843,train
43844,train
43845,train
43846,train
43847,train
43848,train
43849,test
43850,train
43851,test
43852,test
43853,train
43854,train
43855,train
43856,train
43857,train
43858,test
43859,train
43860,train
43861,train
43862,train
43863,test
43864,train
43865,train
43866,test
43867,train
43868,train
43869,test
43870,train
43871,train
43872,train
43873,train
43874,test
43875,train
43876,test
43877,train
43878,train
43879,train
43880,train
43881,train
43882,train
43883,train
43884,train
43885,train
43886,train
43887,train
43888,test
43889,train
43890,train
43891,train
43892,train
43893,train
43894,train
43895,train
43896,train
43897,train
43898,train
43899,train
43900,train
43901,test
43902,train
43903,test
43904,train
43905,train
43906,train
43907,train
43908,train
43909,train
43910,train
43911,train
43912,test
43913,train
43914,train
43915,train
43916,train
43917,train
43918,train
43919,train
43920,train
43921,train
43922,train
43923,train
43924,train
43925,train
43926,train
43927,train
43928,train
43929,train
43930,train
43931,train
43932,train
43933,train
43934,train
43935,test
43936,train
43937,test
43938,test
43939,train
43940,test
43941,train
43942,train
43943,train
43944,test
43945,train
43946,train
43947,train
43948,train
43949,test
43950,train
43951,train
43952,train
43953,train
43954,test
43955,train
43956,train
43957,train
43958,train
43959,train
43960,train
43961,train
43962,train
43963,test
43964,train
43965,train
43966,train
43967,train
43968,train
43969,test
43970,train
43971,train
43972,train
43973,test
43974,train
43975,train
43976,train
43977,train
43978,train
43979,train
43980,train
43981,train
43982,test
43983,test
43984,train
43985,train
43986,test
43987,train
43988,train
43989,test
43990,train
43991,test
43992,train
43993,train
43994,train
43995,train
43996,train
43997,train
43998,train
43999,train
44000,test
44001,train
44002,train
44003,train
44004,train
44005,train
44006,train
44007,train
44008,test
44009,train
44010,train
44011,train
44012,train
44013,train
44014,train
44015,train
44016,test
44017,test
44018,test
44019,train
44020,train
44021,test
44022,test
44023,train
44024,test
44025,train
44026,test
44027,train
44028,train
44029,train
44030,train
44031,train
44032,train
44033,train
44034,test
44035,test
44036,test
44037,train
44038,train
44039,train
44040,train
44041,train
44042,train
44043,train
44044,test
44045,train
44046,train
44047,train
44048,train
44049,train
44050,test
44051,train
44052,train
44053,test
44054,train
44055,train
44056,train
44057,train
44058,test
44059,train
44060,train
44061,test
44062,train
44063,test
44064,train
44065,train
44066,train
44067,train
44068,train
44069,train
44070,train
44071,train
44072,train
44073,train
44074,train
44075,train
44076,train
44077,test
44078,train
44079,train
44080,train
44081,train
44082,train
44083,train
44084,train
44085,train
44086,train
44087,train
44088,train
44089,train
44090,train
44091,train
44092,train
44093,train
44094,train
44095,train
44096,train
44097,train
44098,train
44099,train
44100,train
44101,train
44102,test
44103,train
44104,train
44105,train
44106,train
44107,train
44108,train
44109,train
44110,train
44111,train
44112,train
44113,train
44114,train
44115,train
44116,train
44117,test
44118,test
44119,train
44120,train
44121,test
44122,train
44123,train
44124,train
44125,train
44126,train
44127,test
44128,train
44129,train
44130,test
44131,train
44132,train
44133,train
44134,train
44135,train
44136,train
44137,train
44138,test
44139,train
44140,test
44141,train
44142,test
44143,train
44144,train
44145,test
44146,train
44147,train
44148,train
44149,train
44150,train
44151,test
44152,test
44153,train
44154,test
44155,test
44156,train
44157,train
44158,test
44159,train
44160,train
44161,train
44162,train
44163,train
44164,train
44165,test
44166,train
44167,train
44168,test
44169,train
44170,train
44171,train
44172,train
44173,train
44174,train
44175,train
44176,train
44177,train
44178,train
44179,train
44180,test
44181,train
44182,train
44183,train
44184,train
44185,train
44186,train
44187,train
44188,train
44189,test
44190,test
44191,train
44192,train
44193,train
44194,train
44195,test
44196,train
44197,train
44198,train
44199,train
44200,train
44201,train
44202,train
44203,test
44204,train
44205,test
44206,train
44207,train
44208,train
44209,test
44210,train
44211,train
44212,train
44213,test
44214,train
44215,train
44216,train
44217,train
44218,train
44219,train
44220,train
44221,train
44222,train
44223,train
44224,train
44225,train
44226,train
44227,train
44228,train
44229,train
44230,train
44231,train
44232,test
44233,train
44234,train
44235,train
44236,train
44237,train
44238,train
44239,train
44240,test
44241,train
44242,train
44243,train
44244,train
44245,train
44246,test
44247,train
44248,train
44249,train
44250,train
44251,train
44252,train
44253,test
44254,train
44255,train
44256,train
44257,train
44258,train
44259,train
44260,train
44261,train
44262,train
44263,test
44264,test
44265,train
44266,train
44267,test
44268,train
44269,train
44270,train
44271,train
44272,train
44273,test
44274,train
44275,train
44276,train
44277,train
44278,test
44279,train
44280,train
44281,train
44282,train
44283,train
44284,train
44285,test
44286,train
44287,train
44288,train
44289,train
44290,train
44291,train
44292,train
44293,train
44294,train
44295,train
44296,train
44297,test
44298,test
44299,train
44300,train
44301,train
44302,train
44303,test
44304,train
44305,train
44306,train
44307,train
44308,test
44309,train
44310,test
44311,train
44312,test
44313,train
44314,train
44315,test
44316,test
44317,train
44318,test
44319,train
44320,test
44321,train
44322,train
44323,train
44324,train
44325,train
44326,train
44327,train
44328,train
44329,train
44330,test
44331,train
44332,test
44333,train
44334,test
44335,train
44336,train
44337,test
44338,train
44339,train
44340,train
44341,train
44342,train
44343,test
44344,train
44345,test
44346,test
44347,train
44348,train
44349,train
44350,train
44351,train
44352,train
44353,train
44354,train
44355,train
44356,train
44357,test
44358,test
44359,train
44360,test
44361,train
44362,train
44363,train
44364,train
44365,train
44366,train
44367,test
44368,train
44369,train
44370,train
44371,test
44372,train
44373,train
44374,train
44375,train
44376,train
44377,train
44378,train
44379,train
44380,test
44381,train
44382,train
44383,train
44384,train
44385,train
44386,train
44387,train
44388,train
44389,train
44390,train
44391,train
44392,test
44393,train
44394,train
44395,train
44396,train
44397,train
44398,train
44399,train
44400,train
44401,train
44402,test
44403,train
44404,train
44405,test
44406,train
44407,test
44408,train
44409,test
44410,test
44411,train
44412,train
44413,train
44414,train
44415,train
44416,train
44417,train
44418,train
44419,train
44420,train
44421,train
44422,train
44423,train
44424,train
44425,train
44426,train
44427,train
44428,train
44429,test
44430,train
44431,train
44432,train
44433,train
44434,train
44435,train
44436,train
44437,train
44438,train
44439,train
44440,train
44441,test
44442,train
44443,test
44444,train
44445,train
44446,train
44447,test
44448,train
44449,train
44450,train
44451,train
44452,train
44453,train
44454,train
44455,train
44456,train
44457,test
44458,train
44459,train
44460,train
44461,train
44462,train
44463,train
44464,train
44465,train
44466,test
44467,train
44468,train
44469,train
44470,train
44471,test
44472,test
44473,train
44474,train
44475,test
44476,train
44477,train
44478,train
44479,test
44480,train
44481,train
44482,train
44483,train
44484,train
44485,train
44486,train
44487,train
44488,train
44489,test
44490,train
44491,train
44492,train
44493,test
44494,train
44495,train
44496,train
44497,train
44498,train
44499,train
44500,train
44501,train
44502,train
44503,train
44504,train
44505,train
44506,test
44507,train
44508,test
44509,train
44510,train
44511,test
44512,train
44513,train
44514,train
44515,train
44516,train
44517,train
44518,train
44519,train
44520,train
44521,train
44522,train
44523,train
44524,train
44525,test
44526,train
44527,train
44528,train
44529,train
44530,train
44531,train
44532,train
44533,train
44534,train
44535,test
44536,test
44537,train
44538,test
44539,train
44540,train
44541,train
44542,train
44543,train
44544,test
44545,test
44546,train
44547,test
44548,train
44549,train
44550,train
44551,train
44552,train
44553,train
44554,train
44555,train
44556,train
44557,test
44558,train
44559,train
44560,train
44561,train
44562,train
44563,train
44564,train
44565,train
44566,train
44567,train
44568,test
44569,train
44570,train
44571,train
44572,train
44573,train
44574,train
44575,test
44576,train
44577,train
44578,train
44579,train
44580,train
44581,train
44582,train
44583,train
44584,train
44585,train
44586,train
44587,train
44588,test
44589,test
44590,test
44591,train
44592,test
44593,test
44594,train
44595,train
44596,train
44597,train
44598,train
44599,train
44600,train
44601,train
44602,test
44603,train
44604,test
44605,train
44606,train
44607,train
44608,train
44609,train
44610,test
44611,train
44612,train
44613,train
44614,train
44615,train
44616,train
44617,train
44618,train
44619,train
44620,train
44621,train
44622,train
44623,train
44624,train
44625,train
44626,train
44627,test
44628,test
44629,train
44630,train
44631,train
44632,train
44633,train
44634,train
44635,test
44636,test
44637,train
44638,train
44639,train
44640,train
44641,train
44642,train
44643,train
44644,train
44645,test
44646,train
44647,train
44648,train
44649,train
44650,train
44651,train
44652,train
44653,train
44654,test
44655,train
44656,test
44657,train
44658,train
44659,train
44660,train
44661,train
44662,train
44663,train
44664,train
44665,test
44666,test
44667,test
44668,train
44669,train
44670,train
44671,train
44672,test
44673,train
44674,test
44675,train
44676,test
44677,train
44678,train
44679,test
44680,test
44681,test
44682,test
44683,train
44684,test
44685,test
44686,train
44687,train
44688,train
44689,train
44690,train
44691,test
44692,train
44693,train
44694,train
44695,train
44696,train
44697,train
44698,train
44699,train
44700,test
44701,train
44702,train
44703,train
44704,train
44705,train
44706,train
44707,train
44708,train
44709,train
44710,train
44711,train
44712,train
44713,train
44714,train
44715,train
44716,train
44717,train
44718,train
44719,test
44720,train
44721,train
44722,train
44723,train
44724,train
44725,train
44726,train
44727,test
44728,train
44729,train
44730,train
44731,test
44732,test
44733,train
44734,test
44735,train
44736,train
44737,train
44738,train
44739,train
44740,train
44741,train
44742,train
44743,train
44744,train
44745,test
44746,train
44747,test
44748,test
44749,train
44750,train
44751,train
44752,train
44753,train
44754,train
44755,test
44756,train
44757,test
44758,train
44759,train
44760,train
44761,train
44762,train
44763,train
44764,train
44765,train
44766,train
44767,train
44768,test
44769,train
44770,train
44771,train
44772,test
44773,train
44774,train
44775,train
44776,train
44777,test
44778,test
44779,test
44780,test
44781,train
44782,train
44783,train
44784,train
44785,train
44786,train
44787,train
44788,test
44789,train
44790,test
44791,train
44792,train
44793,train
44794,train
44795,train
44796,train
44797,train
44798,train
44799,train
44800,train
44801,test
44802,train
44803,train
44804,train
44805,train
44806,train
44807,test
44808,test
44809,train
44810,train
44811,train
44812,test
44813,test
44814,train
44815,train
44816,train
44817,train
44818,train
44819,train
44820,train
44821,train
44822,train
44823,train
44824,test
44825,train
44826,train
44827,train
44828,train
44829,train
44830,train
44831,train
44832,train
44833,test
44834,train
44835,train
44836,test
44837,train
44838,train
44839,train
44840,train
44841,train
44842,train
44843,train
44844,train
44845,train
44846,train
44847,train
44848,train
44849,train
44850,train
44851,train
44852,train
44853,train
44854,train
44855,train
44856,train
44857,train
44858,train
44859,train
44860,train
44861,train
44862,train
44863,train
44864,train
44865,train
44866,train
44867,train
44868,train
44869,train
44870,test
44871,train
44872,train
44873,train
44874,train
44875,train
44876,train
44877,test
44878,train
44879,test
44880,train
44881,train
44882,train
44883,train
44884,test
44885,train
44886,train
44887,test
44888,train
44889,train
44890,train
44891,train
44892,test
44893,train
44894,train
44895,train
44896,train
44897,train
44898,test
44899,train
44900,train
44901,train
44902,train
44903,train
44904,train
44905,train
44906,test
44907,train
44908,train
44909,train
44910,train
44911,train
44912,train
44913,test
44914,train
44915,train
44916,train
44917,train
44918,train
44919,train
44920,train
44921,train
44922,train
44923,train
44924,test
44925,train
44926,train
44927,train
44928,train
44929,train
44930,test
44931,train
44932,test
44933,train
44934,train
44935,train
44936,test
44937,train
44938,train
44939,train
44940,train
44941,train
44942,train
44943,train
44944,train
44945,train
44946,train
44947,train
44948,train
44949,test
44950,train
44951,train
44952,train
44953,train
44954,train
44955,train
44956,train
44957,train
44958,train
44959,train
44960,test
44961,train
44962,train
44963,train
44964,train
44965,train
44966,test
44967,train
44968,train
44969,train
44970,train
44971,train
44972,train
44973,train
44974,train
44975,train
44976,train
44977,test
44978,train
44979,train
44980,test
44981,train
44982,train
44983,train
44984,test
44985,train
44986,train
44987,test
44988,train
44989,train
44990,train
44991,test
44992,train
44993,train
44994,train
44995,test
44996,test
44997,train
44998,train
44999,train
45000,train
45001,train
45002,train
45003,train
45004,train
45005,train
45006,test
45007,train
45008,train
45009,train
45010,train
45011,test
45012,train
45013,train
45014,train
45015,test
45016,train
45017,train
45018,train
45019,train
45020,train
45021,train
45022,train
45023,test
45024,train
45025,train
45026,test
45027,test
45028,test
45029,train
45030,train
45031,train
45032,train
45033,train
45034,train
45035,train
45036,train
45037,train
45038,train
45039,train
45040,train
45041,train
45042,test
45043,train
45044,train
45045,train
45046,train
45047,train
45048,train
45049,test
45050,train
45051,train
45052,train
45053,test
45054,test
45055,train
45056,test
45057,train
45058,train
45059,train
45060,train
45061,train
45062,train
45063,train
45064,train
45065,test
45066,train
45067,train
45068,train
45069,test
45070,train
45071,train
45072,test
45073,train
45074,train
45075,train
45076,train
45077,train
45078,train
45079,train
45080,train
45081,train
45082,train
45083,train
45084,test
45085,train
45086,train
45087,train
45088,test
45089,train
45090,train
45091,train
45092,train
45093,test
45094,test
45095,test
45096,train
45097,train
45098,train
45099,train
45100,train
45101,train
45102,train
45103,train
45104,train
45105,test
45106,train
45107,test
45108,train
45109,train
45110,train
45111,train
45112,test
45113,test
45114,train
45115,train
45116,train
45117,train
45118,train
45119,train
45120,test
45121,train
45122,train
45123,test
45124,train
45125,train
45126,test
45127,train
45128,train
45129,train
45130,train
45131,train
45132,train
45133,train
45134,train
45135,train
45136,train
45137,train
45138,train
45139,test
45140,train
45141,train
45142,train
45143,train
45144,train
45145,test
45146,train
45147,train
45148,train
45149,train
45150,train
45151,train
45152,train
45153,train
45154,train
45155,test
45156,train
45157,train
45158,test
45159,train
45160,train
45161,train
45162,test
45163,test
45164,train
45165,train
45166,train
45167,train
45168,train
45169,test
45170,train
45171,train
45172,train
45173,test
45174,train
45175,train
45176,test
45177,train
45178,test
45179,train
45180,train
45181,train
45182,train
45183,test
45184,train
45185,train
45186,train
45187,train
45188,train
45189,train
45190,test
45191,train
45192,train
45193,test
45194,train
45195,test
45196,train
45197,train
45198,train
45199,train
45200,test
45201,train
45202,train
45203,train
45204,train
45205,test
45206,train
45207,train
45208,train
45209,test
45210,train
45211,train
45212,train
45213,test
45214,test
45215,train
45216,train
45217,train
45218,train
45219,train
45220,train
45221,train
45222,train
45223,test
45224,test
45225,train
45226,test
45227,train
45228,train
45229,train
45230,train
45231,test
45232,train
45233,train
45234,train
45235,train
45236,train
45237,train
45238,train
45239,train
45240,train
45241,train
45242,train
45243,train
45244,train
45245,train
45246,train
45247,test
45248,train
45249,train
45250,train
45251,train
45252,train
45253,train
45254,train
45255,train
45256,train
45257,train
45258,train
45259,test
45260,train
45261,train
45262,train
45263,train
45264,train
45265,train
45266,train
45267,train
45268,train
45269,test
45270,train
45271,train
45272,train
45273,train
45274,test
45275,train
45276,train
45277,train
45278,train
45279,train
45280,train
45281,train
45282,train
45283,test
45284,train
45285,test
45286,train
45287,test
45288,train
45289,train
45290,train
45291,train
45292,train
45293,test
45294,train
45295,train
45296,train
45297,train
45298,train
45299,train
45300,test
45301,test
45302,train
45303,train
45304,train
45305,train
45306,train
45307,train
45308,train
45309,train
45310,train
45311,train
45312,test
45313,test
45314,train
45315,train
45316,train
45317,train
45318,train
45319,train
45320,train
45321,train
45322,test
45323,train
45324,train
45325,train
45326,test
45327,train
45328,train
45329,train
45330,train
45331,train
45332,train
45333,train
45334,train
45335,train
45336,train
45337,train
45338,train
45339,train
45340,train
45341,test
45342,train
45343,train
45344,train
45345,train
45346,train
45347,train
45348,train
45349,train
45350,train
45351,train
45352,train
45353,test
45354,train
45355,train
45356,train
45357,train
45358,train
45359,train
45360,train
45361,train
45362,train
45363,train
45364,train
45365,train
45366,train
45367,test
45368,train
45369,train
45370,train
45371,train
45372,train
45373,test
45374,test
45375,test
45376,train
45377,train
45378,train
45379,train
45380,train
45381,train
45382,train
45383,train
45384,train
45385,train
45386,train
45387,train
45388,test
45389,train
45390,train
45391,train
45392,test
45393,test
45394,train
45395,train
45396,test
45397,test
45398,train
45399,train
45400,train
45401,train
45402,train
45403,test
45404,train
45405,train
45406,test
45407,test
45408,test
45409,train
45410,test
45411,train
45412,train
45413,train
45414,train
45415,train
45416,train
45417,train
45418,train
45419,train
45420,train
45421,train
45422,train
45423,train
45424,train
45425,train
45426,train
45427,test
45428,test
45429,train
45430,train
45431,train
45432,train
45433,train
45434,train
45435,train
45436,train
45437,test
45438,train
45439,train
45440,train
45441,train
45442,train
45443,train
45444,train
45445,test
45446,train
45447,test
45448,train
45449,train
45450,train
45451,train
45452,train
45453,train
45454,train
45455,train
45456,train
45457,train
45458,train
45459,train
45460,train
45461,train
45462,train
45463,test
45464,train
45465,train
45466,train
45467,train
45468,train
45469,train
45470,train
45471,train
45472,train
45473,train
45474,test
45475,train
45476,train
45477,train
45478,test
45479,train
45480,test
45481,train
45482,train
45483,train
45484,test
45485,train
45486,test
45487,train
45488,train
45489,test
45490,test
45491,test
45492,train
45493,train
45494,train
45495,train
45496,train
45497,train
45498,train
45499,train
45500,train
45501,train
45502,train
45503,train
45504,test
45505,train
45506,train
45507,train
45508,train
45509,train
45510,train
45511,train
45512,train
45513,train
45514,test
45515,test
45516,train
45517,train
45518,test
45519,train
45520,train
45521,train
45522,train
45523,train
45524,train
45525,test
45526,train
45527,test
45528,train
45529,train
45530,train
45531,train
45532,train
45533,train
45534,train
45535,train
45536,train
45537,train
45538,train
45539,train
45540,train
45541,test
45542,test
45543,train
45544,test
45545,test
45546,train
45547,train
45548,train
45549,train
45550,train
45551,train
45552,train
45553,test
45554,train
45555,train
45556,train
45557,train
45558,train
45559,train
45560,train
45561,test
45562,train
45563,train
45564,test
45565,train
45566,train
45567,train
45568,train
45569,train
45570,train
45571,train
45572,train
45573,train
45574,train
45575,train
45576,train
45577,train
45578,train
45579,train
45580,test
45581,train
45582,train
45583,train
45584,train
45585,train
45586,train
45587,train
45588,test
45589,test
45590,train
45591,train
45592,train
45593,train
45594,test
45595,train
45596,train
45597,test
45598,train
45599,test
45600,train
45601,train
45602,train
45603,test
45604,train
45605,train
45606,train
45607,train
45608,train
45609,train
45610,train
45611,train
45612,test
45613,train
45614,test
45615,train
45616,train
45617,test
45618,train
45619,train
45620,train
45621,test
45622,train
45623,train
45624,train
45625,train
45626,train
45627,test
45628,train
45629,test
45630,train
45631,test
45632,test
45633,train
45634,train
45635,test
45636,train
45637,train
45638,train
45639,train
45640,train
45641,train
45642,train
45643,train
45644,test
45645,train
45646,train
45647,train
45648,test
45649,train
45650,train
45651,train
45652,train
45653,test
45654,train
45655,train
45656,train
45657,train
45658,test
45659,train
45660,train
45661,train
45662,train
45663,train
45664,train
45665,train
45666,test
45667,train
45668,train
45669,train
45670,train
45671,train
45672,train
45673,train
45674,train
45675,train
45676,train
45677,train
45678,train
45679,train
45680,train
45681,train
45682,train
45683,train
45684,train
45685,test
45686,train
45687,train
45688,test
45689,train
45690,test
45691,test
45692,train
45693,train
45694,train
45695,train
45696,train
45697,train
45698,train
45699,train
45700,train
45701,train
45702,test
45703,train
45704,test
45705,train
45706,train
45707,test
45708,train
45709,train
45710,train
45711,train
45712,train
45713,train
45714,train
45715,train
45716,train
45717,train
45718,test
45719,train
45720,train
45721,train
45722,test
45723,train
45724,train
45725,train
45726,test
45727,train
45728,train
45729,train
45730,train
45731,test
45732,train
45733,train
45734,train
45735,train
45736,test
45737,train
45738,train
45739,train
45740,train
45741,train
45742,train
45743,train
45744,train
45745,train
45746,train
45747,train
45748,train
45749,train
45750,train
45751,test
45752,train
45753,train
45754,train
45755,train
45756,test
45757,train
45758,train
45759,test
45760,train
45761,train
45762,train
45763,test
45764,train
45765,train
45766,test
45767,train
45768,test
45769,train
45770,train
45771,train
45772,test
45773,train
45774,train
45775,train
45776,train
45777,train
45778,train
45779,train
45780,train
45781,test
45782,train
45783,train
45784,train
45785,train
45786,train
45787,test
45788,train
45789,train
45790,test
45791,train
45792,train
45793,train
45794,train
45795,train
45796,train
45797,train
45798,train
45799,train
45800,test
45801,train
45802,train
45803,test
45804,train
45805,train
45806,train
45807,train
45808,train
45809,train
45810,test
45811,test
45812,train
45813,train
45814,train
45815,train
45816,train
45817,train
45818,train
45819,train
45820,train
45821,train
45822,train
45823,train
45824,train
45825,train
45826,train
45827,train
45828,train
45829,train
45830,train
45831,train
45832,train
45833,train
45834,train
45835,train
45836,train
45837,train
45838,test
45839,train
45840,test
45841,train
45842,train
45843,train
45844,test
45845,train
45846,train
45847,train
45848,train
45849,train
45850,train
45851,train
45852,test
45853,train
45854,train
45855,test
45856,train
45857,test
45858,train
45859,test
45860,train
45861,train
45862,train
45863,train
45864,train
45865,train
45866,train
45867,train
45868,train
45869,train
45870,train
45871,test
45872,test
45873,train
45874,test
45875,train
45876,test
45877,train
45878,train
45879,train
45880,train
45881,train
45882,train
45883,train
45884,test
45885,test
45886,train
45887,train
45888,test
45889,train
45890,test
45891,train
45892,test
45893,train
45894,train
45895,test
45896,train
45897,train
45898,train
45899,train
45900,train
45901,test
45902,train
45903,train
45904,train
45905,train
45906,train
45907,train
45908,train
45909,train
45910,train
45911,train
45912,train
45913,train
45914,train
45915,train
45916,test
45917,test
45918,test
45919,train
45920,train
45921,train
45922,train
45923,train
45924,test
45925,train
45926,train
45927,train
45928,train
45929,train
45930,train
45931,train
45932,train
45933,train
45934,train
45935,train
45936,train
45937,train
45938,test
45939,test
45940,train
45941,train
45942,train
45943,train
45944,train
45945,train
45946,test
45947,test
45948,test
45949,train
45950,train
45951,train
45952,test
45953,train
45954,train
45955,test
45956,test
45957,train
45958,test
45959,train
45960,train
45961,train
45962,train
45963,train
45964,train
45965,train
45966,train
45967,test
45968,train
45969,train
45970,train
45971,test
45972,train
45973,train
45974,test
45975,train
45976,train
45977,train
45978,train
45979,train
45980,train
45981,train
45982,train
45983,train
45984,train
45985,test
45986,test
45987,train
45988,test
45989,train
45990,test
45991,test
45992,train
45993,test
45994,train
45995,train
45996,train
45997,test
45998,train
45999,train
46000,test
46001,train
46002,test
46003,train
46004,train
46005,train
46006,train
46007,train
46008,train
46009,train
46010,test
46011,test
46012,train
46013,train
46014,train
46015,train
46016,train
46017,train
46018,train
46019,test
46020,test
46021,train
46022,train
46023,train
46024,train
46025,train
46026,train
46027,test
46028,train
46029,train
46030,test
46031,train
46032,train
46033,test
46034,train
46035,train
46036,train
46037,train
46038,train
46039,train
46040,train
46041,train
46042,train
46043,train
46044,train
46045,test
46046,train
46047,train
46048,train
46049,train
46050,train
46051,train
46052,train
46053,train
46054,test
46055,train
46056,train
46057,train
46058,train
46059,train
46060,test
46061,train
46062,train
46063,test
46064,train
46065,train
46066,train
46067,train
46068,train
46069,test
46070,train
46071,train
46072,train
46073,train
46074,train
46075,test
46076,train
46077,test
46078,train
46079,train
46080,train
46081,train
46082,test
46083,train
46084,train
46085,train
46086,test
46087,train
46088,train
46089,train
46090,train
46091,train
46092,train
46093,train
46094,test
46095,train
46096,train
46097,train
46098,train
46099,train
46100,train
46101,train
46102,train
46103,train
46104,train
46105,train
46106,train
46107,train
46108,train
46109,train
46110,train
46111,train
46112,train
46113,train
46114,test
46115,train
46116,train
46117,train
46118,train
46119,train
46120,train
46121,train
46122,train
46123,train
46124,train
46125,train
46126,train
46127,train
46128,train
46129,train
46130,train
46131,train
46132,train
46133,train
46134,test
46135,train
46136,train
46137,train
46138,train
46139,train
46140,train
46141,test
46142,train
46143,train
46144,train
46145,train
46146,train
46147,train
46148,train
46149,train
46150,train
46151,train
46152,train
46153,train
46154,train
46155,test
46156,train
46157,train
46158,train
46159,train
46160,train
46161,train
46162,train
46163,train
46164,train
46165,train
46166,train
46167,train
46168,train
46169,train
46170,train
46171,train
46172,train
46173,train
46174,test
46175,train
46176,train
46177,train
46178,train
46179,train
46180,train
46181,train
46182,test
46183,train
46184,train
46185,train
46186,test
46187,train
46188,train
46189,test
46190,train
46191,train
46192,train
46193,train
46194,train
46195,train
46196,test
46197,test
46198,train
46199,train
46200,train
46201,train
46202,train
46203,test
46204,test
46205,train
46206,train
46207,test
46208,test
46209,train
46210,test
46211,test
46212,train
46213,test
46214,train
46215,test
46216,train
46217,train
46218,train
46219,test
46220,test
46221,train
46222,train
46223,train
46224,train
46225,train
46226,train
46227,test
46228,train
46229,train
46230,train
46231,test
46232,train
46233,train
46234,train
46235,train
46236,train
46237,test
46238,train
46239,train
46240,train
46241,train
46242,train
46243,test
46244,train
46245,test
46246,test
46247,test
46248,train
46249,train
46250,train
46251,train
46252,train
46253,train
46254,train
46255,train
46256,test
46257,train
46258,train
46259,train
46260,train
46261,train
46262,train
46263,train
46264,train
46265,train
46266,train
46267,train
46268,train
46269,train
46270,train
46271,train
46272,train
46273,train
46274,train
46275,train
46276,train
46277,test
46278,train
46279,train
46280,train
46281,train
46282,train
46283,train
46284,train
46285,train
46286,test
46287,train
46288,train
46289,train
46290,train
46291,train
46292,train
46293,train
46294,train
46295,train
46296,train
46297,train
46298,train
46299,train
46300,train
46301,train
46302,train
46303,train
46304,train
46305,train
46306,test
46307,train
46308,train
46309,train
46310,train
46311,train
46312,train
46313,train
46314,test
46315,train
46316,train
46317,train
46318,test
46319,test
46320,train
46321,train
46322,train
46323,train
46324,train
46325,train
46326,train
46327,test
46328,train
46329,train
46330,train
46331,test
46332,test
46333,train
46334,train
46335,train
46336,train
46337,train
46338,train
46339,train
46340,train
46341,train
46342,train
46343,train
46344,train
46345,train
46346,train
46347,test
46348,test
46349,train
46350,train
46351,test
46352,test
46353,test
46354,train
46355,train
46356,test
46357,test
46358,test
46359,test
46360,train
46361,train
46362,train
46363,train
46364,test
46365,train
46366,train
46367,train
46368,train
46369,train
46370,train
46371,train
46372,test
46373,train
46374,train
46375,train
46376,test
46377,train
46378,train
46379,train
46380,train
46381,train
46382,train
46383,train
46384,train
46385,train
46386,train
46387,train
46388,train
46389,train
46390,train
46391,train
46392,test
46393,train
46394,test
46395,train
46396,train
46397,test
46398,test
46399,train
46400,train
46401,train
46402,train
46403,test
46404,train
46405,train
46406,train
46407,train
46408,train
46409,train
46410,train
46411,test
46412,train
46413,train
46414,train
46415,train
46416,train
46417,train
46418,train
46419,train
46420,train
46421,train
46422,test
46423,train
46424,train
46425,train
46426,train
46427,train
46428,train
46429,train
46430,train
46431,train
46432,train
46433,train
46434,train
46435,train
46436,train
46437,train
46438,train
46439,train
46440,train
46441,train
46442,test
46443,test
46444,train
46445,train
46446,train
46447,train
46448,train
46449,train
46450,train
46451,train
46452,train
46453,test
46454,train
46455,train
46456,train
46457,train
46458,train
46459,train
46460,train
46461,test
46462,test
46463,train
46464,train
46465,test
46466,train
46467,test
46468,train
46469,train
46470,train
46471,train
46472,train
46473,train
46474,test
46475,train
46476,train
46477,train
46478,train
46479,train
46480,train
46481,train
46482,train
46483,train
46484,test
46485,train
46486,train
46487,test
46488,train
46489,train
46490,test
46491,test
46492,train
46493,train
46494,train
46495,test
46496,train
46497,train
46498,train
46499,train
46500,train
46501,train
46502,train
46503,train
46504,train
46505,test
46506,train
46507,train
46508,test
46509,train
46510,train
46511,train
46512,test
46513,train
46514,test
46515,test
46516,train
46517,test
46518,train
46519,train
46520,train
46521,test
46522,train
46523,train
46524,train
46525,test
46526,train
46527,train
46528,train
46529,train
46530,test
46531,train
46532,train
46533,test
46534,test
46535,test
46536,train
46537,train
46538,test
46539,train
46540,train
46541,test
46542,train
46543,train
46544,train
46545,train
46546,train
46547,test
46548,train
46549,train
46550,train
46551,train
46552,test
46553,train
46554,train
46555,train
46556,train
46557,train
46558,train
46559,train
46560,train
46561,train
46562,test
46563,train
46564,train
46565,train
46566,train
46567,test
46568,train
46569,train
46570,train
46571,test
46572,test
46573,test
46574,train
46575,test
46576,train
46577,train
46578,train
46579,train
46580,train
46581,train
46582,train
46583,train
46584,train
46585,train
46586,train
46587,test
46588,train
46589,train
46590,train
46591,train
46592,train
46593,train
46594,train
46595,train
46596,train
46597,train
46598,test
46599,train
46600,train
46601,train
46602,train
46603,train
46604,train
46605,train
46606,train
46607,test
46608,train
46609,train
46610,train
46611,train
46612,test
46613,train
46614,train
46615,test
46616,train
46617,test
46618,train
46619,train
46620,train
46621,train
46622,train
46623,train
46624,train
46625,train
46626,train
46627,test
46628,test
46629,train
46630,train
46631,train
46632,test
46633,train
46634,train
46635,test
46636,train
46637,train
46638,train
46639,train
46640,train
46641,train
46642,train
46643,train
46644,test
46645,train
46646,train
46647,test
46648,train
46649,train
46650,train
46651,test
46652,train
46653,train
46654,test
46655,train
46656,test
46657,train
46658,train
46659,train
46660,test
46661,train
46662,train
46663,train
46664,train
46665,train
46666,train
46667,train
46668,train
46669,test
46670,train
46671,train
46672,test
46673,train
46674,train
46675,train
46676,train
46677,train
46678,train
46679,train
46680,test
46681,train
46682,train
46683,train
46684,test
46685,train
46686,train
46687,train
46688,test
46689,train
46690,train
46691,train
46692,train
46693,train
46694,test
46695,train
46696,train
46697,test
46698,train
46699,test
46700,train
46701,train
46702,train
46703,train
46704,test
46705,train
46706,train
46707,test
46708,train
46709,test
46710,train
46711,train
46712,train
46713,train
46714,train
46715,train
46716,test
46717,test
46718,train
46719,train
46720,train
46721,train
46722,test
46723,train
46724,test
46725,train
46726,train
46727,train
46728,train
46729,train
46730,train
46731,train
46732,train
46733,train
46734,test
46735,train
46736,train
46737,train
46738,test
46739,test
46740,train
46741,train
46742,train
46743,train
46744,test
46745,train
46746,train
46747,test
46748,train
46749,test
46750,train
46751,test
46752,train
46753,test
46754,train
46755,test
46756,train
46757,train
46758,train
46759,train
46760,train
46761,train
46762,train
46763,train
46764,train
46765,train
46766,train
46767,train
46768,train
46769,train
46770,test
46771,train
46772,test
46773,train
46774,train
46775,test
46776,train
46777,train
46778,train
46779,test
46780,train
46781,train
46782,train
46783,train
46784,train
46785,train
46786,train
46787,train
46788,train
46789,test
46790,test
46791,test
46792,train
46793,train
46794,train
46795,train
46796,test
46797,train
46798,test
46799,train
46800,train
46801,train
46802,train
46803,train
46804,train
46805,test
46806,test
46807,train
46808,train
46809,train
46810,train
46811,train
46812,train
46813,train
46814,train
46815,train
46816,train
46817,train
46818,train
46819,train
46820,train
46821,train
46822,test
46823,train
46824,train
46825,train
46826,train
46827,train
46828,train
46829,train
46830,test
46831,train
46832,train
46833,train
46834,train
46835,train
46836,train
46837,train
46838,train
46839,train
46840,train
46841,train
46842,train
46843,train
46844,train
46845,train
46846,train
46847,train
46848,test
46849,train
46850,train
46851,train
46852,train
46853,train
46854,train
46855,train
46856,test
46857,train
46858,test
46859,train
46860,train
46861,train
46862,train
46863,test
46864,train
46865,train
46866,train
46867,train
46868,train
46869,train
46870,test
46871,train
46872,train
46873,train
46874,train
46875,test
46876,train
46877,train
46878,train
46879,train
46880,train
46881,train
46882,test
46883,train
46884,test
46885,train
46886,test
46887,train
46888,test
46889,train
46890,train
46891,train
46892,train
46893,train
46894,train
46895,train
46896,train
46897,test
46898,train
46899,test
46900,train
46901,train
46902,train
46903,train
46904,train
46905,test
46906,train
46907,train
46908,train
46909,train
46910,train
46911,train
46912,train
46913,train
46914,train
46915,train
46916,train
46917,train
46918,train
46919,train
46920,train
46921,train
46922,train
46923,train
46924,train
46925,train
46926,train
46927,test
46928,train
46929,train
46930,train
46931,train
46932,train
46933,train
46934,train
46935,train
46936,train
46937,test
46938,train
46939,train
46940,train
46941,test
46942,test
46943,train
46944,train
46945,train
46946,train
46947,train
46948,test
46949,train
46950,train
46951,train
46952,train
46953,train
46954,train
46955,train
46956,train
46957,train
46958,train
46959,train
46960,train
46961,train
46962,train
46963,train
46964,test
46965,train
46966,train
46967,test
46968,test
46969,train
46970,train
46971,train
46972,train
46973,train
46974,train
46975,test
46976,test
46977,test
46978,train
46979,train
46980,train
46981,train
46982,train
46983,train
46984,test
46985,train
46986,train
46987,train
46988,train
46989,train
46990,test
46991,train
46992,train
46993,train
46994,train
46995,train
46996,train
46997,train
46998,test
46999,train
47000,train
47001,train
47002,train
47003,test
47004,train
47005,test
47006,test
47007,train
47008,train
47009,train
47010,train
47011,train
47012,train
47013,train
47014,test
47015,train
47016,train
47017,train
47018,train
47019,train
47020,train
47021,train
47022,train
47023,test
47024,test
47025,train
47026,train
47027,train
47028,train
47029,train
47030,train
47031,train
47032,train
47033,test
47034,train
47035,train
47036,test
47037,train
47038,train
47039,train
47040,test
47041,test
47042,train
47043,train
47044,test
47045,train
47046,train
47047,train
47048,train
47049,train
47050,train
47051,train
47052,train
47053,test
47054,train
47055,train
47056,train
47057,test
47058,train
47059,test
47060,train
47061,train
47062,train
47063,train
47064,train
47065,test
47066,train
47067,train
47068,train
47069,train
47070,train
47071,test
47072,train
47073,train
47074,train
47075,train
47076,train
47077,train
47078,train
47079,train
47080,train
47081,train
47082,test
47083,train
47084,train
47085,train
47086,test
47087,train
47088,test
47089,train
47090,test
47091,train
47092,test
47093,train
47094,test
47095,train
47096,train
47097,train
47098,train
47099,train
47100,test
47101,train
47102,train
47103,train
47104,train
47105,test
47106,train
47107,train
47108,train
47109,train
47110,train
47111,train
47112,train
47113,test
47114,train
47115,train
47116,train
47117,train
47118,train
47119,train
47120,train
47121,train
47122,train
47123,train
47124,train
47125,train
47126,train
47127,train
47128,train
47129,train
47130,train
47131,train
47132,train
47133,train
47134,train
47135,train
47136,test
47137,train
47138,train
47139,train
47140,test
47141,test
47142,train
47143,train
47144,train
47145,train
47146,train
47147,test
47148,train
47149,train
47150,train
47151,train
47152,test
47153,train
47154,train
47155,train
47156,train
47157,train
47158,train
47159,train
47160,train
47161,train
47162,test
47163,train
47164,test
47165,train
47166,train
47167,train
47168,train
47169,train
47170,train
47171,train
47172,train
47173,train
47174,train
47175,train
47176,train
47177,train
47178,train
47179,train
47180,test
47181,train
47182,train
47183,train
47184,train
47185,train
47186,train
47187,train
47188,test
47189,train
47190,train
47191,test
47192,train
47193,train
47194,train
47195,train
47196,train
47197,train
47198,train
47199,train
47200,train
47201,train
47202,test
47203,train
47204,train
47205,train
47206,train
47207,train
47208,train
47209,train
47210,train
47211,train
47212,train
47213,train
47214,test
47215,test
47216,train
47217,train
47218,train
47219,train
47220,train
47221,train
47222,train
47223,train
47224,train
47225,train
47226,train
47227,train
47228,train
47229,train
47230,test
47231,test
47232,train
47233,test
47234,train
47235,test
47236,train
47237,train
47238,train
47239,train
47240,train
47241,train
47242,train
47243,train
47244,train
47245,train
47246,test
47247,test
47248,train
47249,train
47250,train
47251,test
47252,train
47253,train
47254,train
47255,train
47256,train
47257,train
47258,train
47259,train
47260,test
47261,train
47262,train
47263,test
47264,train
47265,test
47266,train
47267,test
47268,train
47269,train
47270,test
47271,train
47272,train
47273,train
47274,test
47275,train
47276,train
47277,train
47278,train
47279,train
47280,test
47281,train
47282,train
47283,train
47284,train
47285,train
47286,train
47287,train
47288,test
47289,train
47290,test
47291,train
47292,test
47293,train
47294,test
47295,test
47296,train
47297,train
47298,train
47299,train
47300,test
47301,test
47302,train
47303,test
47304,train
47305,train
47306,train
47307,train
47308,train
47309,test
47310,train
47311,train
47312,train
47313,train
47314,train
47315,train
47316,test
47317,train
47318,train
47319,train
47320,test
47321,train
47322,train
47323,train
47324,train
47325,train
47326,test
47327,train
47328,train
47329,train
47330,train
47331,train
47332,train
47333,train
47334,train
47335,train
47336,train
47337,train
47338,train
47339,train
47340,train
47341,train
47342,train
47343,train
47344,train
47345,train
47346,train
47347,train
47348,train
47349,train
47350,train
47351,test
47352,test
47353,train
47354,train
47355,train
47356,train
47357,train
47358,test
47359,train
47360,train
47361,train
47362,train
47363,test
47364,train
47365,test
47366,train
47367,train
47368,test
47369,train
47370,train
47371,test
47372,test
47373,train
47374,train
47375,train
47376,test
47377,train
47378,train
47379,train
47380,train
47381,train
47382,test
47383,test
47384,train
47385,test
47386,train
47387,train
47388,train
47389,test
47390,train
47391,train
47392,train
47393,train
47394,train
47395,train
47396,test
47397,test
47398,train
47399,train
47400,train
47401,test
47402,train
47403,train
47404,train
47405,test
47406,train
47407,train
47408,train
47409,train
47410,train
47411,train
47412,train
47413,train
47414,train
47415,train
47416,test
47417,train
47418,train
47419,train
47420,train
47421,train
47422,test
47423,train
47424,test
47425,train
47426,train
47427,train
47428,train
47429,train
47430,train
47431,test
47432,test
47433,test
47434,train
47435,train
47436,test
47437,train
47438,train
47439,train
47440,train
47441,train
47442,train
47443,train
47444,train
47445,train
47446,train
47447,train
47448,train
47449,train
47450,train
47451,train
47452,train
47453,test
47454,train
47455,train
47456,train
47457,train
47458,train
47459,train
47460,test
47461,train
47462,train
47463,train
47464,train
47465,test
47466,train
47467,train
47468,train
47469,test
47470,train
47471,train
47472,train
47473,train
47474,train
47475,test
47476,train
47477,test
47478,test
47479,train
47480,train
47481,train
47482,train
47483,train
47484,test
47485,test
47486,train
47487,test
47488,train
47489,test
47490,train
47491,train
47492,train
47493,train
47494,test
47495,train
47496,train
47497,train
47498,train
47499,train
47500,train
47501,test
47502,train
47503,train
47504,train
47505,train
47506,train
47507,train
47508,train
47509,train
47510,train
47511,test
47512,train
47513,train
47514,test
47515,train
47516,test
47517,train
47518,test
47519,train
47520,train
47521,train
47522,train
47523,train
47524,train
47525,train
47526,train
47527,train
47528,train
47529,train
47530,train
47531,train
47532,train
47533,train
47534,train
47535,train
47536,train
47537,train
47538,test
47539,train
47540,test
47541,train
47542,train
47543,train
47544,train
47545,train
47546,train
47547,train
47548,train
47549,test
47550,train
47551,train
47552,test
47553,train
47554,train
47555,train
47556,train
47557,train
47558,train
47559,test
47560,train
47561,train
47562,test
47563,train
47564,train
47565,test
47566,test
47567,train
47568,test
47569,train
47570,train
47571,train
47572,train
47573,train
47574,train
47575,train
47576,train
47577,train
47578,train
47579,train
47580,train
47581,test
47582,train
47583,train
47584,train
47585,train
47586,train
47587,train
47588,test
47589,train
47590,train
47591,train
47592,train
47593,test
47594,train
47595,train
47596,train
47597,train
47598,train
47599,train
47600,train
47601,test
47602,train
47603,train
47604,test
47605,train
47606,train
47607,train
47608,train
47609,train
47610,train
47611,train
47612,train
47613,train
47614,train
47615,test
47616,train
47617,train
47618,train
47619,train
47620,train
47621,train
47622,train
47623,test
47624,train
47625,train
47626,train
47627,train
47628,train
47629,train
47630,train
47631,train
47632,test
47633,train
47634,train
47635,train
47636,train
47637,train
47638,train
47639,test
47640,train
47641,test
47642,train
47643,train
47644,train
47645,train
47646,test
47647,train
47648,train
47649,train
47650,train
47651,train
47652,train
47653,train
47654,train
47655,train
47656,train
47657,train
47658,train
47659,train
47660,test
47661,train
47662,train
47663,train
47664,train
47665,test
47666,train
47667,train
47668,train
47669,train
47670,train
47671,train
47672,test
47673,train
47674,test
47675,train
47676,train
47677,train
47678,train
47679,train
47680,train
47681,test
47682,train
47683,train
47684,train
47685,train
47686,train
47687,train
47688,train
47689,train
47690,train
47691,train
47692,train
47693,train
47694,train
47695,test
47696,train
47697,train
47698,test
47699,test
47700,train
47701,train
47702,train
47703,train
47704,train
47705,train
47706,test
47707,train
47708,test
47709,train
47710,train
47711,test
47712,train
47713,train
47714,train
47715,train
47716,train
47717,train
47718,train
47719,train
47720,train
47721,train
47722,train
47723,train
47724,train
47725,train
47726,train
47727,train
47728,train
47729,train
47730,train
47731,train
47732,train
47733,train
47734,train
47735,train
47736,train
47737,train
47738,train
47739,train
47740,test
47741,train
47742,train
47743,test
47744,train
47745,train
47746,train
47747,train
47748,train
47749,train
47750,train
47751,test
47752,train
47753,train
47754,train
47755,train
47756,test
47757,train
47758,train
47759,train
47760,train
47761,train
47762,train
47763,train
47764,train
47765,train
47766,test
47767,test
47768,train
47769,train
47770,train
47771,train
47772,train
47773,train
47774,train
47775,train
47776,train
47777,train
47778,train
47779,train
47780,train
47781,train
47782,test
47783,train
47784,train
47785,train
47786,test
47787,train
47788,train
47789,train
47790,train
47791,train
47792,train
47793,train
47794,train
47795,train
47796,train
47797,train
47798,train
47799,train
47800,train
47801,train
47802,train
47803,train
47804,test
47805,train
47806,train
47807,train
47808,test
47809,train
47810,train
47811,train
47812,train
47813,train
47814,test
47815,train
47816,test
47817,train
47818,train
47819,test
47820,train
47821,train
47822,test
47823,train
47824,train
47825,train
47826,train
47827,train
47828,train
47829,train
47830,train
47831,train
47832,train
47833,train
47834,test
47835,train
47836,test
47837,train
47838,train
47839,train
47840,train
47841,train
47842,train
47843,train
47844,train
47845,test
47846,train
47847,train
47848,train
47849,train
47850,test
47851,train
47852,train
47853,train
47854,train
47855,train
47856,train
47857,train
47858,train
47859,train
47860,test
47861,train
47862,train
47863,train
47864,train
47865,train
47866,train
47867,train
47868,train
47869,test
47870,train
47871,train
47872,test
47873,train
47874,test
47875,train
47876,test
47877,test
47878,train
47879,train
47880,train
47881,train
47882,test
47883,test
47884,train
47885,train
47886,train
47887,train
47888,test
47889,train
47890,train
47891,train
47892,train
47893,train
47894,test
47895,train
47896,train
47897,train
47898,train
47899,train
47900,train
47901,train
47902,train
47903,train
47904,train
47905,train
47906,train
47907,train
47908,train
47909,test
47910,train
47911,train
47912,train
47913,train
47914,train
47915,train
47916,train
47917,train
47918,train
47919,train
47920,train
47921,train
47922,train
47923,train
47924,train
47925,train
47926,train
47927,train
47928,train
47929,train
47930,train
47931,train
47932,train
47933,train
47934,train
47935,train
47936,train
47937,train
47938,train
47939,train
47940,train
47941,train
47942,train
47943,train
47944,train
47945,train
47946,train
47947,train
47948,train
47949,test
47950,train
47951,test
47952,train
47953,train
47954,train
47955,train
47956,test
47957,train
47958,train
47959,train
47960,train
47961,train
47962,train
47963,train
47964,train
47965,train
47966,train
47967,train
47968,train
47969,test
47970,train
47971,train
47972,train
47973,test
47974,train
47975,train
47976,train
47977,test
47978,train
47979,train
47980,train
47981,test
47982,train
47983,train
47984,test
47985,test
47986,test
47987,train
47988,train
47989,train
47990,train
47991,train
47992,train
47993,train
47994,test
47995,train
47996,train
47997,test
47998,train
47999,train
48000,train
48001,train
48002,train
48003,train
48004,train
48005,train
48006,train
48007,test
48008,test
48009,train
48010,train
48011,train
48012,train
48013,train
48014,train
48015,train
48016,train
48017,train
48018,train
48019,train
48020,train
48021,train
48022,test
48023,train
48024,train
48025,train
48026,test
48027,train
48028,train
48029,test
48030,train
48031,test
48032,train
48033,train
48034,train
48035,train
48036,test
48037,train
48038,train
48039,train
48040,train
48041,train
48042,train
48043,train
48044,train
48045,train
48046,test
48047,train
48048,train
48049,train
48050,train
48051,train
48052,train
48053,test
48054,train
48055,train
48056,train
48057,train
48058,train
48059,train
48060,train
48061,train
48062,train
48063,train
48064,train
48065,train
48066,train
48067,train
48068,train
48069,train
48070,train
48071,test
48072,train
48073,train
48074,train
48075,train
48076,test
48077,train
48078,train
48079,train
48080,train
48081,test
48082,train
48083,train
48084,train
48085,train
48086,train
48087,test
48088,train
48089,train
48090,train
48091,test
48092,train
48093,train
48094,train
48095,train
48096,train
48097,train
48098,test
48099,train
48100,train
48101,train
48102,test
48103,test
48104,train
48105,train
48106,train
48107,test
48108,train
48109,test
48110,test
48111,train
48112,train
48113,test
48114,train
48115,train
48116,train
48117,train
48118,train
48119,train
48120,train
48121,train
48122,train
48123,train
48124,train
48125,train
48126,train
48127,test
48128,train
48129,train
48130,train
48131,train
48132,train
48133,train
48134,train
48135,train
48136,test
48137,train
48138,train
48139,train
48140,train
48141,train
48142,train
48143,train
48144,train
48145,train
48146,train
48147,test
48148,train
48149,train
48150,train
48151,test
48152,train
48153,train
48154,train
48155,train
48156,train
48157,train
48158,train
48159,train
48160,train
48161,train
48162,train
48163,train
48164,train
48165,test
48166,train
48167,test
48168,test
48169,train
48170,train
48171,train
48172,test
48173,train
48174,test
48175,train
48176,test
48177,train
48178,train
48179,train
48180,train
48181,test
48182,train
48183,test
48184,train
48185,test
48186,train
48187,train
48188,train
48189,train
48190,test
48191,test
48192,test
48193,train
48194,train
48195,train
48196,train
48197,test
48198,train
48199,train
48200,train
48201,train
48202,train
48203,train
48204,train
48205,train
48206,train
48207,train
48208,test
48209,test
48210,test
48211,test
48212,train
48213,train
48214,train
48215,train
48216,train
48217,train
48218,train
48219,train
48220,test
48221,train
48222,train
48223,test
48224,test
48225,test
48226,train
48227,train
48228,train
48229,train
48230,train
48231,train
48232,train
48233,train
48234,train
48235,train
48236,train
48237,train
48238,train
48239,train
48240,train
48241,train
48242,train
48243,train
48244,train
48245,test
48246,train
48247,train
48248,test
48249,test
48250,train
48251,train
48252,train
48253,test
48254,test
48255,train
48256,train
48257,train
48258,train
48259,train
48260,train
48261,train
48262,train
48263,train
48264,train
48265,train
48266,test
48267,train
48268,train
48269,train
48270,test
48271,train
48272,train
48273,test
48274,test
48275,test
48276,train
48277,train
48278,test
48279,test
48280,test
48281,test
48282,train
48283,train
48284,test
48285,train
48286,test
48287,train
48288,train
48289,train
48290,train
48291,train
48292,train
48293,test
48294,train
48295,train
48296,test
48297,train
48298,train
48299,train
48300,train
48301,train
48302,test
48303,train
48304,train
48305,train
48306,train
48307,test
48308,train
48309,test
48310,train
48311,test
48312,train
48313,train
48314,train
48315,train
48316,train
48317,train
48318,test
48319,test
48320,train
48321,train
48322,train
48323,train
48324,test
48325,train
48326,train
48327,train
48328,train
48329,train
48330,train
48331,train
48332,train
48333,train
48334,train
48335,train
48336,train
48337,train
48338,train
48339,train
48340,train
48341,train
48342,train
48343,train
48344,train
48345,test
48346,train
48347,train
48348,train
48349,train
48350,train
48351,test
48352,train
48353,train
48354,train
48355,train
48356,train
48357,train
48358,train
48359,train
48360,train
48361,train
48362,train
48363,train
48364,train
48365,test
48366,test
48367,test
48368,test
48369,train
48370,train
48371,train
48372,train
48373,train
48374,test
48375,train
48376,train
48377,train
48378,train
48379,train
48380,test
48381,train
48382,train
48383,train
48384,test
48385,train
48386,test
48387,train
48388,train
48389,train
48390,train
48391,train
48392,train
48393,train
48394,train
48395,train
48396,train
48397,train
48398,train
48399,train
48400,train
48401,train
48402,train
48403,train
48404,train
48405,train
48406,train
48407,train
48408,train
48409,train
48410,train
48411,test
48412,test
48413,train
48414,test
48415,test
48416,train
48417,test
48418,train
48419,test
48420,test
48421,train
48422,train
48423,train
48424,train
48425,train
48426,train
48427,train
48428,train
48429,train
48430,train
48431,train
48432,test
48433,train
48434,test
48435,train
48436,train
48437,train
48438,train
48439,test
48440,test
48441,train
48442,test
48443,train
48444,train
48445,train
48446,train
48447,train
48448,train
48449,train
48450,train
48451,test
48452,train
48453,train
48454,test
48455,train
48456,train
48457,test
48458,train
48459,train
48460,train
48461,train
48462,train
48463,train
48464,train
48465,train
48466,train
48467,train
48468,train
48469,train
48470,train
48471,train
48472,test
48473,train
48474,test
48475,test
48476,train
48477,train
48478,train
48479,test
48480,train
48481,test
48482,train
48483,train
48484,train
48485,train
48486,test
48487,train
48488,train
48489,train
48490,train
48491,train
48492,train
48493,train
48494,train
48495,train
48496,train
48497,test
48498,train
48499,train
48500,train
48501,train
48502,train
48503,test
48504,train
48505,train
48506,train
48507,train
48508,test
48509,train
48510,train
48511,test
48512,train
48513,train
48514,train
48515,train
48516,train
48517,train
48518,train
48519,train
48520,train
48521,train
48522,train
48523,train
48524,train
48525,train
48526,train
48527,train
48528,train
48529,train
48530,train
48531,test
48532,train
48533,train
48534,train
48535,train
48536,train
48537,train
48538,train
48539,train
48540,test
48541,test
48542,test
48543,train
48544,test
48545,test
48546,test
48547,train
48548,train
48549,train
48550,test
48551,train
48552,train
48553,train
48554,train
48555,train
48556,train
48557,train
48558,train
48559,test
48560,test
48561,train
48562,train
48563,train
48564,train
48565,train
48566,train
48567,train
48568,train
48569,test
48570,train
48571,train
48572,train
48573,test
48574,test
48575,test
48576,train
48577,train
48578,train
48579,train
48580,train
48581,test
48582,train
48583,train
48584,train
48585,train
48586,train
48587,train
48588,train
48589,test
48590,test
48591,train
48592,train
48593,train
48594,train
48595,train
48596,train
48597,train
48598,test
48599,train
48600,train
48601,train
48602,train
48603,train
48604,train
48605,train
48606,train
48607,train
48608,train
48609,train
48610,train
48611,train
48612,train
48613,train
48614,train
48615,train
48616,train
48617,train
48618,train
48619,train
48620,train
48621,test
48622,train
48623,train
48624,train
48625,train
48626,train
48627,test
48628,train
48629,test
48630,train
48631,train
48632,train
48633,test
48634,train
48635,train
48636,test
48637,train
48638,train
48639,train
48640,train
48641,train
48642,train
48643,train
48644,test
48645,train
48646,train
48647,train
48648,train
48649,train
48650,test
48651,test
48652,train
48653,train
48654,train
48655,train
48656,train
48657,train
48658,train
48659,test
48660,train
48661,train
48662,test
48663,train
48664,train
48665,train
48666,train
48667,train
48668,train
48669,train
48670,train
48671,train
48672,train
48673,train
48674,train
48675,train
48676,test
48677,train
48678,train
48679,train
48680,train
48681,test
48682,train
48683,test
48684,train
48685,train
48686,test
48687,train
48688,test
48689,train
48690,train
48691,train
48692,test
48693,train
48694,train
48695,train
48696,train
48697,train
48698,train
48699,test
48700,train
48701,test
48702,test
48703,train
48704,test
48705,test
48706,train
48707,train
48708,train
48709,train
48710,train
48711,train
48712,train
48713,train
48714,train
48715,train
48716,train
48717,train
48718,train
48719,train
48720,train
48721,train
48722,train
48723,test
48724,train
48725,train
48726,train
48727,train
48728,train
48729,test
48730,train
48731,test
48732,train
48733,train
48734,train
48735,train
48736,train
48737,train
48738,test
48739,train
48740,train
48741,train
48742,train
48743,train
48744,train
48745,train
48746,train
48747,test
48748,train
48749,test
48750,train
48751,train
48752,train
48753,train
48754,train
48755,test
48756,train
48757,train
48758,train
48759,train
48760,train
48761,train
48762,train
48763,train
48764,train
48765,train
48766,train
48767,train
48768,train
48769,train
48770,train
48771,train
48772,train
48773,train
48774,train
48775,train
48776,test
48777,train
48778,train
48779,test
48780,train
48781,train
48782,train
48783,train
48784,train
48785,train
48786,train
48787,train
48788,train
48789,train
48790,train
48791,test
48792,test
48793,test
48794,train
48795,train
48796,train
48797,test
48798,train
48799,train
48800,train
48801,train
48802,train
48803,train
48804,test
48805,train
48806,train
48807,train
48808,train
48809,test
48810,train
48811,test
48812,train
48813,train
48814,train
48815,train
48816,test
48817,train
48818,test
48819,train
48820,test
48821,train
48822,train
48823,train
48824,test
48825,train
48826,train
48827,train
48828,train
48829,train
48830,train
48831,train
48832,train
48833,test
48834,train
48835,train
48836,train
48837,train
48838,train
48839,train
48840,test
48841,test
48842,test
48843,train
48844,train
48845,train
48846,train
48847,train
48848,train
48849,train
48850,train
48851,train
48852,train
48853,train
48854,train
48855,train
48856,test
48857,train
48858,train
48859,train
48860,test
48861,train
48862,test
48863,test
48864,train
48865,test
48866,test
48867,train
48868,train
48869,test
48870,train
48871,train
48872,train
48873,test
48874,train
48875,train
48876,train
48877,train
48878,train
48879,train
48880,test
48881,test
48882,train
48883,train
48884,train
48885,test
48886,test
48887,train
48888,train
48889,test
48890,train
48891,train
48892,train
48893,test
48894,test
48895,train
48896,train
48897,train
48898,train
48899,train
48900,test
48901,test
48902,train
48903,train
48904,train
48905,test
48906,train
48907,train
48908,train
48909,train
48910,train
48911,test
48912,train
48913,train
48914,train
48915,train
48916,train
48917,train
48918,test
48919,train
48920,test
48921,train
48922,train
48923,test
48924,train
48925,train
48926,train
48927,test
48928,test
48929,train
48930,test
48931,train
48932,train
48933,train
48934,train
48935,train
48936,train
48937,train
48938,train
48939,train
48940,train
48941,train
48942,train
48943,test
48944,train
48945,train
48946,test
48947,train
48948,train
48949,test
48950,train
48951,train
48952,train
48953,train
48954,train
48955,test
48956,train
48957,train
48958,train
48959,train
48960,train
48961,test
48962,train
48963,train
48964,train
48965,train
48966,test
48967,train
48968,test
48969,train
48970,train
48971,train
48972,train
48973,train
48974,train
48975,train
48976,train
48977,train
48978,train
48979,train
48980,train
48981,train
48982,test
48983,test
48984,train
48985,train
48986,train
48987,train
48988,test
48989,train
48990,train
48991,train
48992,test
48993,train
48994,train
48995,train
48996,train
48997,train
48998,train
48999,train
49000,train
49001,train
49002,test
49003,train
49004,test
49005,test
49006,test
49007,test
49008,test
49009,test
49010,train
49011,train
49012,train
49013,test
49014,train
49015,test
49016,train
49017,train
49018,train
49019,train
49020,train
49021,train
49022,train
49023,test
49024,test
49025,train
49026,test
49027,train
49028,test
49029,train
49030,train
49031,train
49032,train
49033,train
49034,train
49035,train
49036,test
49037,train
49038,train
49039,test
49040,train
49041,test
49042,train
49043,train
49044,train
49045,train
49046,train
49047,test
49048,test
49049,train
49050,train
49051,train
49052,test
49053,train
49054,train
49055,test
49056,train
49057,train
49058,test
49059,train
49060,train
49061,train
49062,train
49063,train
49064,test
49065,train
49066,train
49067,train
49068,train
49069,train
49070,test
49071,train
49072,test
49073,train
49074,train
49075,train
49076,train
49077,train
49078,train
49079,train
49080,train
49081,test
49082,train
49083,train
49084,train
49085,train
49086,train
49087,train
49088,test
49089,test
49090,test
49091,test
49092,test
49093,train
49094,train
49095,test
49096,train
49097,train
49098,train
49099,train
49100,test
49101,test
49102,train
49103,train
49104,train
49105,train
49106,train
49107,train
49108,train
49109,train
49110,train
49111,train
49112,test
49113,train
49114,train
49115,train
49116,train
49117,train
49118,train
49119,train
49120,train
49121,train
49122,train
49123,train
49124,train
49125,train
49126,train
49127,train
49128,train
49129,test
49130,test
49131,train
49132,train
49133,train
49134,train
49135,test
49136,train
49137,train
49138,train
49139,train
49140,train
49141,test
49142,train
49143,train
49144,train
49145,train
49146,train
49147,train
49148,train
49149,train
49150,train
49151,train
49152,train
49153,train
49154,train
49155,test
49156,train
49157,train
49158,train
49159,test
49160,train
49161,train
49162,train
49163,train
49164,train
49165,test
49166,train
49167,test
49168,train
49169,train
49170,train
49171,train
49172,train
49173,train
49174,train
49175,train
49176,train
49177,train
49178,train
49179,test
49180,train
49181,test
49182,train
49183,train
49184,train
49185,train
49186,train
49187,train
49188,train
49189,train
49190,train
49191,train
49192,test
49193,train
49194,train
49195,train
49196,test
49197,train
49198,train
49199,train
49200,test
49201,train
49202,train
49203,train
49204,test
49205,test
49206,train
49207,train
49208,train
49209,train
49210,train
49211,train
49212,train
49213,train
49214,test
49215,train
49216,test
49217,train
49218,train
49219,train
49220,train
49221,train
49222,test
49223,train
49224,train
49225,train
49226,test
49227,test
49228,test
49229,train
49230,train
49231,train
49232,train
49233,test
49234,train
49235,train
49236,train
49237,train
49238,train
49239,train
49240,train
49241,test
49242,train
49243,train
49244,train
49245,test
49246,train
49247,train
49248,train
49249,train
49250,train
49251,train
49252,train
49253,test
49254,train
49255,test
49256,test
49257,train
49258,train
49259,train
49260,train
49261,train
49262,train
49263,test
49264,train
49265,test
49266,train
49267,test
49268,train
49269,train
49270,train
49271,train
49272,test
49273,train
49274,test
49275,train
49276,train
49277,train
49278,train
49279,test
49280,train
49281,train
49282,test
49283,train
49284,train
49285,train
49286,test
49287,test
49288,train
49289,train
49290,train
49291,train
49292,train
49293,train
49294,train
49295,train
49296,train
49297,train
49298,train
49299,train
49300,train
49301,train
49302,test
49303,train
49304,train
49305,train
49306,train
49307,train
49308,train
49309,train
49310,test
49311,train
49312,train
49313,train
49314,train
49315,train
49316,train
49317,train
49318,train
49319,train
49320,train
49321,train
49322,train
49323,test
49324,train
49325,train
49326,train
49327,train
49328,train
49329,test
49330,train
49331,train
49332,train
49333,train
49334,train
49335,train
49336,test
49337,train
49338,train
49339,test
49340,train
49341,train
49342,train
49343,train
49344,test
49345,train
49346,train
49347,train
49348,train
49349,train
49350,train
49351,train
49352,train
49353,test
49354,test
49355,train
49356,train
49357,train
49358,train
49359,train
49360,train
49361,train
49362,test
49363,test
49364,train
49365,train
49366,train
49367,train
49368,train
49369,train
49370,train
49371,test
49372,train
49373,test
49374,train
49375,test
49376,train
49377,test
49378,test
49379,train
49380,train
49381,train
49382,train
49383,test
49384,train
49385,test
49386,train
49387,test
49388,test
49389,test
49390,train
49391,train
49392,train
49393,train
49394,train
49395,train
49396,train
49397,train
49398,test
49399,train
49400,train
49401,train
49402,train
49403,train
49404,train
49405,train
49406,train
49407,test
49408,train
49409,train
49410,train
49411,train
49412,train
49413,train
49414,train
49415,train
49416,train
49417,train
49418,train
49419,train
49420,train
49421,test
49422,train
49423,train
49424,train
49425,test
49426,test
49427,train
49428,train
49429,train
49430,test
49431,train
49432,train
49433,train
49434,train
49435,train
49436,test
49437,train
49438,test
49439,train
49440,train
49441,train
49442,train
49443,train
49444,train
49445,train
49446,train
49447,train
49448,test
49449,train
49450,train
49451,train
49452,train
49453,train
49454,train
49455,train
49456,train
49457,test
49458,train
49459,train
49460,train
49461,train
49462,train
49463,train
49464,train
49465,train
49466,train
49467,train
49468,train
49469,test
49470,train
49471,train
49472,train
49473,train
49474,train
49475,train
49476,train
49477,train
49478,train
49479,train
49480,train
49481,train
49482,train
49483,train
49484,test
49485,train
49486,train
49487,train
49488,train
49489,train
49490,train
49491,train
49492,train
49493,test
49494,train
49495,train
49496,train
49497,test
49498,train
49499,train
49500,test
49501,train
49502,test
49503,test
49504,train
49505,train
49506,train
49507,train
49508,train
49509,train
49510,test
49511,train
49512,train
49513,train
49514,train
49515,train
49516,train
49517,train
49518,train
49519,train
49520,train
49521,train
49522,train
49523,test
49524,train
49525,train
49526,train
49527,train
49528,train
49529,train
49530,train
49531,train
49532,train
49533,train
49534,train
49535,train
49536,test
49537,test
49538,train
49539,test
49540,train
49541,train
49542,train
49543,train
49544,train
49545,train
49546,train
49547,test
49548,train
49549,train
49550,train
49551,train
49552,test
49553,train
49554,train
49555,train
49556,train
49557,train
49558,test
49559,train
49560,test
49561,train
49562,test
49563,test
49564,train
49565,train
49566,train
49567,train
49568,train
49569,test
49570,train
49571,test
49572,train
49573,train
49574,train
49575,train
49576,train
49577,train
49578,test
49579,train
49580,train
49581,train
49582,test
49583,train
49584,test
49585,test
49586,test
49587,train
49588,train
49589,train
49590,train
49591,train
49592,train
49593,train
49594,train
49595,train
49596,train
49597,train
49598,train
49599,train
49600,train
49601,train
49602,test
49603,train
49604,train
49605,train
49606,test
49607,train
49608,train
49609,test
49610,train
49611,test
49612,test
49613,train
49614,train
49615,train
49616,train
49617,train
49618,train
49619,train
49620,train
49621,train
49622,train
49623,train
49624,train
49625,train
49626,train
49627,train
49628,test
49629,train
49630,train
49631,train
49632,test
49633,train
49634,train
49635,train
49636,train
49637,train
49638,test
49639,train
49640,test
49641,train
49642,train
49643,train
49644,train
49645,train
49646,test
49647,train
49648,test
49649,train
49650,test
49651,train
49652,test
49653,train
49654,train
49655,test
49656,test
49657,train
49658,train
49659,train
49660,train
49661,train
49662,train
49663,train
49664,test
49665,train
49666,test
49667,train
49668,train
49669,train
49670,test
49671,train
49672,test
49673,train
49674,train
49675,train
49676,train
49677,train
49678,train
49679,train
49680,train
49681,train
49682,train
49683,train
49684,train
49685,train
49686,train
49687,train
49688,train
49689,train
49690,train
49691,test
49692,train
49693,train
49694,train
49695,train
49696,train
49697,test
49698,train
49699,test
49700,train
49701,train
49702,train
49703,train
49704,test
49705,test
49706,test
49707,test
49708,train
49709,train
49710,train
49711,train
49712,test
49713,train
49714,train
49715,train
49716,test
49717,train
49718,train
49719,train
49720,train
49721,train
49722,train
49723,test
49724,test
49725,train
49726,test
49727,train
49728,test
49729,train
49730,train
49731,train
49732,test
49733,train
49734,train
49735,train
49736,train
49737,train
49738,test
49739,train
49740,train
49741,test
49742,train
49743,train
49744,train
49745,train
49746,train
49747,train
49748,train
49749,train
49750,test
49751,train
49752,test
49753,train
49754,train
49755,train
49756,train
49757,train
49758,test
49759,train
49760,train
49761,test
49762,train
49763,train
49764,train
49765,train
49766,train
49767,train
49768,train
49769,train
49770,train
49771,train
49772,train
49773,train
49774,train
49775,train
49776,train
49777,train
49778,test
49779,train
49780,train
49781,test
49782,train
49783,train
49784,test
49785,train
49786,test
49787,train
49788,train
49789,train
49790,train
49791,train
49792,test
49793,train
49794,train
49795,train
49796,train
49797,test
49798,train
49799,train
49800,train
49801,train
49802,test
49803,train
49804,train
49805,train
49806,train
49807,train
49808,train
49809,train
49810,train
49811,train
49812,train
49813,train
49814,train
49815,train
49816,test
49817,train
49818,train
49819,train
49820,test
49821,train
49822,test
49823,test
49824,train
49825,train
49826,test
49827,train
49828,train
49829,train
49830,train
49831,train
49832,train
49833,train
49834,train
49835,train
49836,train
49837,train
49838,train
49839,test
49840,train
49841,train
49842,train
49843,test
49844,train
49845,train
49846,train
49847,train
49848,train
49849,train
49850,test
49851,train
49852,train
49853,test
49854,test
49855,test
49856,train
49857,train
49858,train
49859,train
49860,train
49861,train
49862,test
49863,train
49864,train
49865,train
49866,train
49867,test
49868,train
49869,train
49870,test
49871,train
49872,train
49873,train
49874,train
49875,train
49876,test
49877,train
49878,train
49879,train
49880,train
49881,train
49882,train
49883,train
49884,train
49885,train
49886,train
49887,train
49888,train
49889,train
49890,train
49891,train
49892,train
49893,train
49894,train
49895,train
49896,train
49897,train
49898,train
49899,train
49900,train
49901,train
49902,train
49903,train
49904,train
49905,test
49906,train
49907,train
49908,test
49909,train
49910,train
49911,train
49912,train
49913,train
49914,train
49915,train
49916,train
49917,train
49918,train
49919,train
49920,test
49921,test
49922,train
49923,train
49924,train
49925,train
49926,train
49927,train
49928,train
49929,test
49930,train
49931,train
49932,test
49933,train
49934,train
49935,train
49936,train
49937,test
49938,test
49939,train
49940,train
49941,train
49942,train
49943,train
49944,train
49945,train
49946,test
49947,train
49948,train
49949,test
49950,train
49951,train
49952,train
49953,train
49954,train
49955,train
49956,train
49957,train
49958,train
49959,test
49960,train
49961,test
49962,train
49963,train
49964,train
49965,train
49966,train
49967,train
49968,train
49969,test
49970,train
49971,train
49972,train
49973,train
49974,train
49975,test
49976,train
49977,train
49978,test
49979,test
49980,test
49981,test
49982,train
49983,train
49984,train
49985,train
49986,test
49987,train
49988,train
49989,train
49990,train
49991,train
49992,train
49993,train
49994,train
49995,train
49996,train
49997,train
49998,train
49999,train
