filename,architecture,dataset,experiment,method,budget,seed,checkpoint_rule,epoch,sha256,size,provenance,release_status,source_sha256,source_file
dataset_specific_ae_reconstruction_full_seed0_final.pth,ConvAE,CIFAR-100,dataset_specific_ae,reconstruction,,0,final_epoch_50,50,af3947cec03bb92d196136cee7c0bd33f34cd859537761a59e22abdf493526ea,1630788,AUTHOR_CREATED; saved by run_cifar100_dataset_specific_ae_proxy.py; manifest seed=0 epochs=50; tensor-only export removes optimizer/config/private paths; exact tensor equality verified,TENSOR_VERIFIED_PUBLIC_RELEASE,f763f77a9bea677a4eee55223577548c33dff74ed19e62e2155578d108e65f95,NeurIPS/results/cifar100_dataset_specific_proxy/checkpoints/cifar100_conv_ae_seed0.pt
cifar100_balanced_controls_balanced_gen_hard_budget10_seed4_final.pth,timm ResNet-18 (strict CPU load verified),CIFAR-100,cifar100_balanced_controls,balanced_Gen-Hard,0.1,4,final_epoch_200,200,47bf137023c150006a15a2920aca8946bff95979d9443adf4535dfbb22b64028,44994698,AUTHOR_CREATED; weights=None/False in recovered alpha runner; final-epoch file naming; raw endpoint matches final-paper seed table or balanced result record; tensor-only export removes optimizer/config/private paths; exact tensor equality verified,TENSOR_VERIFIED_PUBLIC_RELEASE,8770fb226fec77f91df0e78de60365c953bdaca6fe4b360d825975f8f867b791,NeurIPS/results/cifar100_balanced_controls_seed_extended_min5/new_seed_runs/raw/models/cifar100_budget0.10_K5000_seed4_balanced_Gen-Hard.pth
cifar100_balanced_controls_balanced_disc_hard_budget30_seed3_final.pth,timm ResNet-18 (strict CPU load verified),CIFAR-100,cifar100_balanced_controls,balanced_Disc-Hard,0.3,3,final_epoch_200,200,5512c423db58f37185d6e0fce7307e8fb68b33f40314bfaa4923c02566778ff6,44994888,AUTHOR_CREATED; weights=None/False in recovered alpha runner; final-epoch file naming; raw endpoint matches final-paper seed table or balanced result record; tensor-only export removes optimizer/config/private paths; exact tensor equality verified,TENSOR_VERIFIED_PUBLIC_RELEASE,bddfe1682972185aa248fb22993959e45e2d95047801636f95e3e121148f5dbd,NeurIPS/results/cifar100_balanced_controls_seed_extended_min5/new_seed_runs/raw/models/cifar100_budget0.30_K15000_seed3_balanced_Disc-Hard.pth
cifar100_balanced_controls_balanced_random_budget10_seed4_final.pth,timm ResNet-18 (strict CPU load verified),CIFAR-100,cifar100_balanced_controls,balanced_Random,0.1,4,final_epoch_200,200,fa0bc43ee73781e858d8a8b4b5a67d49701db6509d52055b2920849ae8afe0a1,44994254,AUTHOR_CREATED; weights=None/False in recovered alpha runner; final-epoch file naming; raw endpoint matches final-paper seed table or balanced result record; tensor-only export removes optimizer/config/private paths; exact tensor equality verified,TENSOR_VERIFIED_PUBLIC_RELEASE,18d6747506c36928e8d68e96700db370d3d3ddce4e8fd50d12ddf971600c9939,NeurIPS/results/cifar100_balanced_controls_seed_extended_min5/new_seed_runs/raw/models/cifar100_budget0.10_K5000_seed4_balanced_Random.pth
cifar100_balanced_controls_balanced_gen_hard_budget30_seed3_final.pth,timm ResNet-18 (strict CPU load verified),CIFAR-100,cifar100_balanced_controls,balanced_Gen-Hard,0.3,3,final_epoch_200,200,9c65dd404e201c227fad768bac6b6d2f5541c449c54fdab4056581f5c53af1ad,44994698,AUTHOR_CREATED; weights=None/False in recovered alpha runner; final-epoch file naming; raw endpoint matches final-paper seed table or balanced result record; tensor-only export removes optimizer/config/private paths; exact tensor equality verified,TENSOR_VERIFIED_PUBLIC_RELEASE,c1eefbc1a2ea6923294771b7ee728dca6799ea0b7944ace660f56656cfb3011a,NeurIPS/results/cifar100_balanced_controls_seed_extended_min5/new_seed_runs/raw/models/cifar100_budget0.30_K15000_seed3_balanced_Gen-Hard.pth
cifar100_balanced_controls_balanced_random_budget30_seed4_final.pth,timm ResNet-18 (strict CPU load verified),CIFAR-100,cifar100_balanced_controls,balanced_Random,0.3,4,final_epoch_200,200,abf289637ca577faa99fa9e60afef5b3d25923d6166bd8559ddc83ec588c6a42,44994254,AUTHOR_CREATED; weights=None/False in recovered alpha runner; final-epoch file naming; raw endpoint matches final-paper seed table or balanced result record; tensor-only export removes optimizer/config/private paths; exact tensor equality verified,TENSOR_VERIFIED_PUBLIC_RELEASE,29eac22934a67e759259fa2d3f46989072812fd89ccf0c44203d17d5fb2adcd2,NeurIPS/results/cifar100_balanced_controls_seed_extended_min5/new_seed_runs/raw/models/cifar100_budget0.30_K15000_seed4_balanced_Random.pth
cifar100_balanced_controls_balanced_random_budget10_seed3_final.pth,timm ResNet-18 (strict CPU load verified),CIFAR-100,cifar100_balanced_controls,balanced_Random,0.1,3,final_epoch_200,200,14a64a3daac5d6783856200b6230ab0bac8d367e4620492b92c45c51d3752dd2,44994254,AUTHOR_CREATED; weights=None/False in recovered alpha runner; final-epoch file naming; raw endpoint matches final-paper seed table or balanced result record; tensor-only export removes optimizer/config/private paths; exact tensor equality verified,TENSOR_VERIFIED_PUBLIC_RELEASE,997687e6d6e9455b41a5d40df98dda9b7512c09d0c8fced690af828b675ef406,NeurIPS/results/cifar100_balanced_controls_seed_extended_min5/new_seed_runs/raw/models/cifar100_budget0.10_K5000_seed3_balanced_Random.pth
cifar100_balanced_controls_balanced_disc_hard_budget10_seed3_final.pth,timm ResNet-18 (strict CPU load verified),CIFAR-100,cifar100_balanced_controls,balanced_Disc-Hard,0.1,3,final_epoch_200,200,9535ae138faed83979f8f05021c7c5fb53f85ec06e1e35cfa12551e2f61a1e97,44994888,AUTHOR_CREATED; weights=None/False in recovered alpha runner; final-epoch file naming; raw endpoint matches final-paper seed table or balanced result record; tensor-only export removes optimizer/config/private paths; exact tensor equality verified,TENSOR_VERIFIED_PUBLIC_RELEASE,aa9d98d9a54f96857d481ee560911006c2731b95e90b0c9de8e6661f9de1e893,NeurIPS/results/cifar100_balanced_controls_seed_extended_min5/new_seed_runs/raw/models/cifar100_budget0.10_K5000_seed3_balanced_Disc-Hard.pth
cifar100_balanced_controls_balanced_random_budget30_seed3_final.pth,timm ResNet-18 (strict CPU load verified),CIFAR-100,cifar100_balanced_controls,balanced_Random,0.3,3,final_epoch_200,200,912a884a4b09f53bc33de11dc1c6976573e12fd8de4894fa7a1830b1232f071b,44994254,AUTHOR_CREATED; weights=None/False in recovered alpha runner; final-epoch file naming; raw endpoint matches final-paper seed table or balanced result record; tensor-only export removes optimizer/config/private paths; exact tensor equality verified,TENSOR_VERIFIED_PUBLIC_RELEASE,01f0e22ed88cfa2fa12e97badff3a94d940a6e0de16e31dad93540f9d8d2f726,NeurIPS/results/cifar100_balanced_controls_seed_extended_min5/new_seed_runs/raw/models/cifar100_budget0.30_K15000_seed3_balanced_Random.pth
cifar100_balanced_controls_balanced_disc_hard_budget10_seed4_final.pth,timm ResNet-18 (strict CPU load verified),CIFAR-100,cifar100_balanced_controls,balanced_Disc-Hard,0.1,4,final_epoch_200,200,e90cd765c5e2a3508cf38f7cf1617c15db4353931c02194f4b4a09aa07b7fece,44994888,AUTHOR_CREATED; weights=None/False in recovered alpha runner; final-epoch file naming; raw endpoint matches final-paper seed table or balanced result record; tensor-only export removes optimizer/config/private paths; exact tensor equality verified,TENSOR_VERIFIED_PUBLIC_RELEASE,32b4b4ff7dfdd82ba302efc398b7c9a3b6489f5bdef4eab1ee52e3690b91164f,NeurIPS/results/cifar100_balanced_controls_seed_extended_min5/new_seed_runs/raw/models/cifar100_budget0.10_K5000_seed4_balanced_Disc-Hard.pth
cifar100_balanced_controls_balanced_gen_hard_budget10_seed3_final.pth,timm ResNet-18 (strict CPU load verified),CIFAR-100,cifar100_balanced_controls,balanced_Gen-Hard,0.1,3,final_epoch_200,200,7d006a27061295413eeba1a9e7b4543803d6669975ba19e9baceab860a8503da,44994698,AUTHOR_CREATED; weights=None/False in recovered alpha runner; final-epoch file naming; raw endpoint matches final-paper seed table or balanced result record; tensor-only export removes optimizer/config/private paths; exact tensor equality verified,TENSOR_VERIFIED_PUBLIC_RELEASE,aba5263e0db9d1c294b19dd40cc987f9e346a98d3eafa83aa9b1e7abb8698218,NeurIPS/results/cifar100_balanced_controls_seed_extended_min5/new_seed_runs/raw/models/cifar100_budget0.10_K5000_seed3_balanced_Gen-Hard.pth
cifar100_balanced_controls_balanced_disc_hard_budget30_seed4_final.pth,timm ResNet-18 (strict CPU load verified),CIFAR-100,cifar100_balanced_controls,balanced_Disc-Hard,0.3,4,final_epoch_200,200,42a6c46e08f3f8731568f4fca1170fa8f2a7662b6563846fd1c6329d6cb09c69,44994888,AUTHOR_CREATED; weights=None/False in recovered alpha runner; final-epoch file naming; raw endpoint matches final-paper seed table or balanced result record; tensor-only export removes optimizer/config/private paths; exact tensor equality verified,TENSOR_VERIFIED_PUBLIC_RELEASE,fd586141887f0efba3e37286d197d47c56a5a95db1ab4736d6ec6cc9b43859f2,NeurIPS/results/cifar100_balanced_controls_seed_extended_min5/new_seed_runs/raw/models/cifar100_budget0.30_K15000_seed4_balanced_Disc-Hard.pth
cifar100_balanced_controls_balanced_gen_hard_budget30_seed4_final.pth,timm ResNet-18 (strict CPU load verified),CIFAR-100,cifar100_balanced_controls,balanced_Gen-Hard,0.3,4,final_epoch_200,200,1a56121fb56e35fa50c9bb3e0660c995fe458842c9983da471ad967f3f82f01c,44994698,AUTHOR_CREATED; weights=None/False in recovered alpha runner; final-epoch file naming; raw endpoint matches final-paper seed table or balanced result record; tensor-only export removes optimizer/config/private paths; exact tensor equality verified,TENSOR_VERIFIED_PUBLIC_RELEASE,f5f2c3b4dd614175b69ea67736391fcec712310769e463944dbb5ac9b6c3480f,NeurIPS/results/cifar100_balanced_controls_seed_extended_min5/new_seed_runs/raw/models/cifar100_budget0.30_K15000_seed4_balanced_Gen-Hard.pth
cifar100_main_gate3_coreset_kcenter_budget50_seed3_final.pth,timm ResNet-18 (strict CPU load verified),CIFAR-100,cifar100_main_gate3,Coreset-kCenter,0.5,3,final_epoch_200,200,c8559377fb2f247526a9f9706870ba00b0cbde6a066ba93d3f8d6233656b6ccc,44992284,AUTHOR_CREATED; weights=None/False in recovered alpha runner; final-epoch file naming; raw endpoint matches final-paper seed table or balanced result record; tensor-only export removes optimizer/config/private paths; exact tensor equality verified,TENSOR_VERIFIED_PUBLIC_RELEASE,565f2d0e21e946c497134c2e676251502123071b80d7cc8c50b473db0a4f6c86,NeurIPS/results/cifar100_transfer_seed_extended_min5/jobs/seed3_budget0.5/coreset_kcenter/models/cifar100_budget0.50_K25000_seed3_Coreset-kCenter.pth
cifar100_main_gate3_disc_hard_budget50_seed3_final.pth,timm ResNet-18 (strict CPU load verified),CIFAR-100,cifar100_main_gate3,Disc-Hard,0.5,3,final_epoch_200,200,adc9aa2fac5678fc60291e4f4c924b493f61748e413691f6ff69dd71a9721899,44991400,AUTHOR_CREATED; weights=None/False in recovered alpha runner; final-epoch file naming; raw endpoint matches final-paper seed table or balanced result record; tensor-only export removes optimizer/config/private paths; exact tensor equality verified,TENSOR_VERIFIED_PUBLIC_RELEASE,8629e1be7883cf2022ca3b9a05e9cc3cff7c72158b420f31682d39e10dd61e35,NeurIPS/results/cifar100_transfer_seed_extended_min5/jobs/seed3_budget0.5/main4/models/cifar100_budget0.50_K25000_seed3_Disc-Hard.pth
cifar100_main_gate3_ohs_xorp75_budget50_seed3_final.pth,timm ResNet-18 (strict CPU load verified),CIFAR-100,cifar100_main_gate3,OHS-XORp75,0.5,3,final_epoch_200,200,187e4be7c2ece3b253e240a73df47b7178cd7db15f484bf5d31a5285a8bf318f,44991526,AUTHOR_CREATED; weights=None/False in recovered alpha runner; final-epoch file naming; raw endpoint matches final-paper seed table or balanced result record; tensor-only export removes optimizer/config/private paths; exact tensor equality verified,TENSOR_VERIFIED_PUBLIC_RELEASE,449f2c8ce9c9794e9503569671c81cd4458ad8042c47ec97798e9557cefc801b,NeurIPS/results/cifar100_transfer_seed_extended_min5/jobs/seed3_budget0.5/main4/models/cifar100_budget0.50_K25000_seed3_OHS-XORp75.pth
cifar100_main_gate3_random_budget50_seed3_final.pth,timm ResNet-18 (strict CPU load verified),CIFAR-100,cifar100_main_gate3,Random,0.5,3,final_epoch_200,200,6f0f971134b1415bfd0bd86bc8611407bb1095ddd5de35129a5442bf5d4a1c02,44991022,AUTHOR_CREATED; weights=None/False in recovered alpha runner; final-epoch file naming; raw endpoint matches final-paper seed table or balanced result record; tensor-only export removes optimizer/config/private paths; exact tensor equality verified,TENSOR_VERIFIED_PUBLIC_RELEASE,1061a28781d58797c06557d1817356a2f0fe094fe60bf97f8bc05f9eab3b5a22,NeurIPS/results/cifar100_transfer_seed_extended_min5/jobs/seed3_budget0.5/main4/models/cifar100_budget0.50_K25000_seed3_Random.pth
cifar100_main_gate3_gen_hard_budget50_seed3_final.pth,timm ResNet-18 (strict CPU load verified),CIFAR-100,cifar100_main_gate3,Gen-Hard,0.5,3,final_epoch_200,200,f307626c73fc3de9cf626183c50e337206f2f29c8866e733ce56c33b71f6f3dc,44991274,AUTHOR_CREATED; weights=None/False in recovered alpha runner; final-epoch file naming; raw endpoint matches final-paper seed table or balanced result record; tensor-only export removes optimizer/config/private paths; exact tensor equality verified,TENSOR_VERIFIED_PUBLIC_RELEASE,d7754ceb59867473a7ddd8dd52420f1d16354b1e6ae41dabc6765ba9d2a2dca6,NeurIPS/results/cifar100_transfer_seed_extended_min5/jobs/seed3_budget0.5/main4/models/cifar100_budget0.50_K25000_seed3_Gen-Hard.pth
cifar100_main_gate3_predictive_entropy_budget50_seed3_final.pth,timm ResNet-18 (strict CPU load verified),CIFAR-100,cifar100_main_gate3,Predictive-Entropy,0.5,3,final_epoch_200,200,75b35ec8ef3f9686564e5487709889f76ad7fa83f5d55a2799ff6805dca86b8d,44992662,AUTHOR_CREATED; weights=None/False in recovered alpha runner; final-epoch file naming; raw endpoint matches final-paper seed table or balanced result record; tensor-only export removes optimizer/config/private paths; exact tensor equality verified,TENSOR_VERIFIED_PUBLIC_RELEASE,5ab1bf7525420af092095ff11f337a8f4b6d49730805cf015ffb52f23c9469db,NeurIPS/results/cifar100_transfer_seed_extended_min5/jobs/seed3_budget0.5/predictive_entropy/models/cifar100_budget0.50_K25000_seed3_Predictive-Entropy.pth
cifar100_main_gate3_coreset_kcenter_budget30_seed0_final.pth,timm ResNet-18 (strict CPU load verified),CIFAR-100,cifar100_main_gate3,Coreset-kCenter,0.3,0,final_epoch_200,200,cac4792ba8d85aa1897716e552b2a3e1e75dfba42ca2484f61dee0bdd55d813b,44992284,AUTHOR_CREATED; weights=None/False in recovered alpha runner; final-epoch file naming; raw endpoint matches final-paper seed table or balanced result record; tensor-only export removes optimizer/config/private paths; exact tensor equality verified,TENSOR_VERIFIED_PUBLIC_RELEASE,8c73709b636e9c8698c90510bdb367010fe4839a34443d03909fa6c4c4fb45eb,NeurIPS/results/cifar100_transfer_seed_extended_min5/jobs/seed0_budget0.3/coreset_kcenter/models/cifar100_budget0.30_K15000_seed0_Coreset-kCenter.pth
cifar100_main_gate3_random_budget30_seed0_final.pth,timm ResNet-18 (strict CPU load verified),CIFAR-100,cifar100_main_gate3,Random,0.3,0,final_epoch_200,200,9772f17227829872c321f011d149b99838ed8049cc3ec7c987376a5d43e225f6,44991022,AUTHOR_CREATED; weights=None/False in recovered alpha runner; final-epoch file naming; raw endpoint matches final-paper seed table or balanced result record; tensor-only export removes optimizer/config/private paths; exact tensor equality verified,TENSOR_VERIFIED_PUBLIC_RELEASE,065e3a8401526ee34decfb5d6de9192285868b90ddde59ac26743f2f3f42658a,NeurIPS/results/cifar100_transfer_seed_extended_min5/jobs/seed0_budget0.3/main4/models/cifar100_budget0.30_K15000_seed0_Random.pth
cifar100_main_gate3_disc_hard_budget30_seed0_final.pth,timm ResNet-18 (strict CPU load verified),CIFAR-100,cifar100_main_gate3,Disc-Hard,0.3,0,final_epoch_200,200,4e7622f4c3d314877a9a45b76f2510c895f93e2fb8e5dca22d731022e9e1bd6c,44991400,AUTHOR_CREATED; weights=None/False in recovered alpha runner; final-epoch file naming; raw endpoint matches final-paper seed table or balanced result record; tensor-only export removes optimizer/config/private paths; exact tensor equality verified,TENSOR_VERIFIED_PUBLIC_RELEASE,e25be8e752f257a70885afe6bf62185355579ea05c1fb6f3d64e4259024a6b67,NeurIPS/results/cifar100_transfer_seed_extended_min5/jobs/seed0_budget0.3/main4/models/cifar100_budget0.30_K15000_seed0_Disc-Hard.pth
cifar100_main_gate3_ohs_xorp75_budget30_seed0_final.pth,timm ResNet-18 (strict CPU load verified),CIFAR-100,cifar100_main_gate3,OHS-XORp75,0.3,0,final_epoch_200,200,1c49c44104fe4dd4f915924ee97180ca8f26b066e770cdfa05c791b1f5af123a,44991526,AUTHOR_CREATED; weights=None/False in recovered alpha runner; final-epoch file naming; raw endpoint matches final-paper seed table or balanced result record; tensor-only export removes optimizer/config/private paths; exact tensor equality verified,TENSOR_VERIFIED_PUBLIC_RELEASE,df84252150c9e9eda8a9c2db8d6111cad32dac050c34d3b7fdd278eb8ce705e6,NeurIPS/results/cifar100_transfer_seed_extended_min5/jobs/seed0_budget0.3/main4/models/cifar100_budget0.30_K15000_seed0_OHS-XORp75.pth
cifar100_main_gate3_gen_hard_budget30_seed0_final.pth,timm ResNet-18 (strict CPU load verified),CIFAR-100,cifar100_main_gate3,Gen-Hard,0.3,0,final_epoch_200,200,ed2a60f1c06b47703fa5562397775b051a895d86bd910377710de5182bc0a0b7,44991274,AUTHOR_CREATED; weights=None/False in recovered alpha runner; final-epoch file naming; raw endpoint matches final-paper seed table or balanced result record; tensor-only export removes optimizer/config/private paths; exact tensor equality verified,TENSOR_VERIFIED_PUBLIC_RELEASE,c9fcf7b5cf7eee170a8e909c0d37c1f933aafb18619847cb991d082f60cce372,NeurIPS/results/cifar100_transfer_seed_extended_min5/jobs/seed0_budget0.3/main4/models/cifar100_budget0.30_K15000_seed0_Gen-Hard.pth
cifar100_main_gate3_predictive_entropy_budget30_seed0_final.pth,timm ResNet-18 (strict CPU load verified),CIFAR-100,cifar100_main_gate3,Predictive-Entropy,0.3,0,final_epoch_200,200,710de05a925916563915207fed11fc27feae03852de09e964bbd7270412e6504,44992662,AUTHOR_CREATED; weights=None/False in recovered alpha runner; final-epoch file naming; raw endpoint matches final-paper seed table or balanced result record; tensor-only export removes optimizer/config/private paths; exact tensor equality verified,TENSOR_VERIFIED_PUBLIC_RELEASE,772fb96a73db1d09f94ff2498e89bd9191120a2822b08085365447f58d97b089,NeurIPS/results/cifar100_transfer_seed_extended_min5/jobs/seed0_budget0.3/predictive_entropy/models/cifar100_budget0.30_K15000_seed0_Predictive-Entropy.pth
cifar100_main_gate3_coreset_kcenter_budget30_seed4_final.pth,timm ResNet-18 (strict CPU load verified),CIFAR-100,cifar100_main_gate3,Coreset-kCenter,0.3,4,final_epoch_200,200,a94ab104e536a1ac06601987ec6ba36efb595d1ece1b12bd585a48035588a1f5,44992284,AUTHOR_CREATED; weights=None/False in recovered alpha runner; final-epoch file naming; raw endpoint matches final-paper seed table or balanced result record; tensor-only export removes optimizer/config/private paths; exact tensor equality verified,TENSOR_VERIFIED_PUBLIC_RELEASE,d1ff79a8918a1b7dfe83648b0f8eac50218c8672b33cb35889372c3e45f8f311,NeurIPS/results/cifar100_transfer_seed_extended_min5/jobs/seed4_budget0.3/coreset_kcenter/models/cifar100_budget0.30_K15000_seed4_Coreset-kCenter.pth
cifar100_main_gate3_disc_hard_budget30_seed4_final.pth,timm ResNet-18 (strict CPU load verified),CIFAR-100,cifar100_main_gate3,Disc-Hard,0.3,4,final_epoch_200,200,758e73da5b0308a47c8351f95c7703f2b5a6a6a2b43c4098230b32f925cce5be,44991400,AUTHOR_CREATED; weights=None/False in recovered alpha runner; final-epoch file naming; raw endpoint matches final-paper seed table or balanced result record; tensor-only export removes optimizer/config/private paths; exact tensor equality verified,TENSOR_VERIFIED_PUBLIC_RELEASE,7e52bf3078788affc7d158799385c72b4df23a39ef8d4c036e02700284052010,NeurIPS/results/cifar100_transfer_seed_extended_min5/jobs/seed4_budget0.3/main4/models/cifar100_budget0.30_K15000_seed4_Disc-Hard.pth
cifar100_main_gate3_random_budget30_seed4_final.pth,timm ResNet-18 (strict CPU load verified),CIFAR-100,cifar100_main_gate3,Random,0.3,4,final_epoch_200,200,5b267ec60283412abbb83b63202b3f8946cb12c523a1e0997cc29792a9062e67,44991022,AUTHOR_CREATED; weights=None/False in recovered alpha runner; final-epoch file naming; raw endpoint matches final-paper seed table or balanced result record; tensor-only export removes optimizer/config/private paths; exact tensor equality verified,TENSOR_VERIFIED_PUBLIC_RELEASE,a17325ddb4886dfe49f653f9bff245eca628b76fbb2ff2cf7d6a68b39f9e9ff0,NeurIPS/results/cifar100_transfer_seed_extended_min5/jobs/seed4_budget0.3/main4/models/cifar100_budget0.30_K15000_seed4_Random.pth
cifar100_main_gate3_gen_hard_budget30_seed4_final.pth,timm ResNet-18 (strict CPU load verified),CIFAR-100,cifar100_main_gate3,Gen-Hard,0.3,4,final_epoch_200,200,e1041e12cf37e660994ee48d5d17d2a541d972f12331d3f0bc0367a37194630c,44991274,AUTHOR_CREATED; weights=None/False in recovered alpha runner; final-epoch file naming; raw endpoint matches final-paper seed table or balanced result record; tensor-only export removes optimizer/config/private paths; exact tensor equality verified,TENSOR_VERIFIED_PUBLIC_RELEASE,390a6c83cc98ddc50863facb9711711bae928f3af58192b9a550cabecc8f0a97,NeurIPS/results/cifar100_transfer_seed_extended_min5/jobs/seed4_budget0.3/main4/models/cifar100_budget0.30_K15000_seed4_Gen-Hard.pth
cifar100_main_gate3_ohs_xorp75_budget30_seed4_final.pth,timm ResNet-18 (strict CPU load verified),CIFAR-100,cifar100_main_gate3,OHS-XORp75,0.3,4,final_epoch_200,200,7f4555a4fa1a370b55502cf3933f2f085fe70cff5fbae1280e2096cb6af30039,44991526,AUTHOR_CREATED; weights=None/False in recovered alpha runner; final-epoch file naming; raw endpoint matches final-paper seed table or balanced result record; tensor-only export removes optimizer/config/private paths; exact tensor equality verified,TENSOR_VERIFIED_PUBLIC_RELEASE,47ff66332d09a14f86adfd3a53e3410bbafcb66c7e40f15f23b7c59ff8ff9258,NeurIPS/results/cifar100_transfer_seed_extended_min5/jobs/seed4_budget0.3/main4/models/cifar100_budget0.30_K15000_seed4_OHS-XORp75.pth
cifar100_main_gate3_predictive_entropy_budget30_seed4_final.pth,timm ResNet-18 (strict CPU load verified),CIFAR-100,cifar100_main_gate3,Predictive-Entropy,0.3,4,final_epoch_200,200,87e8c291ec7a0ff328e176f05300ee799c171512df28550cf9d99d1fb04239ec,44992662,AUTHOR_CREATED; weights=None/False in recovered alpha runner; final-epoch file naming; raw endpoint matches final-paper seed table or balanced result record; tensor-only export removes optimizer/config/private paths; exact tensor equality verified,TENSOR_VERIFIED_PUBLIC_RELEASE,71b114fe8092f5f76bd98a627d87117f55ed780378647a7c02cdbbd2e83e32d8,NeurIPS/results/cifar100_transfer_seed_extended_min5/jobs/seed4_budget0.3/predictive_entropy/models/cifar100_budget0.30_K15000_seed4_Predictive-Entropy.pth
cifar100_main_gate3_coreset_kcenter_budget30_seed3_final.pth,timm ResNet-18 (strict CPU load verified),CIFAR-100,cifar100_main_gate3,Coreset-kCenter,0.3,3,final_epoch_200,200,9cfbe5bad0c5511ac43e1b119c6d2df109542468a8660ec675168b1ffa5a70a0,44992284,AUTHOR_CREATED; weights=None/False in recovered alpha runner; final-epoch file naming; raw endpoint matches final-paper seed table or balanced result record; tensor-only export removes optimizer/config/private paths; exact tensor equality verified,TENSOR_VERIFIED_PUBLIC_RELEASE,1d056ed836d73b27975108399221c57c82488f790816c580d36f35817552ff13,NeurIPS/results/cifar100_transfer_seed_extended_min5/jobs/seed3_budget0.3/coreset_kcenter/models/cifar100_budget0.30_K15000_seed3_Coreset-kCenter.pth
cifar100_main_gate3_random_budget30_seed3_final.pth,timm ResNet-18 (strict CPU load verified),CIFAR-100,cifar100_main_gate3,Random,0.3,3,final_epoch_200,200,43cb100cfaecddc8545f7dfc3b1400295c83d14177ba3e9a6808a829af12355c,44991022,AUTHOR_CREATED; weights=None/False in recovered alpha runner; final-epoch file naming; raw endpoint matches final-paper seed table or balanced result record; tensor-only export removes optimizer/config/private paths; exact tensor equality verified,TENSOR_VERIFIED_PUBLIC_RELEASE,3d3bedc2fc965a53c241cb94c518deefa552f5ebd6cc6bb84cbb031616f4c5dc,NeurIPS/results/cifar100_transfer_seed_extended_min5/jobs/seed3_budget0.3/main4/models/cifar100_budget0.30_K15000_seed3_Random.pth
cifar100_main_gate3_gen_hard_budget30_seed3_final.pth,timm ResNet-18 (strict CPU load verified),CIFAR-100,cifar100_main_gate3,Gen-Hard,0.3,3,final_epoch_200,200,af48002fc294a97492c977af70573a2eb962b5a808696e3945f60ce38914333f,44991274,AUTHOR_CREATED; weights=None/False in recovered alpha runner; final-epoch file naming; raw endpoint matches final-paper seed table or balanced result record; tensor-only export removes optimizer/config/private paths; exact tensor equality verified,TENSOR_VERIFIED_PUBLIC_RELEASE,8f14406a65e9b90e5d59222d9087f9de6dd5450440f5b2d37bbf234f62e0a6f1,NeurIPS/results/cifar100_transfer_seed_extended_min5/jobs/seed3_budget0.3/main4/models/cifar100_budget0.30_K15000_seed3_Gen-Hard.pth
cifar100_main_gate3_disc_hard_budget30_seed3_final.pth,timm ResNet-18 (strict CPU load verified),CIFAR-100,cifar100_main_gate3,Disc-Hard,0.3,3,final_epoch_200,200,fa83d1dff67406e79231475a8cea6ef9a29714f64303a96bece284bfdbbc6453,44991400,AUTHOR_CREATED; weights=None/False in recovered alpha runner; final-epoch file naming; raw endpoint matches final-paper seed table or balanced result record; tensor-only export removes optimizer/config/private paths; exact tensor equality verified,TENSOR_VERIFIED_PUBLIC_RELEASE,33da63e81e27297a25762378281455a5a9283bf8eeab6653f011ab8c1ee07afb,NeurIPS/results/cifar100_transfer_seed_extended_min5/jobs/seed3_budget0.3/main4/models/cifar100_budget0.30_K15000_seed3_Disc-Hard.pth
cifar100_main_gate3_ohs_xorp75_budget30_seed3_final.pth,timm ResNet-18 (strict CPU load verified),CIFAR-100,cifar100_main_gate3,OHS-XORp75,0.3,3,final_epoch_200,200,89c8b8e52e9d5dceb8215568acb413bc84a2f37a3ea4433379dc6d2e36b057db,44991526,AUTHOR_CREATED; weights=None/False in recovered alpha runner; final-epoch file naming; raw endpoint matches final-paper seed table or balanced result record; tensor-only export removes optimizer/config/private paths; exact tensor equality verified,TENSOR_VERIFIED_PUBLIC_RELEASE,47c36fe52c809a1f2b39a190d636b45838d1ae55a8bfea795a865e28cff2186b,NeurIPS/results/cifar100_transfer_seed_extended_min5/jobs/seed3_budget0.3/main4/models/cifar100_budget0.30_K15000_seed3_OHS-XORp75.pth
cifar100_main_gate3_predictive_entropy_budget30_seed3_final.pth,timm ResNet-18 (strict CPU load verified),CIFAR-100,cifar100_main_gate3,Predictive-Entropy,0.3,3,final_epoch_200,200,e9de324fc85771c64353ce21b45860197cb36c6f50b6e9ef9bec12a6ec8dc46b,44992662,AUTHOR_CREATED; weights=None/False in recovered alpha runner; final-epoch file naming; raw endpoint matches final-paper seed table or balanced result record; tensor-only export removes optimizer/config/private paths; exact tensor equality verified,TENSOR_VERIFIED_PUBLIC_RELEASE,6848bde2cc1849dc4eb7e1240b2783c50dfbc98dcd01a3c9512a26c69c00a1fa,NeurIPS/results/cifar100_transfer_seed_extended_min5/jobs/seed3_budget0.3/predictive_entropy/models/cifar100_budget0.30_K15000_seed3_Predictive-Entropy.pth
cifar100_main_gate3_coreset_kcenter_budget70_seed3_final.pth,timm ResNet-18 (strict CPU load verified),CIFAR-100,cifar100_main_gate3,Coreset-kCenter,0.7,3,final_epoch_200,200,00264bf160f64625566bc0e593234168bae31f20fb21784b87985dcb73d99c41,44992284,AUTHOR_CREATED; weights=None/False in recovered alpha runner; final-epoch file naming; raw endpoint matches final-paper seed table or balanced result record; tensor-only export removes optimizer/config/private paths; exact tensor equality verified,TENSOR_VERIFIED_PUBLIC_RELEASE,76eaed7e9e7183e1ce6243fa4867d8fc3bc93d05a234819786d8d88486c88172,NeurIPS/results/cifar100_transfer_seed_extended_min5/jobs/seed3_budget0.7/coreset_kcenter/models/cifar100_budget0.70_K35000_seed3_Coreset-kCenter.pth
cifar100_main_gate3_random_budget70_seed3_final.pth,timm ResNet-18 (strict CPU load verified),CIFAR-100,cifar100_main_gate3,Random,0.7,3,final_epoch_200,200,3fe7417d3c7bdd026f1678fe7a59fd8436806fc461f0da2795a1e38d8cfc3500,44991022,AUTHOR_CREATED; weights=None/False in recovered alpha runner; final-epoch file naming; raw endpoint matches final-paper seed table or balanced result record; tensor-only export removes optimizer/config/private paths; exact tensor equality verified,TENSOR_VERIFIED_PUBLIC_RELEASE,4a8e73e91e1772a0a436acb27de0e3bb5ff0569e7e8da539d28681ab505237fc,NeurIPS/results/cifar100_transfer_seed_extended_min5/jobs/seed3_budget0.7/main4/models/cifar100_budget0.70_K35000_seed3_Random.pth
cifar100_main_gate3_ohs_xorp75_budget70_seed3_final.pth,timm ResNet-18 (strict CPU load verified),CIFAR-100,cifar100_main_gate3,OHS-XORp75,0.7,3,final_epoch_200,200,5eec43083329edd33ce3faf8c34623b2f14b94e276b82154ed0f775507321f65,44991526,AUTHOR_CREATED; weights=None/False in recovered alpha runner; final-epoch file naming; raw endpoint matches final-paper seed table or balanced result record; tensor-only export removes optimizer/config/private paths; exact tensor equality verified,TENSOR_VERIFIED_PUBLIC_RELEASE,b602fe1e7ed1c71dc2a87cf80318d17a471aad663aa889c83e9f8ba4ad8e99b4,NeurIPS/results/cifar100_transfer_seed_extended_min5/jobs/seed3_budget0.7/main4/models/cifar100_budget0.70_K35000_seed3_OHS-XORp75.pth
cifar100_main_gate3_gen_hard_budget70_seed3_final.pth,timm ResNet-18 (strict CPU load verified),CIFAR-100,cifar100_main_gate3,Gen-Hard,0.7,3,final_epoch_200,200,c2b587a15a84a2d6f2a389c97eeaac5c26d2a5ed1199f838d85ed0f8d355e587,44991274,AUTHOR_CREATED; weights=None/False in recovered alpha runner; final-epoch file naming; raw endpoint matches final-paper seed table or balanced result record; tensor-only export removes optimizer/config/private paths; exact tensor equality verified,TENSOR_VERIFIED_PUBLIC_RELEASE,0aad53dc9fd33258d2c2f8d265b11aba6c110917df6a3f7290b74f9dd96523a0,NeurIPS/results/cifar100_transfer_seed_extended_min5/jobs/seed3_budget0.7/main4/models/cifar100_budget0.70_K35000_seed3_Gen-Hard.pth
cifar100_main_gate3_disc_hard_budget70_seed3_final.pth,timm ResNet-18 (strict CPU load verified),CIFAR-100,cifar100_main_gate3,Disc-Hard,0.7,3,final_epoch_200,200,ab1d36d5e8af480cfaa1cedf06f96cd5f9af5a91055e1081e28cbcfa6d73e8d1,44991400,AUTHOR_CREATED; weights=None/False in recovered alpha runner; final-epoch file naming; raw endpoint matches final-paper seed table or balanced result record; tensor-only export removes optimizer/config/private paths; exact tensor equality verified,TENSOR_VERIFIED_PUBLIC_RELEASE,9863c3525f54f0da78d432123a3fbd34d634f5e22b90867f23da16dd523f8326,NeurIPS/results/cifar100_transfer_seed_extended_min5/jobs/seed3_budget0.7/main4/models/cifar100_budget0.70_K35000_seed3_Disc-Hard.pth
cifar100_main_gate3_predictive_entropy_budget70_seed3_final.pth,timm ResNet-18 (strict CPU load verified),CIFAR-100,cifar100_main_gate3,Predictive-Entropy,0.7,3,final_epoch_200,200,9688fe2971dd76bbb1788d5f56a3924fbc9d21d767b4ffcbc00da24290d7f47a,44992662,AUTHOR_CREATED; weights=None/False in recovered alpha runner; final-epoch file naming; raw endpoint matches final-paper seed table or balanced result record; tensor-only export removes optimizer/config/private paths; exact tensor equality verified,TENSOR_VERIFIED_PUBLIC_RELEASE,2a1fed9175977ceee977a1d9b35731cd2d3395001b3ec14be96f6d64656f9c89,NeurIPS/results/cifar100_transfer_seed_extended_min5/jobs/seed3_budget0.7/predictive_entropy/models/cifar100_budget0.70_K35000_seed3_Predictive-Entropy.pth
cifar100_main_gate3_coreset_kcenter_budget10_seed3_final.pth,timm ResNet-18 (strict CPU load verified),CIFAR-100,cifar100_main_gate3,Coreset-kCenter,0.1,3,final_epoch_200,200,c94d9af9e5ba1f72133c092a99b4bceeae3b2d911c83372fc8f39fcf0638ad7d,44992284,AUTHOR_CREATED; weights=None/False in recovered alpha runner; final-epoch file naming; raw endpoint matches final-paper seed table or balanced result record; tensor-only export removes optimizer/config/private paths; exact tensor equality verified,TENSOR_VERIFIED_PUBLIC_RELEASE,981282f942de75991a72b5aac8d23485f1272eae51cefba87c51c9670f42cfb0,NeurIPS/results/cifar100_transfer_seed_extended_min5/jobs/seed3_budget0.1/coreset_kcenter/models/cifar100_budget0.10_K5000_seed3_Coreset-kCenter.pth
cifar100_main_gate3_gen_hard_budget10_seed3_final.pth,timm ResNet-18 (strict CPU load verified),CIFAR-100,cifar100_main_gate3,Gen-Hard,0.1,3,final_epoch_200,200,ea7314d7a65a666461d0bf54fccdd11979b89bb9b6f8c19549924856acb4cdcf,44991274,AUTHOR_CREATED; weights=None/False in recovered alpha runner; final-epoch file naming; raw endpoint matches final-paper seed table or balanced result record; tensor-only export removes optimizer/config/private paths; exact tensor equality verified,TENSOR_VERIFIED_PUBLIC_RELEASE,763b5a28db3b1d2cb190aaa762a6f6fa7971adff09117c19face2a0f94bc66ec,NeurIPS/results/cifar100_transfer_seed_extended_min5/jobs/seed3_budget0.1/main4/models/cifar100_budget0.10_K5000_seed3_Gen-Hard.pth
cifar100_main_gate3_disc_hard_budget10_seed3_final.pth,timm ResNet-18 (strict CPU load verified),CIFAR-100,cifar100_main_gate3,Disc-Hard,0.1,3,final_epoch_200,200,7a8bcb87c0e97b7257980084cf7c90973bc4eb82056631ba387e1cbe47cc6800,44991400,AUTHOR_CREATED; weights=None/False in recovered alpha runner; final-epoch file naming; raw endpoint matches final-paper seed table or balanced result record; tensor-only export removes optimizer/config/private paths; exact tensor equality verified,TENSOR_VERIFIED_PUBLIC_RELEASE,c7ee0ed3cc1d4ce9fef603646108be1fa7599bcba98297795d90379955512f8e,NeurIPS/results/cifar100_transfer_seed_extended_min5/jobs/seed3_budget0.1/main4/models/cifar100_budget0.10_K5000_seed3_Disc-Hard.pth
cifar100_main_gate3_ohs_xorp75_budget10_seed3_final.pth,timm ResNet-18 (strict CPU load verified),CIFAR-100,cifar100_main_gate3,OHS-XORp75,0.1,3,final_epoch_200,200,a6c08ed6d0cb6db9f711dc9263079149e4176c1f72853e728ff1d02cb85bc93b,44991526,AUTHOR_CREATED; weights=None/False in recovered alpha runner; final-epoch file naming; raw endpoint matches final-paper seed table or balanced result record; tensor-only export removes optimizer/config/private paths; exact tensor equality verified,TENSOR_VERIFIED_PUBLIC_RELEASE,16274edeb60483d08439e8aa540af400023798dda42b812e8cb7fee966e7c21a,NeurIPS/results/cifar100_transfer_seed_extended_min5/jobs/seed3_budget0.1/main4/models/cifar100_budget0.10_K5000_seed3_OHS-XORp75.pth
cifar100_main_gate3_random_budget10_seed3_final.pth,timm ResNet-18 (strict CPU load verified),CIFAR-100,cifar100_main_gate3,Random,0.1,3,final_epoch_200,200,17e8d450d59475529197d615b5bc01746f70a98720d31f113c969317c29f9159,44991022,AUTHOR_CREATED; weights=None/False in recovered alpha runner; final-epoch file naming; raw endpoint matches final-paper seed table or balanced result record; tensor-only export removes optimizer/config/private paths; exact tensor equality verified,TENSOR_VERIFIED_PUBLIC_RELEASE,9c872e47832e9dfcb864fcaebba9406cf4674c7d474bb9d80662a64ebbcb4685,NeurIPS/results/cifar100_transfer_seed_extended_min5/jobs/seed3_budget0.1/main4/models/cifar100_budget0.10_K5000_seed3_Random.pth
cifar100_main_gate3_predictive_entropy_budget10_seed3_final.pth,timm ResNet-18 (strict CPU load verified),CIFAR-100,cifar100_main_gate3,Predictive-Entropy,0.1,3,final_epoch_200,200,0825edee42b0c9d77bae42b91394284e63edc921cd4115cfc3036e630d0c133f,44992662,AUTHOR_CREATED; weights=None/False in recovered alpha runner; final-epoch file naming; raw endpoint matches final-paper seed table or balanced result record; tensor-only export removes optimizer/config/private paths; exact tensor equality verified,TENSOR_VERIFIED_PUBLIC_RELEASE,45053e0a15ca6c7f99713cfd7aaa8b74f7c7bf86c21f64d6f497395f90a6d9d1,NeurIPS/results/cifar100_transfer_seed_extended_min5/jobs/seed3_budget0.1/predictive_entropy/models/cifar100_budget0.10_K5000_seed3_Predictive-Entropy.pth
cifar100_main_gate3_coreset_kcenter_budget30_seed1_final.pth,timm ResNet-18 (strict CPU load verified),CIFAR-100,cifar100_main_gate3,Coreset-kCenter,0.3,1,final_epoch_200,200,aca7e3f87eaff8ab6c5237d4a1a8d456b9a090871e58715a514ee00930676417,44992284,AUTHOR_CREATED; weights=None/False in recovered alpha runner; final-epoch file naming; raw endpoint matches final-paper seed table or balanced result record; tensor-only export removes optimizer/config/private paths; exact tensor equality verified,TENSOR_VERIFIED_PUBLIC_RELEASE,b85c473df82a12ea7719a0d22a86c7c974985cba67485f65f62c43602e764979,NeurIPS/results/cifar100_transfer_seed_extended_min5/jobs/seed1_budget0.3/coreset_kcenter/models/cifar100_budget0.30_K15000_seed1_Coreset-kCenter.pth
cifar100_main_gate3_random_budget30_seed1_final.pth,timm ResNet-18 (strict CPU load verified),CIFAR-100,cifar100_main_gate3,Random,0.3,1,final_epoch_200,200,dc364e68f8b645735c3d43138ee7ad1a256e5c60e33e5d849ca7b65054ca8544,44991022,AUTHOR_CREATED; weights=None/False in recovered alpha runner; final-epoch file naming; raw endpoint matches final-paper seed table or balanced result record; tensor-only export removes optimizer/config/private paths; exact tensor equality verified,TENSOR_VERIFIED_PUBLIC_RELEASE,53159d486e124d811379ab879ac2338fba50dbd16f0a664a2b1434ac58ae57a3,NeurIPS/results/cifar100_transfer_seed_extended_min5/jobs/seed1_budget0.3/main4/models/cifar100_budget0.30_K15000_seed1_Random.pth
cifar100_main_gate3_ohs_xorp75_budget30_seed1_final.pth,timm ResNet-18 (strict CPU load verified),CIFAR-100,cifar100_main_gate3,OHS-XORp75,0.3,1,final_epoch_200,200,277e1fa1c1218b911cb86e0a7876e7131096357965f74f591575a49aac492acf,44991526,AUTHOR_CREATED; weights=None/False in recovered alpha runner; final-epoch file naming; raw endpoint matches final-paper seed table or balanced result record; tensor-only export removes optimizer/config/private paths; exact tensor equality verified,TENSOR_VERIFIED_PUBLIC_RELEASE,d4c1315a77762682d85be68613f8718d5eca871599e3271a9fd07efcc813f221,NeurIPS/results/cifar100_transfer_seed_extended_min5/jobs/seed1_budget0.3/main4/models/cifar100_budget0.30_K15000_seed1_OHS-XORp75.pth
cifar100_main_gate3_disc_hard_budget30_seed1_final.pth,timm ResNet-18 (strict CPU load verified),CIFAR-100,cifar100_main_gate3,Disc-Hard,0.3,1,final_epoch_200,200,6be912d4b42a85d32a999410774c7d109f79d49f52f28fd745caf18a38194971,44991400,AUTHOR_CREATED; weights=None/False in recovered alpha runner; final-epoch file naming; raw endpoint matches final-paper seed table or balanced result record; tensor-only export removes optimizer/config/private paths; exact tensor equality verified,TENSOR_VERIFIED_PUBLIC_RELEASE,f341d6109e15346bfa0d96a72e29dd35507f089563e2e65639168d31a2d9fa56,NeurIPS/results/cifar100_transfer_seed_extended_min5/jobs/seed1_budget0.3/main4/models/cifar100_budget0.30_K15000_seed1_Disc-Hard.pth
cifar100_main_gate3_gen_hard_budget30_seed1_final.pth,timm ResNet-18 (strict CPU load verified),CIFAR-100,cifar100_main_gate3,Gen-Hard,0.3,1,final_epoch_200,200,04b2619234c9b4c6a6893c7834da978711a92d07dac471736b387ce944c6b89a,44991274,AUTHOR_CREATED; weights=None/False in recovered alpha runner; final-epoch file naming; raw endpoint matches final-paper seed table or balanced result record; tensor-only export removes optimizer/config/private paths; exact tensor equality verified,TENSOR_VERIFIED_PUBLIC_RELEASE,afe1a61b491a11574ea6195e16fd465ae26ba2a44fc69e9eef02a8cb1e73489d,NeurIPS/results/cifar100_transfer_seed_extended_min5/jobs/seed1_budget0.3/main4/models/cifar100_budget0.30_K15000_seed1_Gen-Hard.pth
cifar100_main_gate3_predictive_entropy_budget30_seed1_final.pth,timm ResNet-18 (strict CPU load verified),CIFAR-100,cifar100_main_gate3,Predictive-Entropy,0.3,1,final_epoch_200,200,428b8d4c2443c1ea5f1ceff9cb455e40eb7f6dc394f47bd80ebc94c532e03585,44992662,AUTHOR_CREATED; weights=None/False in recovered alpha runner; final-epoch file naming; raw endpoint matches final-paper seed table or balanced result record; tensor-only export removes optimizer/config/private paths; exact tensor equality verified,TENSOR_VERIFIED_PUBLIC_RELEASE,b3d7eef700fe7e14ef1faa5acac7742f01ddf0550eadf7a92ce0590d2adf034f,NeurIPS/results/cifar100_transfer_seed_extended_min5/jobs/seed1_budget0.3/predictive_entropy/models/cifar100_budget0.30_K15000_seed1_Predictive-Entropy.pth
cifar100_main_gate3_coreset_kcenter_budget30_seed2_final.pth,timm ResNet-18 (strict CPU load verified),CIFAR-100,cifar100_main_gate3,Coreset-kCenter,0.3,2,final_epoch_200,200,882e49ee7c3472c6b12d96d0bde07d6f517a8726343918ae0327b2dc732fa424,44992284,AUTHOR_CREATED; weights=None/False in recovered alpha runner; final-epoch file naming; raw endpoint matches final-paper seed table or balanced result record; tensor-only export removes optimizer/config/private paths; exact tensor equality verified,TENSOR_VERIFIED_PUBLIC_RELEASE,9ac3098481092330d084b123e63a8441b90d87498d9bac20563c0ab444929932,NeurIPS/results/cifar100_transfer_seed_extended_min5/jobs/seed2_budget0.3/coreset_kcenter/models/cifar100_budget0.30_K15000_seed2_Coreset-kCenter.pth
cifar100_main_gate3_random_budget30_seed2_final.pth,timm ResNet-18 (strict CPU load verified),CIFAR-100,cifar100_main_gate3,Random,0.3,2,final_epoch_200,200,74bc9e9c6bfebd28513f8ccc271efce8de06f60e92374ee283996a0a41645895,44991022,AUTHOR_CREATED; weights=None/False in recovered alpha runner; final-epoch file naming; raw endpoint matches final-paper seed table or balanced result record; tensor-only export removes optimizer/config/private paths; exact tensor equality verified,TENSOR_VERIFIED_PUBLIC_RELEASE,f29b10dec931bba630302cbc87d818c1c225229209fec34218e5b477f191de26,NeurIPS/results/cifar100_transfer_seed_extended_min5/jobs/seed2_budget0.3/main4/models/cifar100_budget0.30_K15000_seed2_Random.pth
cifar100_main_gate3_disc_hard_budget30_seed2_final.pth,timm ResNet-18 (strict CPU load verified),CIFAR-100,cifar100_main_gate3,Disc-Hard,0.3,2,final_epoch_200,200,9a9ac2e4144cb619b4f317ccd17bf664cc260200c9039af73dc83dda16c30d2c,44991400,AUTHOR_CREATED; weights=None/False in recovered alpha runner; final-epoch file naming; raw endpoint matches final-paper seed table or balanced result record; tensor-only export removes optimizer/config/private paths; exact tensor equality verified,TENSOR_VERIFIED_PUBLIC_RELEASE,50f85db219c40f67903306b699bb9ecf75720ad0bbdb178f3b1c36d81ce825b3,NeurIPS/results/cifar100_transfer_seed_extended_min5/jobs/seed2_budget0.3/main4/models/cifar100_budget0.30_K15000_seed2_Disc-Hard.pth
cifar100_main_gate3_ohs_xorp75_budget30_seed2_final.pth,timm ResNet-18 (strict CPU load verified),CIFAR-100,cifar100_main_gate3,OHS-XORp75,0.3,2,final_epoch_200,200,b8c1a804508b34177f0f5d96407756c16720ba5b1dd7e12a1c19539e76ec629b,44991526,AUTHOR_CREATED; weights=None/False in recovered alpha runner; final-epoch file naming; raw endpoint matches final-paper seed table or balanced result record; tensor-only export removes optimizer/config/private paths; exact tensor equality verified,TENSOR_VERIFIED_PUBLIC_RELEASE,762ce1e1efd280a6bb45e17cc9b5a3fab8921c343b6ac7faf31278073bcbb149,NeurIPS/results/cifar100_transfer_seed_extended_min5/jobs/seed2_budget0.3/main4/models/cifar100_budget0.30_K15000_seed2_OHS-XORp75.pth
cifar100_main_gate3_gen_hard_budget30_seed2_final.pth,timm ResNet-18 (strict CPU load verified),CIFAR-100,cifar100_main_gate3,Gen-Hard,0.3,2,final_epoch_200,200,76aac1915d2020327df361208645db11c448ec90167feb75c9a2178de111d0a7,44991274,AUTHOR_CREATED; weights=None/False in recovered alpha runner; final-epoch file naming; raw endpoint matches final-paper seed table or balanced result record; tensor-only export removes optimizer/config/private paths; exact tensor equality verified,TENSOR_VERIFIED_PUBLIC_RELEASE,5d47ba6f4912e5c7df0684dcc45e6884656b699b0c4d224c7b0236ea81ce5671,NeurIPS/results/cifar100_transfer_seed_extended_min5/jobs/seed2_budget0.3/main4/models/cifar100_budget0.30_K15000_seed2_Gen-Hard.pth
cifar100_main_gate3_predictive_entropy_budget30_seed2_final.pth,timm ResNet-18 (strict CPU load verified),CIFAR-100,cifar100_main_gate3,Predictive-Entropy,0.3,2,final_epoch_200,200,0087679a4126708f67ac15fd661819e7fe3ae73dd6e31e826d57e7b3adf3b8fc,44992662,AUTHOR_CREATED; weights=None/False in recovered alpha runner; final-epoch file naming; raw endpoint matches final-paper seed table or balanced result record; tensor-only export removes optimizer/config/private paths; exact tensor equality verified,TENSOR_VERIFIED_PUBLIC_RELEASE,a6ea5434cef2e0b86357b60444e6ce863e243ebe8b2077b426d08dee2e42aca5,NeurIPS/results/cifar100_transfer_seed_extended_min5/jobs/seed2_budget0.3/predictive_entropy/models/cifar100_budget0.30_K15000_seed2_Predictive-Entropy.pth
cifar100_main_gate3_coreset_kcenter_budget10_seed4_final.pth,timm ResNet-18 (strict CPU load verified),CIFAR-100,cifar100_main_gate3,Coreset-kCenter,0.1,4,final_epoch_200,200,881fa62baca231987e396d047e8d6806c6d17b175515f43ca3c7c2e963a039d6,44992284,AUTHOR_CREATED; weights=None/False in recovered alpha runner; final-epoch file naming; raw endpoint matches final-paper seed table or balanced result record; tensor-only export removes optimizer/config/private paths; exact tensor equality verified,TENSOR_VERIFIED_PUBLIC_RELEASE,a0b8286a1fbe674d2a7d460708b0394ecf80d83c3dc93df832add966298fd537,NeurIPS/results/cifar100_transfer_seed_extended_min5/jobs/seed4_budget0.1/coreset_kcenter/models/cifar100_budget0.10_K5000_seed4_Coreset-kCenter.pth
cifar100_main_gate3_ohs_xorp75_budget10_seed4_final.pth,timm ResNet-18 (strict CPU load verified),CIFAR-100,cifar100_main_gate3,OHS-XORp75,0.1,4,final_epoch_200,200,88ce054dd9289e38dc02e700064d8e3ccd78e5feb85f6bcdb58dc405fd9bbd12,44991526,AUTHOR_CREATED; weights=None/False in recovered alpha runner; final-epoch file naming; raw endpoint matches final-paper seed table or balanced result record; tensor-only export removes optimizer/config/private paths; exact tensor equality verified,TENSOR_VERIFIED_PUBLIC_RELEASE,fe1474ef9a650ac8b4108b70023010525ab855edff817a7918bc2a5a66e4247d,NeurIPS/results/cifar100_transfer_seed_extended_min5/jobs/seed4_budget0.1/main4/models/cifar100_budget0.10_K5000_seed4_OHS-XORp75.pth
cifar100_main_gate3_gen_hard_budget10_seed4_final.pth,timm ResNet-18 (strict CPU load verified),CIFAR-100,cifar100_main_gate3,Gen-Hard,0.1,4,final_epoch_200,200,4aa0e6968bcc0d9d3a01e91216cf32a78f5bc58503c34c8cd66fbe4c8a18feb3,44991274,AUTHOR_CREATED; weights=None/False in recovered alpha runner; final-epoch file naming; raw endpoint matches final-paper seed table or balanced result record; tensor-only export removes optimizer/config/private paths; exact tensor equality verified,TENSOR_VERIFIED_PUBLIC_RELEASE,b2f496590e73fe85bd17b9e3bb761f6db89a4b050777602f201c9fa7492fc49f,NeurIPS/results/cifar100_transfer_seed_extended_min5/jobs/seed4_budget0.1/main4/models/cifar100_budget0.10_K5000_seed4_Gen-Hard.pth
cifar100_main_gate3_random_budget10_seed4_final.pth,timm ResNet-18 (strict CPU load verified),CIFAR-100,cifar100_main_gate3,Random,0.1,4,final_epoch_200,200,6c8491bca091c0b4f824555e0ee310dac25cd2ca45f8745bd691971b5b7a2aed,44991022,AUTHOR_CREATED; weights=None/False in recovered alpha runner; final-epoch file naming; raw endpoint matches final-paper seed table or balanced result record; tensor-only export removes optimizer/config/private paths; exact tensor equality verified,TENSOR_VERIFIED_PUBLIC_RELEASE,2a57d46b58c93aa2d216e35639b44a25272d01e39181301780fde3c6f0a06005,NeurIPS/results/cifar100_transfer_seed_extended_min5/jobs/seed4_budget0.1/main4/models/cifar100_budget0.10_K5000_seed4_Random.pth
cifar100_main_gate3_disc_hard_budget10_seed4_final.pth,timm ResNet-18 (strict CPU load verified),CIFAR-100,cifar100_main_gate3,Disc-Hard,0.1,4,final_epoch_200,200,9ad4bc14ca186a736484bd2ac075e4637be40c2cef400d4138b57a4c82c7859b,44991400,AUTHOR_CREATED; weights=None/False in recovered alpha runner; final-epoch file naming; raw endpoint matches final-paper seed table or balanced result record; tensor-only export removes optimizer/config/private paths; exact tensor equality verified,TENSOR_VERIFIED_PUBLIC_RELEASE,2d79facf72b93886ce71d54b6e254b4911f06024a8b957947f316c0f7fc69726,NeurIPS/results/cifar100_transfer_seed_extended_min5/jobs/seed4_budget0.1/main4/models/cifar100_budget0.10_K5000_seed4_Disc-Hard.pth
cifar100_main_gate3_predictive_entropy_budget10_seed4_final.pth,timm ResNet-18 (strict CPU load verified),CIFAR-100,cifar100_main_gate3,Predictive-Entropy,0.1,4,final_epoch_200,200,062d3b10effaea4b30f946b00b5fd7516d11fa84ae625e05dbad4ad4be2ab43d,44992662,AUTHOR_CREATED; weights=None/False in recovered alpha runner; final-epoch file naming; raw endpoint matches final-paper seed table or balanced result record; tensor-only export removes optimizer/config/private paths; exact tensor equality verified,TENSOR_VERIFIED_PUBLIC_RELEASE,c59cbe3e9debdf07344c54de35f1e16ce8619727d9b852b530c5284d88166af2,NeurIPS/results/cifar100_transfer_seed_extended_min5/jobs/seed4_budget0.1/predictive_entropy/models/cifar100_budget0.10_K5000_seed4_Predictive-Entropy.pth
cifar100_main_gate3_coreset_kcenter_budget70_seed4_final.pth,timm ResNet-18 (strict CPU load verified),CIFAR-100,cifar100_main_gate3,Coreset-kCenter,0.7,4,final_epoch_200,200,8521b290b63f29d8e77ccd9bd1a2a89a997a533dce6edf4c9f61b9bc8926b65c,44992284,AUTHOR_CREATED; weights=None/False in recovered alpha runner; final-epoch file naming; raw endpoint matches final-paper seed table or balanced result record; tensor-only export removes optimizer/config/private paths; exact tensor equality verified,TENSOR_VERIFIED_PUBLIC_RELEASE,31586f737187540efff561121e61bf4927d2c7ae2fddf231130cb83be8bd9040,NeurIPS/results/cifar100_transfer_seed_extended_min5/jobs/seed4_budget0.7/coreset_kcenter/models/cifar100_budget0.70_K35000_seed4_Coreset-kCenter.pth
cifar100_main_gate3_gen_hard_budget70_seed4_final.pth,timm ResNet-18 (strict CPU load verified),CIFAR-100,cifar100_main_gate3,Gen-Hard,0.7,4,final_epoch_200,200,de6b0c23d5a1bb5d0ff1808b2b8811621d4343c4a4aa60bfe0b3910cf559f07f,44991274,AUTHOR_CREATED; weights=None/False in recovered alpha runner; final-epoch file naming; raw endpoint matches final-paper seed table or balanced result record; tensor-only export removes optimizer/config/private paths; exact tensor equality verified,TENSOR_VERIFIED_PUBLIC_RELEASE,a3d2482ac6efd9d1ebf646539d27ddd421a101a73c79e671f7a2ed54be5a1640,NeurIPS/results/cifar100_transfer_seed_extended_min5/jobs/seed4_budget0.7/main4/models/cifar100_budget0.70_K35000_seed4_Gen-Hard.pth
cifar100_main_gate3_random_budget70_seed4_final.pth,timm ResNet-18 (strict CPU load verified),CIFAR-100,cifar100_main_gate3,Random,0.7,4,final_epoch_200,200,53671f3425907ba65fbfbfa88a0d187560e5d14a565313da92017809be908a8d,44991022,AUTHOR_CREATED; weights=None/False in recovered alpha runner; final-epoch file naming; raw endpoint matches final-paper seed table or balanced result record; tensor-only export removes optimizer/config/private paths; exact tensor equality verified,TENSOR_VERIFIED_PUBLIC_RELEASE,1f2b4af8a767738f3771b6ea24385ff2535bdd586f4975051739fffe28e95355,NeurIPS/results/cifar100_transfer_seed_extended_min5/jobs/seed4_budget0.7/main4/models/cifar100_budget0.70_K35000_seed4_Random.pth
cifar100_main_gate3_ohs_xorp75_budget70_seed4_final.pth,timm ResNet-18 (strict CPU load verified),CIFAR-100,cifar100_main_gate3,OHS-XORp75,0.7,4,final_epoch_200,200,b2c7a6fda1305f32fab2cf0a98c53e2c4f2baa52984495020e9b61baff1a6c42,44991526,AUTHOR_CREATED; weights=None/False in recovered alpha runner; final-epoch file naming; raw endpoint matches final-paper seed table or balanced result record; tensor-only export removes optimizer/config/private paths; exact tensor equality verified,TENSOR_VERIFIED_PUBLIC_RELEASE,9b471d7a702ab2180bedccf3db9446949ca008955c0d949cde705bddbe1b8f61,NeurIPS/results/cifar100_transfer_seed_extended_min5/jobs/seed4_budget0.7/main4/models/cifar100_budget0.70_K35000_seed4_OHS-XORp75.pth
cifar100_main_gate3_disc_hard_budget70_seed4_final.pth,timm ResNet-18 (strict CPU load verified),CIFAR-100,cifar100_main_gate3,Disc-Hard,0.7,4,final_epoch_200,200,fc710d3116425d7deea893aff1256ee9a11d2f6d34d993574140102218b9cf7c,44991400,AUTHOR_CREATED; weights=None/False in recovered alpha runner; final-epoch file naming; raw endpoint matches final-paper seed table or balanced result record; tensor-only export removes optimizer/config/private paths; exact tensor equality verified,TENSOR_VERIFIED_PUBLIC_RELEASE,d7842742ecd85e3a86716d3ad83ed8e0bc75c4ee8775182f1e2937de9157e12a,NeurIPS/results/cifar100_transfer_seed_extended_min5/jobs/seed4_budget0.7/main4/models/cifar100_budget0.70_K35000_seed4_Disc-Hard.pth
cifar100_main_gate3_predictive_entropy_budget70_seed4_final.pth,timm ResNet-18 (strict CPU load verified),CIFAR-100,cifar100_main_gate3,Predictive-Entropy,0.7,4,final_epoch_200,200,9f3f287e5f1b08d5edb423aa6a59ebf17ace16ed9734098d9b2044f7b00dcbd6,44992662,AUTHOR_CREATED; weights=None/False in recovered alpha runner; final-epoch file naming; raw endpoint matches final-paper seed table or balanced result record; tensor-only export removes optimizer/config/private paths; exact tensor equality verified,TENSOR_VERIFIED_PUBLIC_RELEASE,1edf309194560d2502ff3578b1f867c046ea681dfc9a97e6d30a23127fb66b1c,NeurIPS/results/cifar100_transfer_seed_extended_min5/jobs/seed4_budget0.7/predictive_entropy/models/cifar100_budget0.70_K35000_seed4_Predictive-Entropy.pth
cifar100_main_gate3_coreset_kcenter_budget50_seed4_final.pth,timm ResNet-18 (strict CPU load verified),CIFAR-100,cifar100_main_gate3,Coreset-kCenter,0.5,4,final_epoch_200,200,af6642563bc63f545239f3a4cd68e93f9bb0840baf8636792e89ea183fdea2a7,44992284,AUTHOR_CREATED; weights=None/False in recovered alpha runner; final-epoch file naming; raw endpoint matches final-paper seed table or balanced result record; tensor-only export removes optimizer/config/private paths; exact tensor equality verified,TENSOR_VERIFIED_PUBLIC_RELEASE,8bd6b5178f1e2fb5b047a134ff232a407a5ea2b682be25dae8c4a0ff7953b7f8,NeurIPS/results/cifar100_transfer_seed_extended_min5/jobs/seed4_budget0.5/coreset_kcenter/models/cifar100_budget0.50_K25000_seed4_Coreset-kCenter.pth
cifar100_main_gate3_random_budget50_seed4_final.pth,timm ResNet-18 (strict CPU load verified),CIFAR-100,cifar100_main_gate3,Random,0.5,4,final_epoch_200,200,4fccad8b2f77ef734fdbcc4b3c763cb283f724375c4229f5b572e85c6b979f24,44991022,AUTHOR_CREATED; weights=None/False in recovered alpha runner; final-epoch file naming; raw endpoint matches final-paper seed table or balanced result record; tensor-only export removes optimizer/config/private paths; exact tensor equality verified,TENSOR_VERIFIED_PUBLIC_RELEASE,61e9aa5f82a44a772001e27b8e73d090e2eacf7cddd32692a00b164bf057b80d,NeurIPS/results/cifar100_transfer_seed_extended_min5/jobs/seed4_budget0.5/main4/models/cifar100_budget0.50_K25000_seed4_Random.pth
cifar100_main_gate3_gen_hard_budget50_seed4_final.pth,timm ResNet-18 (strict CPU load verified),CIFAR-100,cifar100_main_gate3,Gen-Hard,0.5,4,final_epoch_200,200,598579d69b9d8cc128a02377ce9cb0231e0c9f4cff2919e47af8c96ddf0d569e,44991274,AUTHOR_CREATED; weights=None/False in recovered alpha runner; final-epoch file naming; raw endpoint matches final-paper seed table or balanced result record; tensor-only export removes optimizer/config/private paths; exact tensor equality verified,TENSOR_VERIFIED_PUBLIC_RELEASE,c7fdf8c377070e569a3b4a4a395b46691b94fe0a9ca4e73544dc52d0d4949c61,NeurIPS/results/cifar100_transfer_seed_extended_min5/jobs/seed4_budget0.5/main4/models/cifar100_budget0.50_K25000_seed4_Gen-Hard.pth
cifar100_main_gate3_ohs_xorp75_budget50_seed4_final.pth,timm ResNet-18 (strict CPU load verified),CIFAR-100,cifar100_main_gate3,OHS-XORp75,0.5,4,final_epoch_200,200,f411421321a5a35a0ee6c612b960e7747100e6762489bba8fb01a3398cdd70d3,44991526,AUTHOR_CREATED; weights=None/False in recovered alpha runner; final-epoch file naming; raw endpoint matches final-paper seed table or balanced result record; tensor-only export removes optimizer/config/private paths; exact tensor equality verified,TENSOR_VERIFIED_PUBLIC_RELEASE,f840dc1ef82127220e19310aea1cc2127ac379196c30813d9ba196b6117aca11,NeurIPS/results/cifar100_transfer_seed_extended_min5/jobs/seed4_budget0.5/main4/models/cifar100_budget0.50_K25000_seed4_OHS-XORp75.pth
cifar100_main_gate3_disc_hard_budget50_seed4_final.pth,timm ResNet-18 (strict CPU load verified),CIFAR-100,cifar100_main_gate3,Disc-Hard,0.5,4,final_epoch_200,200,5308ca8dc3dc86aca8aa265dd49168b8c587705b313e5b3519507978da17f029,44991400,AUTHOR_CREATED; weights=None/False in recovered alpha runner; final-epoch file naming; raw endpoint matches final-paper seed table or balanced result record; tensor-only export removes optimizer/config/private paths; exact tensor equality verified,TENSOR_VERIFIED_PUBLIC_RELEASE,1031339ad47996eb454e27e785ba0e05b5a60000d82bdcad8bb451996bd1f8eb,NeurIPS/results/cifar100_transfer_seed_extended_min5/jobs/seed4_budget0.5/main4/models/cifar100_budget0.50_K25000_seed4_Disc-Hard.pth
cifar100_main_gate3_predictive_entropy_budget50_seed4_final.pth,timm ResNet-18 (strict CPU load verified),CIFAR-100,cifar100_main_gate3,Predictive-Entropy,0.5,4,final_epoch_200,200,b18426ce7774605e6feaee7ab57303b97636e3ce0af742b3da237589543ee786,44992662,AUTHOR_CREATED; weights=None/False in recovered alpha runner; final-epoch file naming; raw endpoint matches final-paper seed table or balanced result record; tensor-only export removes optimizer/config/private paths; exact tensor equality verified,TENSOR_VERIFIED_PUBLIC_RELEASE,fcafd661113023267cece489db8ed5e9151180257c46f15832cd990f905facbc,NeurIPS/results/cifar100_transfer_seed_extended_min5/jobs/seed4_budget0.5/predictive_entropy/models/cifar100_budget0.50_K25000_seed4_Predictive-Entropy.pth
ddpm_ordering_shuffled_proxy_order_budget100_seed3_final.pth,torchvision ResNet-18,CIFAR-100,ddpm_ordering,SHUFFLED_PROXY_ORDER,1.0,3,final_epoch_200,200,0fdb0962c72eb96affa18266fba3bca924233d611306522fd5a1836b202b6e55,44992284,AUTHOR_CREATED; weights=None in runner; completed result.json; model checkpoint recorded; tensor-only export removes optimizer/config/private paths; exact tensor equality verified,TENSOR_VERIFIED_PUBLIC_RELEASE,dc95c6f9bbe00fabfb6c81f7a6851ab0bf2fb4b5619a946488909ee6edbdf7b9,NeurIPS/rebuttal_2026/curriculum_expansion/runs/SHUFFLED_PROXY_ORDER_seed3/model_epoch200.pt
ddpm_ordering_easy_to_hard_budget100_seed6_final.pth,torchvision ResNet-18,CIFAR-100,ddpm_ordering,EASY_TO_HARD,1.0,6,final_epoch_200,200,b75fa70c757e9db56fee899bcbfac5c1f12c87377b1ca99cbb8922b32b7990b4,44991148,AUTHOR_CREATED; weights=None in runner; completed result.json; model checkpoint recorded; tensor-only export removes optimizer/config/private paths; exact tensor equality verified,TENSOR_VERIFIED_PUBLIC_RELEASE,22da3dd56b6a968b82314f47a8a0e440f0168334d70f5daff14bc72f136502a2,NeurIPS/rebuttal_2026/curriculum_expansion/runs/EASY_TO_HARD_seed6/model_epoch200.pt
ddpm_ordering_easy_to_hard_budget100_seed5_final.pth,torchvision ResNet-18,CIFAR-100,ddpm_ordering,EASY_TO_HARD,1.0,5,final_epoch_200,200,acada2ab4be54e49e4ac81dc6854e3b4e66ebb2024f95094584785d3c2655240,44991148,AUTHOR_CREATED; weights=None in runner; completed result.json; model checkpoint recorded; tensor-only export removes optimizer/config/private paths; exact tensor equality verified,TENSOR_VERIFIED_PUBLIC_RELEASE,cd246e28fe05baccb10489e94c3f3ca10f00e45e04b332da5ae2da0fb6e7565e,NeurIPS/rebuttal_2026/curriculum_expansion/runs/EASY_TO_HARD_seed5/model_epoch200.pt
ddpm_ordering_easy_to_hard_budget100_seed4_final.pth,torchvision ResNet-18,CIFAR-100,ddpm_ordering,EASY_TO_HARD,1.0,4,final_epoch_200,200,ca8ecdddbf2ef7816a1a5a15169b108012b7b26eb462af9d8d9fdd626f100d46,44991148,AUTHOR_CREATED; weights=None in runner; completed result.json; model checkpoint recorded; tensor-only export removes optimizer/config/private paths; exact tensor equality verified,TENSOR_VERIFIED_PUBLIC_RELEASE,5e5ec7554e186cb4ee251de256a46198c779b7ffeda75b30a2aa45cda7f8da94,NeurIPS/rebuttal_2026/curriculum_expansion/runs/EASY_TO_HARD_seed4/model_epoch200.pt
ddpm_ordering_random_budget100_seed5_final.pth,torchvision ResNet-18,CIFAR-100,ddpm_ordering,RANDOM,1.0,5,final_epoch_200,200,3b10afd5dc7852e278f1ebdea0bada804e4b6cecc6f30103f2b83f317d4fe320,44990392,AUTHOR_CREATED; weights=None in runner; completed result.json; model checkpoint recorded; tensor-only export removes optimizer/config/private paths; exact tensor equality verified,TENSOR_VERIFIED_PUBLIC_RELEASE,9c4bbeb5395fc4e677e8999d8406c3d9b6a873689eda9b218b86c0d86c62f3c8,NeurIPS/rebuttal_2026/curriculum_expansion/runs/RANDOM_seed5/model_epoch200.pt
ddpm_ordering_easy_to_hard_budget100_seed3_final.pth,torchvision ResNet-18,CIFAR-100,ddpm_ordering,EASY_TO_HARD,1.0,3,final_epoch_200,200,1d1f5c724dcbfdb1db9851bc32a3a69e29d73468210d84ab50a4ce07ff3c8dba,44991148,AUTHOR_CREATED; weights=None in runner; completed result.json; model checkpoint recorded; tensor-only export removes optimizer/config/private paths; exact tensor equality verified,TENSOR_VERIFIED_PUBLIC_RELEASE,7c1d5bff9bda6662b0d8282eb60670c2c643cfda56a278712dac81bc6282e911,NeurIPS/rebuttal_2026/curriculum_expansion/runs/EASY_TO_HARD_seed3/model_epoch200.pt
ddpm_ordering_shuffled_proxy_order_budget100_seed2_final.pth,torchvision ResNet-18,CIFAR-100,ddpm_ordering,SHUFFLED_PROXY_ORDER,1.0,2,final_epoch_200,200,18687a3978ab1a03776aa26bd1bf9b18c1effd77b8cb8e02a596a7afa3d52782,44992284,AUTHOR_CREATED; weights=None in runner; completed result.json; model checkpoint recorded; tensor-only export removes optimizer/config/private paths; exact tensor equality verified,TENSOR_VERIFIED_PUBLIC_RELEASE,eca610de7de20c0370d66ae5f7fe41d306ad0e990deaa5ef424c25cbd3a06138,NeurIPS/rebuttal_2026/curriculum_expansion/runs/SHUFFLED_PROXY_ORDER_seed2/model_epoch200.pt
ddpm_ordering_shuffled_proxy_order_budget100_seed6_final.pth,torchvision ResNet-18,CIFAR-100,ddpm_ordering,SHUFFLED_PROXY_ORDER,1.0,6,final_epoch_200,200,fe64948aa62e8b9241c8ce4c360511eec62e0da2112b13828f8e29093aceb06b,44992284,AUTHOR_CREATED; weights=None in runner; completed result.json; model checkpoint recorded; tensor-only export removes optimizer/config/private paths; exact tensor equality verified,TENSOR_VERIFIED_PUBLIC_RELEASE,c8e66c9ce441b3d266e664533579bb594647414ef6e682f547a809e719181875,NeurIPS/rebuttal_2026/curriculum_expansion/runs/SHUFFLED_PROXY_ORDER_seed6/model_epoch200.pt
ddpm_ordering_random_budget100_seed4_final.pth,torchvision ResNet-18,CIFAR-100,ddpm_ordering,RANDOM,1.0,4,final_epoch_200,200,3441112b3bb9602c933d4ad47a726a91f7bfe8a0b37e56b4e2a86bc02009abb9,44990392,AUTHOR_CREATED; weights=None in runner; completed result.json; model checkpoint recorded; tensor-only export removes optimizer/config/private paths; exact tensor equality verified,TENSOR_VERIFIED_PUBLIC_RELEASE,9cc548ef37feee8304d6219b40dc937c5e2f81e00ca5787dbad6432badea6e71,NeurIPS/rebuttal_2026/curriculum_expansion/runs/RANDOM_seed4/model_epoch200.pt
ddpm_ordering_random_budget100_seed3_final.pth,torchvision ResNet-18,CIFAR-100,ddpm_ordering,RANDOM,1.0,3,final_epoch_200,200,9e1f0c13bdcbaeb30b47d02b8f79517b97246e330132019ad323fcbe00132d95,44990392,AUTHOR_CREATED; weights=None in runner; completed result.json; model checkpoint recorded; tensor-only export removes optimizer/config/private paths; exact tensor equality verified,TENSOR_VERIFIED_PUBLIC_RELEASE,1097aa5b24898f8eab6b15d89412c29ecd0cd8cb4a10867d3c6d0c03f6e5b8b0,NeurIPS/rebuttal_2026/curriculum_expansion/runs/RANDOM_seed3/model_epoch200.pt
ddpm_ordering_shuffled_proxy_order_budget100_seed4_final.pth,torchvision ResNet-18,CIFAR-100,ddpm_ordering,SHUFFLED_PROXY_ORDER,1.0,4,final_epoch_200,200,5a64ca653295970b39f54fa0f6a092d6e6c8892a2aaf890ae7297aefe58691bb,44992284,AUTHOR_CREATED; weights=None in runner; completed result.json; model checkpoint recorded; tensor-only export removes optimizer/config/private paths; exact tensor equality verified,TENSOR_VERIFIED_PUBLIC_RELEASE,1e88c8b1ffad56946f2e5959a1bf71cc431e717d63460649cad475dfc33611e9,NeurIPS/rebuttal_2026/curriculum_expansion/runs/SHUFFLED_PROXY_ORDER_seed4/model_epoch200.pt
ddpm_ordering_shuffled_proxy_order_budget100_seed0_final.pth,torchvision ResNet-18,CIFAR-100,ddpm_ordering,SHUFFLED_PROXY_ORDER,1.0,0,final_epoch_200,200,2989595271a60e889064d75c982d3ff0dc6b10a38594bbc8a3299dcc0bd3a69f,44992284,AUTHOR_CREATED; weights=None in runner; completed result.json; model checkpoint recorded; tensor-only export removes optimizer/config/private paths; exact tensor equality verified,TENSOR_VERIFIED_PUBLIC_RELEASE,3983d06011026997f6e5ca95b4f2af077b87a655bfcb0a84723f02c83711aeba,NeurIPS/rebuttal_2026/curriculum_expansion/runs/SHUFFLED_PROXY_ORDER_seed0/model_epoch200.pt
ddpm_ordering_random_budget100_seed6_final.pth,torchvision ResNet-18,CIFAR-100,ddpm_ordering,RANDOM,1.0,6,final_epoch_200,200,7b2e61a2f316ae007fe5e0b163f0b51f0f8796ea03e68823fa3e38e8bfa2393b,44990392,AUTHOR_CREATED; weights=None in runner; completed result.json; model checkpoint recorded; tensor-only export removes optimizer/config/private paths; exact tensor equality verified,TENSOR_VERIFIED_PUBLIC_RELEASE,ea0702168a3c06901b25ce39625309b32a272471c1759af8d69bd09255738152,NeurIPS/rebuttal_2026/curriculum_expansion/runs/RANDOM_seed6/model_epoch200.pt
ddpm_ordering_random_budget100_seed7_final.pth,torchvision ResNet-18,CIFAR-100,ddpm_ordering,RANDOM,1.0,7,final_epoch_200,200,2ae943cbef606c951662c7a450e89e967e0283969d64037fc9649f7446ff41eb,44990392,AUTHOR_CREATED; weights=None in runner; completed result.json; model checkpoint recorded; tensor-only export removes optimizer/config/private paths; exact tensor equality verified,TENSOR_VERIFIED_PUBLIC_RELEASE,7b7ece0c6e77c503e2d23919931d54360822ad67a98a8dfd9db1ccc06ddf5a5b,NeurIPS/rebuttal_2026/curriculum_expansion/runs/RANDOM_seed7/model_epoch200.pt
ddpm_ordering_shuffled_proxy_order_budget100_seed1_final.pth,torchvision ResNet-18,CIFAR-100,ddpm_ordering,SHUFFLED_PROXY_ORDER,1.0,1,final_epoch_200,200,e4d5043c54a39002373c9dfa41679665ab05426ccd96abd51fbbeea372c5cbf8,44992284,AUTHOR_CREATED; weights=None in runner; completed result.json; model checkpoint recorded; tensor-only export removes optimizer/config/private paths; exact tensor equality verified,TENSOR_VERIFIED_PUBLIC_RELEASE,c542e4f3aeabfc028f7172cab1e84989b3343e6d14976f914beea08ac1832910,NeurIPS/rebuttal_2026/curriculum_expansion/runs/SHUFFLED_PROXY_ORDER_seed1/model_epoch200.pt
ddpm_ordering_shuffled_proxy_order_budget100_seed7_final.pth,torchvision ResNet-18,CIFAR-100,ddpm_ordering,SHUFFLED_PROXY_ORDER,1.0,7,final_epoch_200,200,9dc41804fc7711179e31fcff7b600024db79a3aeecc1d23884e74dbd34962b9e,44992284,AUTHOR_CREATED; weights=None in runner; completed result.json; model checkpoint recorded; tensor-only export removes optimizer/config/private paths; exact tensor equality verified,TENSOR_VERIFIED_PUBLIC_RELEASE,6707d3c7c26e5c8b8e09b5889578b516e89bfb550aef0f6f2878efc668b0c7c2,NeurIPS/rebuttal_2026/curriculum_expansion/runs/SHUFFLED_PROXY_ORDER_seed7/model_epoch200.pt
ddpm_ordering_easy_to_hard_budget100_seed7_final.pth,torchvision ResNet-18,CIFAR-100,ddpm_ordering,EASY_TO_HARD,1.0,7,final_epoch_200,200,af5fae3b9b640930a0a5be0ba87f3d9ae4f3f189e6f0bd809b58d3ebcffb449a,44991148,AUTHOR_CREATED; weights=None in runner; completed result.json; model checkpoint recorded; tensor-only export removes optimizer/config/private paths; exact tensor equality verified,TENSOR_VERIFIED_PUBLIC_RELEASE,f043196fa3e930145c32879ca9548eaf9a98f8c5cf257ba11885ed30f001c78d,NeurIPS/rebuttal_2026/curriculum_expansion/runs/EASY_TO_HARD_seed7/model_epoch200.pt
ddpm_ordering_shuffled_proxy_order_budget100_seed5_final.pth,torchvision ResNet-18,CIFAR-100,ddpm_ordering,SHUFFLED_PROXY_ORDER,1.0,5,final_epoch_200,200,31d862d95456456570d33c2d321d2df181fb6c9a43cf006fc56208fb644b6c96,44992284,AUTHOR_CREATED; weights=None in runner; completed result.json; model checkpoint recorded; tensor-only export removes optimizer/config/private paths; exact tensor equality verified,TENSOR_VERIFIED_PUBLIC_RELEASE,e793c9bc6d4f2eba4eaae601aad0df83f43cac4aa01f0da02f8ef47109a2d0a7,NeurIPS/rebuttal_2026/curriculum_expansion/runs/SHUFFLED_PROXY_ORDER_seed5/model_epoch200.pt
model_Gen-Hard.pth,ResNet-18-compatible,CIFAR-100,historical_ICML_not_matched_to_final_COHE,,,,UNKNOWN,,30cb2772cd776cf8d47e83d519b79d8f947114851297304146fafd21a43f6f0d,44990256,UNKNOWN; tensor architecture inspected; final-paper provenance not established,DO_NOT_RELEASE_EXCLUDED_UNMATCHED_HISTORICAL,30cb2772cd776cf8d47e83d519b79d8f947114851297304146fafd21a43f6f0d,ICML/model_Gen-Hard.pth
model_Random.pth,ResNet-18-compatible,CIFAR-100,historical_ICML_not_matched_to_final_COHE,,,,UNKNOWN,,c691322865897b33f014cde865a8874a6f504dc3cb50d9371ccb8c7ec7e2ed1f,44990004,UNKNOWN; tensor architecture inspected; final-paper provenance not established,DO_NOT_RELEASE_EXCLUDED_UNMATCHED_HISTORICAL,c691322865897b33f014cde865a8874a6f504dc3cb50d9371ccb8c7ec7e2ed1f,ICML/model_Random.pth
model_Disc-Hard.pth,ResNet-18-compatible,CIFAR-100,historical_ICML_not_matched_to_final_COHE,,,,UNKNOWN,,d39c95cffed8a791ab0e97081cbcb0e16dee752fa81c1cdda00cde4df42aed73,44990382,UNKNOWN; tensor architecture inspected; final-paper provenance not established,DO_NOT_RELEASE_EXCLUDED_UNMATCHED_HISTORICAL,d39c95cffed8a791ab0e97081cbcb0e16dee752fa81c1cdda00cde4df42aed73,ICML/model_Disc-Hard.pth
cifar100_main_gate3_gen_hard_budget10_seed2_final.pth,timm ResNet-18 (strict CPU load verified),CIFAR-100,cifar100_main_gate3,Gen-Hard,0.1,2,final_epoch_200,200,2117e652689cc124e7ffc97b1c73f09f52d58f83fb987799ed16d84f0ab9b7a4,44991274,AUTHOR_CREATED; weights=None/False in recovered alpha runner; final-epoch file naming; raw endpoint matches final-paper seed table or balanced result record; tensor-only export removes optimizer/config/private paths; exact tensor equality verified,TENSOR_VERIFIED_PUBLIC_RELEASE,5f4e37a1e07a9c2197881712796764e7b840a8efb8d8aaf107228aaae35eb74b,ICML/outputs_alpha_mix/models/cifar100_budget0.10_K5000_seed2_Gen-Hard.pth
cifar100_alpha_mix_mix_harda0_25_budget50_seed0_final.pth,timm ResNet-18 (strict CPU load verified),CIFAR-100,cifar100_alpha_mix,Mix-Harda0.25,0.5,0,final_epoch_200,200,f079506f0d52b882e7be2c56fcca82414b71a36ac6c2946d474851dea85d8501,44991778,AUTHOR_CREATED; weights=None/False in recovered alpha runner; final-epoch file naming; raw endpoint matches final-paper seed table or balanced result record; tensor-only export removes optimizer/config/private paths; exact tensor equality verified,TENSOR_VERIFIED_PUBLIC_RELEASE,3da89253318dc5aa00c3fd70caa24f4d260ec42d9f892fb4ed555f210c301b76,ICML/outputs_alpha_mix/models/cifar100_budget0.50_K25000_seed0_Mix-Harda0.25.pth
cifar100_main_gate3_random_budget50_seed2_final.pth,timm ResNet-18 (strict CPU load verified),CIFAR-100,cifar100_main_gate3,Random,0.5,2,final_epoch_200,200,31b3d5bff9cec81d088c095d49769f491ab091ddd466e49267f7a11537aa403a,44991022,AUTHOR_CREATED; weights=None/False in recovered alpha runner; final-epoch file naming; raw endpoint matches final-paper seed table or balanced result record; tensor-only export removes optimizer/config/private paths; exact tensor equality verified,TENSOR_VERIFIED_PUBLIC_RELEASE,448a020afabc0c879f39bc3aef349e89905dd2a9ca82e5d7d960df7228824d13,ICML/outputs_alpha_mix/models/cifar100_budget0.50_K25000_seed2_Random.pth
cifar100_alpha_mix_mix_harda0_25_budget70_seed2_final.pth,timm ResNet-18 (strict CPU load verified),CIFAR-100,cifar100_alpha_mix,Mix-Harda0.25,0.7,2,final_epoch_200,200,c6e70abd21a14f3582bc2fe04f8cd586875ffba94836053500f037356fce1262,44991778,AUTHOR_CREATED; weights=None/False in recovered alpha runner; final-epoch file naming; raw endpoint matches final-paper seed table or balanced result record; tensor-only export removes optimizer/config/private paths; exact tensor equality verified,TENSOR_VERIFIED_PUBLIC_RELEASE,1698fd7bad2e730cebe93b0e7bfe347cc4781fa3e114703b35b873ae7512853d,ICML/outputs_alpha_mix/models/cifar100_budget0.70_K35000_seed2_Mix-Harda0.25.pth
cifar100_alpha_mix_mix_harda0_75_budget10_seed1_final.pth,timm ResNet-18 (strict CPU load verified),CIFAR-100,cifar100_alpha_mix,Mix-Harda0.75,0.1,1,final_epoch_200,200,eac0e4500765b6b779b3126be6bf2d5a8250668bef32d7b74144ebc4c258bec8,44991778,AUTHOR_CREATED; weights=None/False in recovered alpha runner; final-epoch file naming; raw endpoint matches final-paper seed table or balanced result record; tensor-only export removes optimizer/config/private paths; exact tensor equality verified,TENSOR_VERIFIED_PUBLIC_RELEASE,dace83d07e9650c8733d6d469ea53f9ccde21f3e3f73fe9694e858ab8a653220,ICML/outputs_alpha_mix/models/cifar100_budget0.10_K5000_seed1_Mix-Harda0.75.pth
cifar100_alpha_mix_mix_harda0_75_budget10_seed0_final.pth,timm ResNet-18 (strict CPU load verified),CIFAR-100,cifar100_alpha_mix,Mix-Harda0.75,0.1,0,final_epoch_200,200,21c54d1ade01ac132402577afc44250d20d243d607186b6e417c414fe0791ed3,44991778,AUTHOR_CREATED; weights=None/False in recovered alpha runner; final-epoch file naming; raw endpoint matches final-paper seed table or balanced result record; tensor-only export removes optimizer/config/private paths; exact tensor equality verified,TENSOR_VERIFIED_PUBLIC_RELEASE,4dd6707456932e67238d9f263d602072e618560d3f2f77ccf9289cd3a376e12d,ICML/outputs_alpha_mix/models/cifar100_budget0.10_K5000_seed0_Mix-Harda0.75.pth
cifar100_alpha_mix_mix_harda1_00_budget10_seed2_final.pth,timm ResNet-18 (strict CPU load verified),CIFAR-100,cifar100_alpha_mix,Mix-Harda1.00,0.1,2,final_epoch_200,200,86d6da312aff2a462cafb329fc1eeea483bb11b57ca796daeded16917bf5c8b6,44991778,AUTHOR_CREATED; weights=None/False in recovered alpha runner; final-epoch file naming; raw endpoint matches final-paper seed table or balanced result record; tensor-only export removes optimizer/config/private paths; exact tensor equality verified,TENSOR_VERIFIED_PUBLIC_RELEASE,e3513e5140822495e825fca9a7185830cbbf030ccce4366ac96996ca716eb001,ICML/outputs_alpha_mix/models/cifar100_budget0.10_K5000_seed2_Mix-Harda1.00.pth
cifar100_main_gate3_disc_hard_budget10_seed1_final.pth,timm ResNet-18 (strict CPU load verified),CIFAR-100,cifar100_main_gate3,Disc-Hard,0.1,1,final_epoch_200,200,1f7ab986261dc43dc2e004ebedd05bfa40376b2f8038bc98d5b2071aee596631,44991400,AUTHOR_CREATED; weights=None/False in recovered alpha runner; final-epoch file naming; raw endpoint matches final-paper seed table or balanced result record; tensor-only export removes optimizer/config/private paths; exact tensor equality verified,TENSOR_VERIFIED_PUBLIC_RELEASE,4835aaf2d1056c70af07bddc8dd300300ec38664db5a223a8604da71a769db0f,ICML/outputs_alpha_mix/models/cifar100_budget0.10_K5000_seed1_Disc-Hard.pth
cifar100_main_gate3_disc_hard_budget50_seed0_final.pth,timm ResNet-18 (strict CPU load verified),CIFAR-100,cifar100_main_gate3,Disc-Hard,0.5,0,final_epoch_200,200,ad5e87c0f0852d14fcdd9a2b1e6d99ad47a818d5ac0cbadcc94cf8430bc3bac1,44991400,AUTHOR_CREATED; weights=None/False in recovered alpha runner; final-epoch file naming; raw endpoint matches final-paper seed table or balanced result record; tensor-only export removes optimizer/config/private paths; exact tensor equality verified,TENSOR_VERIFIED_PUBLIC_RELEASE,ebd313b3d2b644bd0c8bfbba546bc2112dab65e78b44071f1161d88bb79106a0,ICML/outputs_alpha_mix/models/cifar100_budget0.50_K25000_seed0_Disc-Hard.pth
cifar100_alpha_mix_mix_harda1_00_budget70_seed1_final.pth,timm ResNet-18 (strict CPU load verified),CIFAR-100,cifar100_alpha_mix,Mix-Harda1.00,0.7,1,final_epoch_200,200,e167207e84469dcd06fb80b4e13b0460ed86da8ed1d27bf6d03cb41e9fcc336a,44991778,AUTHOR_CREATED; weights=None/False in recovered alpha runner; final-epoch file naming; raw endpoint matches final-paper seed table or balanced result record; tensor-only export removes optimizer/config/private paths; exact tensor equality verified,TENSOR_VERIFIED_PUBLIC_RELEASE,95d3595516731cca415168ffd2911e61a540f6a40616541ce8647120a14dddae,ICML/outputs_alpha_mix/models/cifar100_budget0.70_K35000_seed1_Mix-Harda1.00.pth
cifar100_main_gate3_ohs_xorp75_budget50_seed1_final.pth,timm ResNet-18 (strict CPU load verified),CIFAR-100,cifar100_main_gate3,OHS-XORp75,0.5,1,final_epoch_200,200,0ab0df0c530b4f8576ae3bad5e5df55b6916461ffe767f76ec910130e293c06e,44991526,AUTHOR_CREATED; weights=None/False in recovered alpha runner; final-epoch file naming; raw endpoint matches final-paper seed table or balanced result record; tensor-only export removes optimizer/config/private paths; exact tensor equality verified,TENSOR_VERIFIED_PUBLIC_RELEASE,056be4fe18ce0f429add3403fec60fb3609edb484349f8961f93055a868e90d5,ICML/outputs_alpha_mix/models/cifar100_budget0.50_K25000_seed1_OHS-XORp75.pth
cifar100_main_gate3_gen_hard_budget50_seed2_final.pth,timm ResNet-18 (strict CPU load verified),CIFAR-100,cifar100_main_gate3,Gen-Hard,0.5,2,final_epoch_200,200,426c47b0f20eec1749bea7ba35e6c8def16e08d2f8bbd998e49fcea409ebd865,44991274,AUTHOR_CREATED; weights=None/False in recovered alpha runner; final-epoch file naming; raw endpoint matches final-paper seed table or balanced result record; tensor-only export removes optimizer/config/private paths; exact tensor equality verified,TENSOR_VERIFIED_PUBLIC_RELEASE,66710531111b1562b109c3e84a102612dbe197002e06c88ff16a064f1b024b57,ICML/outputs_alpha_mix/models/cifar100_budget0.50_K25000_seed2_Gen-Hard.pth
cifar100_alpha_mix_mix_harda0_50_budget70_seed1_final.pth,timm ResNet-18 (strict CPU load verified),CIFAR-100,cifar100_alpha_mix,Mix-Harda0.50,0.7,1,final_epoch_200,200,ec0901ef2fcf5495d6abe433365c205110bd17db3ff3dbd9176cec1d71575a27,44991778,AUTHOR_CREATED; weights=None/False in recovered alpha runner; final-epoch file naming; raw endpoint matches final-paper seed table or balanced result record; tensor-only export removes optimizer/config/private paths; exact tensor equality verified,TENSOR_VERIFIED_PUBLIC_RELEASE,1ec2854ea3a5972e642c26627f47606de4d41e08b0ecdbc290f6d31261d70abb,ICML/outputs_alpha_mix/models/cifar100_budget0.70_K35000_seed1_Mix-Harda0.50.pth
cifar100_alpha_mix_mix_harda0_50_budget50_seed2_final.pth,timm ResNet-18 (strict CPU load verified),CIFAR-100,cifar100_alpha_mix,Mix-Harda0.50,0.5,2,final_epoch_200,200,ba3ffaf82907c9b8884f1799ff840208b786b6bfd99cf2ee84932a781308881a,44991778,AUTHOR_CREATED; weights=None/False in recovered alpha runner; final-epoch file naming; raw endpoint matches final-paper seed table or balanced result record; tensor-only export removes optimizer/config/private paths; exact tensor equality verified,TENSOR_VERIFIED_PUBLIC_RELEASE,8a58c138eacd74f533185815395887eac3fbdb647a555c16b4c1ac9f428e1afe,ICML/outputs_alpha_mix/models/cifar100_budget0.50_K25000_seed2_Mix-Harda0.50.pth
cifar100_alpha_mix_mix_harda0_25_budget70_seed0_final.pth,timm ResNet-18 (strict CPU load verified),CIFAR-100,cifar100_alpha_mix,Mix-Harda0.25,0.7,0,final_epoch_200,200,cd83c46b0b2634de9b72dec3305c2e147c168deca1db40ecaee8df1a2e5db074,44991778,AUTHOR_CREATED; weights=None/False in recovered alpha runner; final-epoch file naming; raw endpoint matches final-paper seed table or balanced result record; tensor-only export removes optimizer/config/private paths; exact tensor equality verified,TENSOR_VERIFIED_PUBLIC_RELEASE,d3078cadd71440602f968ba91ae4d0875a80e76f564a754ab902993b4d0f014a,ICML/outputs_alpha_mix/models/cifar100_budget0.70_K35000_seed0_Mix-Harda0.25.pth
cifar100_main_gate3_random_budget70_seed1_final.pth,timm ResNet-18 (strict CPU load verified),CIFAR-100,cifar100_main_gate3,Random,0.7,1,final_epoch_200,200,2107ec27e1690548cb33bb7744a3017f41a2095df11f8fa4a16b013f09a72016,44991022,AUTHOR_CREATED; weights=None/False in recovered alpha runner; final-epoch file naming; raw endpoint matches final-paper seed table or balanced result record; tensor-only export removes optimizer/config/private paths; exact tensor equality verified,TENSOR_VERIFIED_PUBLIC_RELEASE,c632338707b88c27a9d636b368609c7bb9736b56ce148e17c4387dfd62952b79,ICML/outputs_alpha_mix/models/cifar100_budget0.70_K35000_seed1_Random.pth
cifar100_alpha_mix_mix_harda0_25_budget70_seed1_final.pth,timm ResNet-18 (strict CPU load verified),CIFAR-100,cifar100_alpha_mix,Mix-Harda0.25,0.7,1,final_epoch_200,200,a778974ca39fcad69c3e58c0b490da9466d7b8b716f39994638908f7cceb515f,44991778,AUTHOR_CREATED; weights=None/False in recovered alpha runner; final-epoch file naming; raw endpoint matches final-paper seed table or balanced result record; tensor-only export removes optimizer/config/private paths; exact tensor equality verified,TENSOR_VERIFIED_PUBLIC_RELEASE,28b5ebbec20d761b64d6bcae3085fe35c8b435438ebdeaa6ff386c49523e8700,ICML/outputs_alpha_mix/models/cifar100_budget0.70_K35000_seed1_Mix-Harda0.25.pth
cifar100_main_gate3_random_budget50_seed1_final.pth,timm ResNet-18 (strict CPU load verified),CIFAR-100,cifar100_main_gate3,Random,0.5,1,final_epoch_200,200,a2b848624b5bfb1df656ca547af4415a25b5455a7bda30e145fc0a585723bef4,44991022,AUTHOR_CREATED; weights=None/False in recovered alpha runner; final-epoch file naming; raw endpoint matches final-paper seed table or balanced result record; tensor-only export removes optimizer/config/private paths; exact tensor equality verified,TENSOR_VERIFIED_PUBLIC_RELEASE,f7b8fae87e1d158f055f2b9abedf84959dfa2cea37810a2efb6430c2474c1189,ICML/outputs_alpha_mix/models/cifar100_budget0.50_K25000_seed1_Random.pth
cifar100_main_gate3_gen_hard_budget70_seed0_final.pth,timm ResNet-18 (strict CPU load verified),CIFAR-100,cifar100_main_gate3,Gen-Hard,0.7,0,final_epoch_200,200,08e651a2cd45c5f4ba993bab9b879081113ee25370b327701c5b80b5ed26943e,44991274,AUTHOR_CREATED; weights=None/False in recovered alpha runner; final-epoch file naming; raw endpoint matches final-paper seed table or balanced result record; tensor-only export removes optimizer/config/private paths; exact tensor equality verified,TENSOR_VERIFIED_PUBLIC_RELEASE,bde90e854ca846e8f87c3a18f0715896112711a8c96d3bfedeafa795f29d517e,ICML/outputs_alpha_mix/models/cifar100_budget0.70_K35000_seed0_Gen-Hard.pth
cifar100_alpha_mix_mix_harda0_75_budget70_seed1_final.pth,timm ResNet-18 (strict CPU load verified),CIFAR-100,cifar100_alpha_mix,Mix-Harda0.75,0.7,1,final_epoch_200,200,fafc7464c8d701c9d6e94fd574b3fed766371fe8ed31db893f898bd465f06511,44991778,AUTHOR_CREATED; weights=None/False in recovered alpha runner; final-epoch file naming; raw endpoint matches final-paper seed table or balanced result record; tensor-only export removes optimizer/config/private paths; exact tensor equality verified,TENSOR_VERIFIED_PUBLIC_RELEASE,8279e57b28ca6b0df33c47c0d5a8b108457dfb73a923d1dee37bb6a270e7a90d,ICML/outputs_alpha_mix/models/cifar100_budget0.70_K35000_seed1_Mix-Harda0.75.pth
cifar100_alpha_mix_mix_harda0_75_budget70_seed2_final.pth,timm ResNet-18 (strict CPU load verified),CIFAR-100,cifar100_alpha_mix,Mix-Harda0.75,0.7,2,final_epoch_200,200,ec138a7cff5fcfdfc85d210a1775a4d74fa4201ba937c3b339863f30ea2aea66,44991778,AUTHOR_CREATED; weights=None/False in recovered alpha runner; final-epoch file naming; raw endpoint matches final-paper seed table or balanced result record; tensor-only export removes optimizer/config/private paths; exact tensor equality verified,TENSOR_VERIFIED_PUBLIC_RELEASE,320c617d122d9cfadf8c3c1723b10d433edefb2755b9ad7b65e4933f2d97d902,ICML/outputs_alpha_mix/models/cifar100_budget0.70_K35000_seed2_Mix-Harda0.75.pth
cifar100_main_gate3_ohs_xorp75_budget50_seed2_final.pth,timm ResNet-18 (strict CPU load verified),CIFAR-100,cifar100_main_gate3,OHS-XORp75,0.5,2,final_epoch_200,200,32d82ebe6579647333cbbdbc91117e5daff83a7acf348633888c16c6134c9eb0,44991526,AUTHOR_CREATED; weights=None/False in recovered alpha runner; final-epoch file naming; raw endpoint matches final-paper seed table or balanced result record; tensor-only export removes optimizer/config/private paths; exact tensor equality verified,TENSOR_VERIFIED_PUBLIC_RELEASE,bf402281d75fe83def21e09413983e2b47b4ed93478af0871f068ddbcfd983dc,ICML/outputs_alpha_mix/models/cifar100_budget0.50_K25000_seed2_OHS-XORp75.pth
cifar100_alpha_mix_mix_harda0_00_budget50_seed1_final.pth,timm ResNet-18 (strict CPU load verified),CIFAR-100,cifar100_alpha_mix,Mix-Harda0.00,0.5,1,final_epoch_200,200,cec8e841953877a588dc1c1c2a5557f9cc6aa4c78a345b831d25b7be6744c97b,44991778,AUTHOR_CREATED; weights=None/False in recovered alpha runner; final-epoch file naming; raw endpoint matches final-paper seed table or balanced result record; tensor-only export removes optimizer/config/private paths; exact tensor equality verified,TENSOR_VERIFIED_PUBLIC_RELEASE,4b3f5f74df5e1f53d464a11d8ff0bef09d12d7ad475fd00a9a1f324c9a4460a2,ICML/outputs_alpha_mix/models/cifar100_budget0.50_K25000_seed1_Mix-Harda0.00.pth
cifar100_alpha_mix_mix_harda0_00_budget10_seed1_final.pth,timm ResNet-18 (strict CPU load verified),CIFAR-100,cifar100_alpha_mix,Mix-Harda0.00,0.1,1,final_epoch_200,200,2c94827eeb794d313373a7a5d8ec5c05499683a62dfb5f643a349d5b206f8f35,44991778,AUTHOR_CREATED; weights=None/False in recovered alpha runner; final-epoch file naming; raw endpoint matches final-paper seed table or balanced result record; tensor-only export removes optimizer/config/private paths; exact tensor equality verified,TENSOR_VERIFIED_PUBLIC_RELEASE,f88ed940eae8843ef7b9bd87b1b3dabfa135881418e8e5f56897b83934c4669b,ICML/outputs_alpha_mix/models/cifar100_budget0.10_K5000_seed1_Mix-Harda0.00.pth
cifar100_alpha_mix_mix_harda0_25_budget50_seed1_final.pth,timm ResNet-18 (strict CPU load verified),CIFAR-100,cifar100_alpha_mix,Mix-Harda0.25,0.5,1,final_epoch_200,200,cb93c02fb275bcfeeb1e6b5126cc20648e6dd166f44ac8b1ef0b21ccf3834b2b,44991778,AUTHOR_CREATED; weights=None/False in recovered alpha runner; final-epoch file naming; raw endpoint matches final-paper seed table or balanced result record; tensor-only export removes optimizer/config/private paths; exact tensor equality verified,TENSOR_VERIFIED_PUBLIC_RELEASE,c890029d73e319b67262bb1c39fa9054272d572f1b6a6da168a4b26d72665014,ICML/outputs_alpha_mix/models/cifar100_budget0.50_K25000_seed1_Mix-Harda0.25.pth
cifar100_main_gate3_random_budget10_seed0_final.pth,timm ResNet-18 (strict CPU load verified),CIFAR-100,cifar100_main_gate3,Random,0.1,0,final_epoch_200,200,5ffb0515ceb96d3c4028051e71eaef828e3dc43a6d4aa75ae8157712cb3fb77f,44991022,AUTHOR_CREATED; weights=None/False in recovered alpha runner; final-epoch file naming; raw endpoint matches final-paper seed table or balanced result record; tensor-only export removes optimizer/config/private paths; exact tensor equality verified,TENSOR_VERIFIED_PUBLIC_RELEASE,8c4db3ff5e5337f8413bcbe0728f0d2f865c05d731a0e37ec64bbd767d09baf0,ICML/outputs_alpha_mix/models/cifar100_budget0.10_K5000_seed0_Random.pth
cifar100_alpha_mix_mix_harda0_75_budget70_seed0_final.pth,timm ResNet-18 (strict CPU load verified),CIFAR-100,cifar100_alpha_mix,Mix-Harda0.75,0.7,0,final_epoch_200,200,b93b46923a134548e38b9192a684221ece1266d3b76ce85150e8ba3bc0894563,44991778,AUTHOR_CREATED; weights=None/False in recovered alpha runner; final-epoch file naming; raw endpoint matches final-paper seed table or balanced result record; tensor-only export removes optimizer/config/private paths; exact tensor equality verified,TENSOR_VERIFIED_PUBLIC_RELEASE,1ab73904e03940b6c28cd53b00a5a47db18a45a7a92fb8cdace3cc5fe59dc0f5,ICML/outputs_alpha_mix/models/cifar100_budget0.70_K35000_seed0_Mix-Harda0.75.pth
cifar100_alpha_mix_mix_harda1_00_budget10_seed0_final.pth,timm ResNet-18 (strict CPU load verified),CIFAR-100,cifar100_alpha_mix,Mix-Harda1.00,0.1,0,final_epoch_200,200,db31e93c979561ab978cd14b56ad16725ec494242ac444430a51c98ef83994c3,44991778,AUTHOR_CREATED; weights=None/False in recovered alpha runner; final-epoch file naming; raw endpoint matches final-paper seed table or balanced result record; tensor-only export removes optimizer/config/private paths; exact tensor equality verified,TENSOR_VERIFIED_PUBLIC_RELEASE,3f498c9ddaf78f320e3f38daa2349bcc477b4e610344e23d4496f1c55b237987,ICML/outputs_alpha_mix/models/cifar100_budget0.10_K5000_seed0_Mix-Harda1.00.pth
cifar100_main_gate3_ohs_xorp75_budget70_seed0_final.pth,timm ResNet-18 (strict CPU load verified),CIFAR-100,cifar100_main_gate3,OHS-XORp75,0.7,0,final_epoch_200,200,43635222642b4727c77d4b7265ef5f207d5c65e25c3aa9cca5a16c0305b68fae,44991526,AUTHOR_CREATED; weights=None/False in recovered alpha runner; final-epoch file naming; raw endpoint matches final-paper seed table or balanced result record; tensor-only export removes optimizer/config/private paths; exact tensor equality verified,TENSOR_VERIFIED_PUBLIC_RELEASE,21eab7d31b4f1a41eebb87150daa8495b49e8d9be2a4024214c145eec85217ab,ICML/outputs_alpha_mix/models/cifar100_budget0.70_K35000_seed0_OHS-XORp75.pth
cifar100_alpha_mix_mix_harda0_75_budget50_seed1_final.pth,timm ResNet-18 (strict CPU load verified),CIFAR-100,cifar100_alpha_mix,Mix-Harda0.75,0.5,1,final_epoch_200,200,fe5c8527037c75a32b4ea8e123676581918a389da31bc03e01725e125d02a08b,44991778,AUTHOR_CREATED; weights=None/False in recovered alpha runner; final-epoch file naming; raw endpoint matches final-paper seed table or balanced result record; tensor-only export removes optimizer/config/private paths; exact tensor equality verified,TENSOR_VERIFIED_PUBLIC_RELEASE,3156d93d4fc445ab8654ba4f0cc3d50a0105940a18b3895c546b56c89a4cca34,ICML/outputs_alpha_mix/models/cifar100_budget0.50_K25000_seed1_Mix-Harda0.75.pth
cifar100_main_gate3_ohs_xorp75_budget70_seed2_final.pth,timm ResNet-18 (strict CPU load verified),CIFAR-100,cifar100_main_gate3,OHS-XORp75,0.7,2,final_epoch_200,200,cee6080f25a5b9b50ed07e198664381d6d14549d5d741be3dd799c48e5ccd4a4,44991526,AUTHOR_CREATED; weights=None/False in recovered alpha runner; final-epoch file naming; raw endpoint matches final-paper seed table or balanced result record; tensor-only export removes optimizer/config/private paths; exact tensor equality verified,TENSOR_VERIFIED_PUBLIC_RELEASE,3790aab8ce148e920ad6a535c228ee7e091b0744071755b65328c0e317af6948,ICML/outputs_alpha_mix/models/cifar100_budget0.70_K35000_seed2_OHS-XORp75.pth
cifar100_main_gate3_ohs_xorp75_budget10_seed2_final.pth,timm ResNet-18 (strict CPU load verified),CIFAR-100,cifar100_main_gate3,OHS-XORp75,0.1,2,final_epoch_200,200,65dfab443bdb8ab980b3670b82096b4ba6e13d7eeb6f7c565fd354aab347edaa,44991526,AUTHOR_CREATED; weights=None/False in recovered alpha runner; final-epoch file naming; raw endpoint matches final-paper seed table or balanced result record; tensor-only export removes optimizer/config/private paths; exact tensor equality verified,TENSOR_VERIFIED_PUBLIC_RELEASE,2fc2f0010019c44cbf0c775002d46a90b98f36e1b8071b80363c54d2602a7c6b,ICML/outputs_alpha_mix/models/cifar100_budget0.10_K5000_seed2_OHS-XORp75.pth
cifar100_alpha_mix_mix_harda0_75_budget50_seed2_final.pth,timm ResNet-18 (strict CPU load verified),CIFAR-100,cifar100_alpha_mix,Mix-Harda0.75,0.5,2,final_epoch_200,200,24aaa5e5bc92a3bd7bf46c220b07a3f8d00062db5d2bb47bc2e3e10347df00f1,44991778,AUTHOR_CREATED; weights=None/False in recovered alpha runner; final-epoch file naming; raw endpoint matches final-paper seed table or balanced result record; tensor-only export removes optimizer/config/private paths; exact tensor equality verified,TENSOR_VERIFIED_PUBLIC_RELEASE,0049138ae389b34ad9a42985b2a81482e805d66b19702ecf9bff7fbfcca5c1f2,ICML/outputs_alpha_mix/models/cifar100_budget0.50_K25000_seed2_Mix-Harda0.75.pth
cifar100_main_gate3_disc_hard_budget70_seed0_final.pth,timm ResNet-18 (strict CPU load verified),CIFAR-100,cifar100_main_gate3,Disc-Hard,0.7,0,final_epoch_200,200,8f41b8995b643c7e164a3e89f36021feaccef806d04cdad812e9549f9e63abfe,44991400,AUTHOR_CREATED; weights=None/False in recovered alpha runner; final-epoch file naming; raw endpoint matches final-paper seed table or balanced result record; tensor-only export removes optimizer/config/private paths; exact tensor equality verified,TENSOR_VERIFIED_PUBLIC_RELEASE,b83978ca9dc69a222a0b1ec2b07173e57e5e8c3301bf7b8aab2ab7cefd762083,ICML/outputs_alpha_mix/models/cifar100_budget0.70_K35000_seed0_Disc-Hard.pth
cifar100_main_gate3_random_budget10_seed2_final.pth,timm ResNet-18 (strict CPU load verified),CIFAR-100,cifar100_main_gate3,Random,0.1,2,final_epoch_200,200,4594c98d01b1a6c8abe664f2c670b6310e54d6cc58baef9491e015fff98ffcff,44991022,AUTHOR_CREATED; weights=None/False in recovered alpha runner; final-epoch file naming; raw endpoint matches final-paper seed table or balanced result record; tensor-only export removes optimizer/config/private paths; exact tensor equality verified,TENSOR_VERIFIED_PUBLIC_RELEASE,4739cd179f0305dbd96f534c1a636479ef53a768f630c7235b7d50b97561b7a4,ICML/outputs_alpha_mix/models/cifar100_budget0.10_K5000_seed2_Random.pth
cifar100_main_gate3_ohs_xorp75_budget10_seed0_final.pth,timm ResNet-18 (strict CPU load verified),CIFAR-100,cifar100_main_gate3,OHS-XORp75,0.1,0,final_epoch_200,200,06e0b2a9b57580af742e36f60666470f200c65e7116ffb239d1f48693eb0c86d,44991526,AUTHOR_CREATED; weights=None/False in recovered alpha runner; final-epoch file naming; raw endpoint matches final-paper seed table or balanced result record; tensor-only export removes optimizer/config/private paths; exact tensor equality verified,TENSOR_VERIFIED_PUBLIC_RELEASE,8c4a5870e9302e8c67a95fd1724f86b80eb016547212b246064aa543c9096378,ICML/outputs_alpha_mix/models/cifar100_budget0.10_K5000_seed0_OHS-XORp75.pth
cifar100_alpha_mix_mix_harda0_25_budget10_seed0_final.pth,timm ResNet-18 (strict CPU load verified),CIFAR-100,cifar100_alpha_mix,Mix-Harda0.25,0.1,0,final_epoch_200,200,9f01456bda0fe2a76a02c596db64bf7560244cd2910d4f44e67f47534e4e5ae1,44991778,AUTHOR_CREATED; weights=None/False in recovered alpha runner; final-epoch file naming; raw endpoint matches final-paper seed table or balanced result record; tensor-only export removes optimizer/config/private paths; exact tensor equality verified,TENSOR_VERIFIED_PUBLIC_RELEASE,0f23e28067ca67d168240aba818eb9141720155435eeb1575b2fb7e00cf6c3ca,ICML/outputs_alpha_mix/models/cifar100_budget0.10_K5000_seed0_Mix-Harda0.25.pth
cifar100_main_gate3_gen_hard_budget10_seed1_final.pth,timm ResNet-18 (strict CPU load verified),CIFAR-100,cifar100_main_gate3,Gen-Hard,0.1,1,final_epoch_200,200,2f7d4881f3dfb71ab361f6fbb4419c6b5403843e737bda5274a85fe1e486aaec,44991274,AUTHOR_CREATED; weights=None/False in recovered alpha runner; final-epoch file naming; raw endpoint matches final-paper seed table or balanced result record; tensor-only export removes optimizer/config/private paths; exact tensor equality verified,TENSOR_VERIFIED_PUBLIC_RELEASE,8ccd9262f6c70f7aef7332edee212c6462cbf8a74d30f9cbae699905c4bfd09a,ICML/outputs_alpha_mix/models/cifar100_budget0.10_K5000_seed1_Gen-Hard.pth
cifar100_main_gate3_ohs_xorp75_budget10_seed1_final.pth,timm ResNet-18 (strict CPU load verified),CIFAR-100,cifar100_main_gate3,OHS-XORp75,0.1,1,final_epoch_200,200,d34e65f89c05431062844ae3ecda52814168f6259f90eb70b7df169152ef7ea9,44991526,AUTHOR_CREATED; weights=None/False in recovered alpha runner; final-epoch file naming; raw endpoint matches final-paper seed table or balanced result record; tensor-only export removes optimizer/config/private paths; exact tensor equality verified,TENSOR_VERIFIED_PUBLIC_RELEASE,7a9bf817021f5e5033352dc8dde7e81819ac4d7314097d39e0055890e8e1fb3d,ICML/outputs_alpha_mix/models/cifar100_budget0.10_K5000_seed1_OHS-XORp75.pth
cifar100_main_gate3_gen_hard_budget70_seed1_final.pth,timm ResNet-18 (strict CPU load verified),CIFAR-100,cifar100_main_gate3,Gen-Hard,0.7,1,final_epoch_200,200,7d3cf280fd8bdd630c95b53d6d483c0dc5eb4c9959be7875d823706247a6537c,44991274,AUTHOR_CREATED; weights=None/False in recovered alpha runner; final-epoch file naming; raw endpoint matches final-paper seed table or balanced result record; tensor-only export removes optimizer/config/private paths; exact tensor equality verified,TENSOR_VERIFIED_PUBLIC_RELEASE,e57444d73e2b6cc792e9f273d998c23ffbbc6bb9e81d7d6bccfa5cec4808b78a,ICML/outputs_alpha_mix/models/cifar100_budget0.70_K35000_seed1_Gen-Hard.pth
cifar100_alpha_mix_mix_harda1_00_budget50_seed1_final.pth,timm ResNet-18 (strict CPU load verified),CIFAR-100,cifar100_alpha_mix,Mix-Harda1.00,0.5,1,final_epoch_200,200,0792a115b57063ba7fd901b9f68c79c43952b93db848fbbe93e3a337462c06df,44991778,AUTHOR_CREATED; weights=None/False in recovered alpha runner; final-epoch file naming; raw endpoint matches final-paper seed table or balanced result record; tensor-only export removes optimizer/config/private paths; exact tensor equality verified,TENSOR_VERIFIED_PUBLIC_RELEASE,ed3557d212baee2c92be3c9ccd665422a81421253f2637b593a2a3d194613f29,ICML/outputs_alpha_mix/models/cifar100_budget0.50_K25000_seed1_Mix-Harda1.00.pth
cifar100_alpha_mix_mix_harda0_50_budget10_seed0_final.pth,timm ResNet-18 (strict CPU load verified),CIFAR-100,cifar100_alpha_mix,Mix-Harda0.50,0.1,0,final_epoch_200,200,baa9506d5af519bbc67d740801c008d4572afcb4d2996b7e4b00d46d7adef6dd,44991778,AUTHOR_CREATED; weights=None/False in recovered alpha runner; final-epoch file naming; raw endpoint matches final-paper seed table or balanced result record; tensor-only export removes optimizer/config/private paths; exact tensor equality verified,TENSOR_VERIFIED_PUBLIC_RELEASE,bcf607fe9866747a8c691cfa2fd3c5ecdb53737ce7265263f6adfc6e02e3bc5b,ICML/outputs_alpha_mix/models/cifar100_budget0.10_K5000_seed0_Mix-Harda0.50.pth
cifar100_alpha_mix_mix_harda0_75_budget50_seed0_final.pth,timm ResNet-18 (strict CPU load verified),CIFAR-100,cifar100_alpha_mix,Mix-Harda0.75,0.5,0,final_epoch_200,200,56e4543214cae301361bd4babdf8acf9f752ca5184a197ad7c49745504f4b87d,44991778,AUTHOR_CREATED; weights=None/False in recovered alpha runner; final-epoch file naming; raw endpoint matches final-paper seed table or balanced result record; tensor-only export removes optimizer/config/private paths; exact tensor equality verified,TENSOR_VERIFIED_PUBLIC_RELEASE,1222abccd5c4034d3800bc8aa5953df9dbcf03d865d5865c4315cc86e292dade,ICML/outputs_alpha_mix/models/cifar100_budget0.50_K25000_seed0_Mix-Harda0.75.pth
cifar100_main_gate3_gen_hard_budget10_seed0_final.pth,timm ResNet-18 (strict CPU load verified),CIFAR-100,cifar100_main_gate3,Gen-Hard,0.1,0,final_epoch_200,200,4225b521efec5bd6ced3738fc40f3db06deecd27ca4a5eb7f26456f03d5c3ff7,44991274,AUTHOR_CREATED; weights=None/False in recovered alpha runner; final-epoch file naming; raw endpoint matches final-paper seed table or balanced result record; tensor-only export removes optimizer/config/private paths; exact tensor equality verified,TENSOR_VERIFIED_PUBLIC_RELEASE,08bc1fba4323ab94323cc1a4d6eebce527ac1ae71531b4c66c19208a3fe2746d,ICML/outputs_alpha_mix/models/cifar100_budget0.10_K5000_seed0_Gen-Hard.pth
cifar100_alpha_mix_mix_harda0_00_budget10_seed2_final.pth,timm ResNet-18 (strict CPU load verified),CIFAR-100,cifar100_alpha_mix,Mix-Harda0.00,0.1,2,final_epoch_200,200,b0c0cccfb028d62d3505837f49a320675c7620ccc70e63ba19977887c9538625,44991778,AUTHOR_CREATED; weights=None/False in recovered alpha runner; final-epoch file naming; raw endpoint matches final-paper seed table or balanced result record; tensor-only export removes optimizer/config/private paths; exact tensor equality verified,TENSOR_VERIFIED_PUBLIC_RELEASE,959c999325745e63af6928e5be72693c185d2f6cecffefb309b5e443f1639f4a,ICML/outputs_alpha_mix/models/cifar100_budget0.10_K5000_seed2_Mix-Harda0.00.pth
cifar100_main_gate3_gen_hard_budget50_seed0_final.pth,timm ResNet-18 (strict CPU load verified),CIFAR-100,cifar100_main_gate3,Gen-Hard,0.5,0,final_epoch_200,200,2e2eb1ebcf06c5754d503e4fbdb6306cd6e7d12710fa139ffd4e64fb617bd9b3,44991274,AUTHOR_CREATED; weights=None/False in recovered alpha runner; final-epoch file naming; raw endpoint matches final-paper seed table or balanced result record; tensor-only export removes optimizer/config/private paths; exact tensor equality verified,TENSOR_VERIFIED_PUBLIC_RELEASE,4b9fc3603c74a4337b80da91f31f2a6900e3f26cfa27b54df9c8ceea4e38f8ff,ICML/outputs_alpha_mix/models/cifar100_budget0.50_K25000_seed0_Gen-Hard.pth
cifar100_alpha_mix_mix_harda0_50_budget10_seed2_final.pth,timm ResNet-18 (strict CPU load verified),CIFAR-100,cifar100_alpha_mix,Mix-Harda0.50,0.1,2,final_epoch_200,200,9375e2794b94ddb78b64b49541a21b68f504c8d17f1623d495f49811f1d0dd26,44991778,AUTHOR_CREATED; weights=None/False in recovered alpha runner; final-epoch file naming; raw endpoint matches final-paper seed table or balanced result record; tensor-only export removes optimizer/config/private paths; exact tensor equality verified,TENSOR_VERIFIED_PUBLIC_RELEASE,f278cd449f5c004c8572e7e92482b1ba3f43583c4c6ed04b26fbfcf5acda0d69,ICML/outputs_alpha_mix/models/cifar100_budget0.10_K5000_seed2_Mix-Harda0.50.pth
cifar100_alpha_mix_mix_harda1_00_budget10_seed1_final.pth,timm ResNet-18 (strict CPU load verified),CIFAR-100,cifar100_alpha_mix,Mix-Harda1.00,0.1,1,final_epoch_200,200,9ab400d6fca06f1a539d8347f6380f4da003314aa1a60ee4e508969d75364834,44991778,AUTHOR_CREATED; weights=None/False in recovered alpha runner; final-epoch file naming; raw endpoint matches final-paper seed table or balanced result record; tensor-only export removes optimizer/config/private paths; exact tensor equality verified,TENSOR_VERIFIED_PUBLIC_RELEASE,e2190a4bb1ed2b043a1bab2e7c342a33b9bc73a02b7eba15698f1a53eee48142,ICML/outputs_alpha_mix/models/cifar100_budget0.10_K5000_seed1_Mix-Harda1.00.pth
cifar100_main_gate3_disc_hard_budget10_seed2_final.pth,timm ResNet-18 (strict CPU load verified),CIFAR-100,cifar100_main_gate3,Disc-Hard,0.1,2,final_epoch_200,200,64c7f1d419f7d65d3697d87d2f7cb9c3565d7d2e8c6b96bc34211e701bb490fd,44991400,AUTHOR_CREATED; weights=None/False in recovered alpha runner; final-epoch file naming; raw endpoint matches final-paper seed table or balanced result record; tensor-only export removes optimizer/config/private paths; exact tensor equality verified,TENSOR_VERIFIED_PUBLIC_RELEASE,31f2abb756f3a8b8b4bc6cb02b1fac152825309ef459ed833fdf24e7214171b4,ICML/outputs_alpha_mix/models/cifar100_budget0.10_K5000_seed2_Disc-Hard.pth
cifar100_alpha_mix_mix_harda0_50_budget70_seed2_final.pth,timm ResNet-18 (strict CPU load verified),CIFAR-100,cifar100_alpha_mix,Mix-Harda0.50,0.7,2,final_epoch_200,200,8f6bf860e1988205640650ea6d70bb47bb06a11ed174eec70e850954bd96f1ea,44991778,AUTHOR_CREATED; weights=None/False in recovered alpha runner; final-epoch file naming; raw endpoint matches final-paper seed table or balanced result record; tensor-only export removes optimizer/config/private paths; exact tensor equality verified,TENSOR_VERIFIED_PUBLIC_RELEASE,d40d94fd3f0fb3eccdcdf40f7945dab302ca0a4f10b9aef9cd15a062d14ea61e,ICML/outputs_alpha_mix/models/cifar100_budget0.70_K35000_seed2_Mix-Harda0.50.pth
cifar100_main_gate3_disc_hard_budget50_seed2_final.pth,timm ResNet-18 (strict CPU load verified),CIFAR-100,cifar100_main_gate3,Disc-Hard,0.5,2,final_epoch_200,200,e7758de8fbff8e82028f5af6938356017c2403fcf19fc46a4c856b7edf915fc0,44991400,AUTHOR_CREATED; weights=None/False in recovered alpha runner; final-epoch file naming; raw endpoint matches final-paper seed table or balanced result record; tensor-only export removes optimizer/config/private paths; exact tensor equality verified,TENSOR_VERIFIED_PUBLIC_RELEASE,f8119b241684ac3321b30628dc1f325f91ac3fa8066967ed00b56c1b85f59608,ICML/outputs_alpha_mix/models/cifar100_budget0.50_K25000_seed2_Disc-Hard.pth
cifar100_alpha_mix_mix_harda0_50_budget50_seed1_final.pth,timm ResNet-18 (strict CPU load verified),CIFAR-100,cifar100_alpha_mix,Mix-Harda0.50,0.5,1,final_epoch_200,200,6cc8b7c52a6c53812b037087ec1f8a5695c0e8d4d7ba09e93f8f93d04a9772f6,44991778,AUTHOR_CREATED; weights=None/False in recovered alpha runner; final-epoch file naming; raw endpoint matches final-paper seed table or balanced result record; tensor-only export removes optimizer/config/private paths; exact tensor equality verified,TENSOR_VERIFIED_PUBLIC_RELEASE,10a09ffe43c470d2c819846942682f41ac1dce4da16f597c46ab85e29e7d9ab6,ICML/outputs_alpha_mix/models/cifar100_budget0.50_K25000_seed1_Mix-Harda0.50.pth
cifar100_alpha_mix_mix_harda0_25_budget10_seed2_final.pth,timm ResNet-18 (strict CPU load verified),CIFAR-100,cifar100_alpha_mix,Mix-Harda0.25,0.1,2,final_epoch_200,200,216f0779ae3f1f01294d46e2efbfea34dd7116a6e18db84fbdb177c39d73bcf5,44991778,AUTHOR_CREATED; weights=None/False in recovered alpha runner; final-epoch file naming; raw endpoint matches final-paper seed table or balanced result record; tensor-only export removes optimizer/config/private paths; exact tensor equality verified,TENSOR_VERIFIED_PUBLIC_RELEASE,76539c88f2e43539a12dcf95cf3e033a7fb016a59ef6dd9c91e54bad908c458b,ICML/outputs_alpha_mix/models/cifar100_budget0.10_K5000_seed2_Mix-Harda0.25.pth
cifar100_main_gate3_ohs_xorp75_budget70_seed1_final.pth,timm ResNet-18 (strict CPU load verified),CIFAR-100,cifar100_main_gate3,OHS-XORp75,0.7,1,final_epoch_200,200,6e0aad70e937b82677dcd235453526fd9cf3cfabec2bf2b05d969692d2beba95,44991526,AUTHOR_CREATED; weights=None/False in recovered alpha runner; final-epoch file naming; raw endpoint matches final-paper seed table or balanced result record; tensor-only export removes optimizer/config/private paths; exact tensor equality verified,TENSOR_VERIFIED_PUBLIC_RELEASE,11b76113b986aa3056d4504cab33f151f47526037d3ec6ad9c9f04203f7328cd,ICML/outputs_alpha_mix/models/cifar100_budget0.70_K35000_seed1_OHS-XORp75.pth
cifar100_alpha_mix_mix_harda1_00_budget70_seed2_final.pth,timm ResNet-18 (strict CPU load verified),CIFAR-100,cifar100_alpha_mix,Mix-Harda1.00,0.7,2,final_epoch_200,200,b7f61a1d2ae8cf5421c70dd0fcf0e253318e6ab8bf72e0144d1965fae259736c,44991778,AUTHOR_CREATED; weights=None/False in recovered alpha runner; final-epoch file naming; raw endpoint matches final-paper seed table or balanced result record; tensor-only export removes optimizer/config/private paths; exact tensor equality verified,TENSOR_VERIFIED_PUBLIC_RELEASE,ae3ca39d0576262939edb7c569a2fc45e71f43fe2142c21b7f6e2b50621137e7,ICML/outputs_alpha_mix/models/cifar100_budget0.70_K35000_seed2_Mix-Harda1.00.pth
cifar100_alpha_mix_mix_harda1_00_budget50_seed0_final.pth,timm ResNet-18 (strict CPU load verified),CIFAR-100,cifar100_alpha_mix,Mix-Harda1.00,0.5,0,final_epoch_200,200,cdcaba088f82d1aceb632b43d61e9f48de0403972e7c6b9b331ae6e1728c22aa,44991778,AUTHOR_CREATED; weights=None/False in recovered alpha runner; final-epoch file naming; raw endpoint matches final-paper seed table or balanced result record; tensor-only export removes optimizer/config/private paths; exact tensor equality verified,TENSOR_VERIFIED_PUBLIC_RELEASE,81ca3b731ca42f9c4fafff4d16b282350d9a406e59890e8279c262d745191dbd,ICML/outputs_alpha_mix/models/cifar100_budget0.50_K25000_seed0_Mix-Harda1.00.pth
cifar100_main_gate3_gen_hard_budget50_seed1_final.pth,timm ResNet-18 (strict CPU load verified),CIFAR-100,cifar100_main_gate3,Gen-Hard,0.5,1,final_epoch_200,200,38fb9a8b2cfb445398150879d040d3a5fdde84a2b3ee31974928024bfe42c78c,44991274,AUTHOR_CREATED; weights=None/False in recovered alpha runner; final-epoch file naming; raw endpoint matches final-paper seed table or balanced result record; tensor-only export removes optimizer/config/private paths; exact tensor equality verified,TENSOR_VERIFIED_PUBLIC_RELEASE,186b641ef08ecb9cc82c3da6a87ec26911efd5ac7cbdfdb6c95b545735294809,ICML/outputs_alpha_mix/models/cifar100_budget0.50_K25000_seed1_Gen-Hard.pth
cifar100_main_gate3_ohs_xorp75_budget50_seed0_final.pth,timm ResNet-18 (strict CPU load verified),CIFAR-100,cifar100_main_gate3,OHS-XORp75,0.5,0,final_epoch_200,200,1d4086ed16c5c94e9dcbf47d55f0f43bf114ce8874d139df7fb8f24a5e78305b,44991526,AUTHOR_CREATED; weights=None/False in recovered alpha runner; final-epoch file naming; raw endpoint matches final-paper seed table or balanced result record; tensor-only export removes optimizer/config/private paths; exact tensor equality verified,TENSOR_VERIFIED_PUBLIC_RELEASE,d007268d32d9e661ccb7f60a7087c85bc49ee37be7cac9b7567ea0c98f872a36,ICML/outputs_alpha_mix/models/cifar100_budget0.50_K25000_seed0_OHS-XORp75.pth
cifar100_alpha_mix_mix_harda0_00_budget70_seed2_final.pth,timm ResNet-18 (strict CPU load verified),CIFAR-100,cifar100_alpha_mix,Mix-Harda0.00,0.7,2,final_epoch_200,200,79576da27c8db517a14995c19a36753c01f334f41c0c4fc9057f8b6b6d52a279,44991778,AUTHOR_CREATED; weights=None/False in recovered alpha runner; final-epoch file naming; raw endpoint matches final-paper seed table or balanced result record; tensor-only export removes optimizer/config/private paths; exact tensor equality verified,TENSOR_VERIFIED_PUBLIC_RELEASE,db01cddb369d123550458e7735d9276532043ccf742440e7b9727c744b2ec2b6,ICML/outputs_alpha_mix/models/cifar100_budget0.70_K35000_seed2_Mix-Harda0.00.pth
cifar100_alpha_mix_mix_harda1_00_budget50_seed2_final.pth,timm ResNet-18 (strict CPU load verified),CIFAR-100,cifar100_alpha_mix,Mix-Harda1.00,0.5,2,final_epoch_200,200,e7b22a97922a19dd39f95271b06819043b44b6e52466aedc4334757003d6aa25,44991778,AUTHOR_CREATED; weights=None/False in recovered alpha runner; final-epoch file naming; raw endpoint matches final-paper seed table or balanced result record; tensor-only export removes optimizer/config/private paths; exact tensor equality verified,TENSOR_VERIFIED_PUBLIC_RELEASE,d4a5315ed46a41027890b92939de4b3b685b9bdf934b6372a5acc407f0b3db57,ICML/outputs_alpha_mix/models/cifar100_budget0.50_K25000_seed2_Mix-Harda1.00.pth
cifar100_alpha_mix_mix_harda0_25_budget50_seed2_final.pth,timm ResNet-18 (strict CPU load verified),CIFAR-100,cifar100_alpha_mix,Mix-Harda0.25,0.5,2,final_epoch_200,200,9f9fbd4337efcc6ccb81f1f98b7852aee446fa74eeebdb4978e01ec582033639,44991778,AUTHOR_CREATED; weights=None/False in recovered alpha runner; final-epoch file naming; raw endpoint matches final-paper seed table or balanced result record; tensor-only export removes optimizer/config/private paths; exact tensor equality verified,TENSOR_VERIFIED_PUBLIC_RELEASE,11288be9fd2715453fdb6790c02c13e11b80407c72549fcdac0ce113179e7ad4,ICML/outputs_alpha_mix/models/cifar100_budget0.50_K25000_seed2_Mix-Harda0.25.pth
cifar100_alpha_mix_mix_harda0_25_budget10_seed1_final.pth,timm ResNet-18 (strict CPU load verified),CIFAR-100,cifar100_alpha_mix,Mix-Harda0.25,0.1,1,final_epoch_200,200,826dd1c5347944c131243b7e5a2d55ec19e0ba69f624c718bb86403c23d41ee9,44991778,AUTHOR_CREATED; weights=None/False in recovered alpha runner; final-epoch file naming; raw endpoint matches final-paper seed table or balanced result record; tensor-only export removes optimizer/config/private paths; exact tensor equality verified,TENSOR_VERIFIED_PUBLIC_RELEASE,ec76eab003699ebd93682810a5b33e6bcb035800884a252749d04d52dee62446,ICML/outputs_alpha_mix/models/cifar100_budget0.10_K5000_seed1_Mix-Harda0.25.pth
cifar100_alpha_mix_mix_harda0_75_budget10_seed2_final.pth,timm ResNet-18 (strict CPU load verified),CIFAR-100,cifar100_alpha_mix,Mix-Harda0.75,0.1,2,final_epoch_200,200,6b6ad76b47cc3b2cedd3e8a8bb3a6f02baef31043683193486f4dfc87262b988,44991778,AUTHOR_CREATED; weights=None/False in recovered alpha runner; final-epoch file naming; raw endpoint matches final-paper seed table or balanced result record; tensor-only export removes optimizer/config/private paths; exact tensor equality verified,TENSOR_VERIFIED_PUBLIC_RELEASE,9924df18365e7a4bbe9b098bed6286d91f8b52239463e5fde5f219a437fa0de5,ICML/outputs_alpha_mix/models/cifar100_budget0.10_K5000_seed2_Mix-Harda0.75.pth
cifar100_alpha_mix_mix_harda0_00_budget50_seed2_final.pth,timm ResNet-18 (strict CPU load verified),CIFAR-100,cifar100_alpha_mix,Mix-Harda0.00,0.5,2,final_epoch_200,200,55056611d1da7d813e5cf42d44325b547a1011477517c3ee487a639f354ee55a,44991778,AUTHOR_CREATED; weights=None/False in recovered alpha runner; final-epoch file naming; raw endpoint matches final-paper seed table or balanced result record; tensor-only export removes optimizer/config/private paths; exact tensor equality verified,TENSOR_VERIFIED_PUBLIC_RELEASE,2dc232babf808db365d955dfec51872e9a87f2e974138b9482d5fc5465402463,ICML/outputs_alpha_mix/models/cifar100_budget0.50_K25000_seed2_Mix-Harda0.00.pth
cifar100_main_gate3_random_budget70_seed0_final.pth,timm ResNet-18 (strict CPU load verified),CIFAR-100,cifar100_main_gate3,Random,0.7,0,final_epoch_200,200,0e66d6f93ffa88b13ed9e5dfd200b99f1dc638ae21ceedfa26b1500395b57869,44991022,AUTHOR_CREATED; weights=None/False in recovered alpha runner; final-epoch file naming; raw endpoint matches final-paper seed table or balanced result record; tensor-only export removes optimizer/config/private paths; exact tensor equality verified,TENSOR_VERIFIED_PUBLIC_RELEASE,e657cf69f1596f51ca12fdd0f42523b56245890ffeeae68298c1a8a0159635ec,ICML/outputs_alpha_mix/models/cifar100_budget0.70_K35000_seed0_Random.pth
cifar100_main_gate3_disc_hard_budget10_seed0_final.pth,timm ResNet-18 (strict CPU load verified),CIFAR-100,cifar100_main_gate3,Disc-Hard,0.1,0,final_epoch_200,200,55eecffb7677045b48ebf131a1ecce464c8b386dcdd0f531771f662c09be812b,44991400,AUTHOR_CREATED; weights=None/False in recovered alpha runner; final-epoch file naming; raw endpoint matches final-paper seed table or balanced result record; tensor-only export removes optimizer/config/private paths; exact tensor equality verified,TENSOR_VERIFIED_PUBLIC_RELEASE,cf086b5dcfe81c3d36319103fd625529dbbb4d7b28537a1a9faabf8e7c320f4c,ICML/outputs_alpha_mix/models/cifar100_budget0.10_K5000_seed0_Disc-Hard.pth
cifar100_alpha_mix_mix_harda0_00_budget10_seed0_final.pth,timm ResNet-18 (strict CPU load verified),CIFAR-100,cifar100_alpha_mix,Mix-Harda0.00,0.1,0,final_epoch_200,200,322e9b068dd041d0e6e84c46c3f741819c5185b5d817d6b0635708caac49201d,44991778,AUTHOR_CREATED; weights=None/False in recovered alpha runner; final-epoch file naming; raw endpoint matches final-paper seed table or balanced result record; tensor-only export removes optimizer/config/private paths; exact tensor equality verified,TENSOR_VERIFIED_PUBLIC_RELEASE,3278fdcd75d715ff876f4e8611e41d2d3af3f0e83968054112af9b410ca2a68a,ICML/outputs_alpha_mix/models/cifar100_budget0.10_K5000_seed0_Mix-Harda0.00.pth
cifar100_main_gate3_random_budget70_seed2_final.pth,timm ResNet-18 (strict CPU load verified),CIFAR-100,cifar100_main_gate3,Random,0.7,2,final_epoch_200,200,9cd68bfe68ef282c85d8dfd412f82c58eb577ead940463d9ef54bfc2a14334a3,44991022,AUTHOR_CREATED; weights=None/False in recovered alpha runner; final-epoch file naming; raw endpoint matches final-paper seed table or balanced result record; tensor-only export removes optimizer/config/private paths; exact tensor equality verified,TENSOR_VERIFIED_PUBLIC_RELEASE,5e56345e817d804c74e115668d4cfddd870e698f791e63a22c8e6d81f57b5e19,ICML/outputs_alpha_mix/models/cifar100_budget0.70_K35000_seed2_Random.pth
cifar100_main_gate3_random_budget10_seed1_final.pth,timm ResNet-18 (strict CPU load verified),CIFAR-100,cifar100_main_gate3,Random,0.1,1,final_epoch_200,200,e89cf2f7416fb60392f593024f82f4d25b3f629375496c44d990ed987eae746d,44991022,AUTHOR_CREATED; weights=None/False in recovered alpha runner; final-epoch file naming; raw endpoint matches final-paper seed table or balanced result record; tensor-only export removes optimizer/config/private paths; exact tensor equality verified,TENSOR_VERIFIED_PUBLIC_RELEASE,d943e935092bb1edc51c8156bb70dc3d3ba96af3c87da74e438d0a2e7435c9af,ICML/outputs_alpha_mix/models/cifar100_budget0.10_K5000_seed1_Random.pth
cifar100_alpha_mix_mix_harda0_00_budget70_seed0_final.pth,timm ResNet-18 (strict CPU load verified),CIFAR-100,cifar100_alpha_mix,Mix-Harda0.00,0.7,0,final_epoch_200,200,ce457da9566c26ffef33835e07b76758cb8d2a5a164a2d238f25a26b1412cc4c,44991778,AUTHOR_CREATED; weights=None/False in recovered alpha runner; final-epoch file naming; raw endpoint matches final-paper seed table or balanced result record; tensor-only export removes optimizer/config/private paths; exact tensor equality verified,TENSOR_VERIFIED_PUBLIC_RELEASE,db0c6cf38f254312fc74212cdca75d50f262d2f610d4f4a46a0bb23c698aa443,ICML/outputs_alpha_mix/models/cifar100_budget0.70_K35000_seed0_Mix-Harda0.00.pth
cifar100_alpha_mix_mix_harda0_00_budget70_seed1_final.pth,timm ResNet-18 (strict CPU load verified),CIFAR-100,cifar100_alpha_mix,Mix-Harda0.00,0.7,1,final_epoch_200,200,190228061dbbb8e514627268ae59d432672e6647bc3f86150bfea9232e4202a3,44991778,AUTHOR_CREATED; weights=None/False in recovered alpha runner; final-epoch file naming; raw endpoint matches final-paper seed table or balanced result record; tensor-only export removes optimizer/config/private paths; exact tensor equality verified,TENSOR_VERIFIED_PUBLIC_RELEASE,3da959f1799a6f4c0eaa8571315bc266ef23f21d9647962d139f31648eb0e0da,ICML/outputs_alpha_mix/models/cifar100_budget0.70_K35000_seed1_Mix-Harda0.00.pth
cifar100_alpha_mix_mix_harda0_50_budget10_seed1_final.pth,timm ResNet-18 (strict CPU load verified),CIFAR-100,cifar100_alpha_mix,Mix-Harda0.50,0.1,1,final_epoch_200,200,79f639330635927f8beb1606f6d09a9d618e0092fa2112c466bee1f984133d46,44991778,AUTHOR_CREATED; weights=None/False in recovered alpha runner; final-epoch file naming; raw endpoint matches final-paper seed table or balanced result record; tensor-only export removes optimizer/config/private paths; exact tensor equality verified,TENSOR_VERIFIED_PUBLIC_RELEASE,d89bdb5c922ca35a2b08e2bf9a2cb54654381db8d374169bf378a4b4723f4f09,ICML/outputs_alpha_mix/models/cifar100_budget0.10_K5000_seed1_Mix-Harda0.50.pth
cifar100_alpha_mix_mix_harda0_50_budget50_seed0_final.pth,timm ResNet-18 (strict CPU load verified),CIFAR-100,cifar100_alpha_mix,Mix-Harda0.50,0.5,0,final_epoch_200,200,3acd8a06909524afba9fa41edc9c1e4d746b43eeaab24d6ce3781015552776b7,44991778,AUTHOR_CREATED; weights=None/False in recovered alpha runner; final-epoch file naming; raw endpoint matches final-paper seed table or balanced result record; tensor-only export removes optimizer/config/private paths; exact tensor equality verified,TENSOR_VERIFIED_PUBLIC_RELEASE,e4c16b2aa52a0648e0540a771491200a5802205c0135a9c9e22b993d847b96dd,ICML/outputs_alpha_mix/models/cifar100_budget0.50_K25000_seed0_Mix-Harda0.50.pth
cifar100_main_gate3_disc_hard_budget70_seed1_final.pth,timm ResNet-18 (strict CPU load verified),CIFAR-100,cifar100_main_gate3,Disc-Hard,0.7,1,final_epoch_200,200,0759e806ea24aa173071f67bdfdd1351035d45cffc228966e289d7c1c4493b7f,44991400,AUTHOR_CREATED; weights=None/False in recovered alpha runner; final-epoch file naming; raw endpoint matches final-paper seed table or balanced result record; tensor-only export removes optimizer/config/private paths; exact tensor equality verified,TENSOR_VERIFIED_PUBLIC_RELEASE,42997a3a62d9634d9f226ae2d040d87f075296216c7127231400e27959f8f413,ICML/outputs_alpha_mix/models/cifar100_budget0.70_K35000_seed1_Disc-Hard.pth
cifar100_main_gate3_disc_hard_budget70_seed2_final.pth,timm ResNet-18 (strict CPU load verified),CIFAR-100,cifar100_main_gate3,Disc-Hard,0.7,2,final_epoch_200,200,a79cbe155359b5844d1a684fc39028b9ecaab0ea73ef196d72f57e9dfa78b06d,44991400,AUTHOR_CREATED; weights=None/False in recovered alpha runner; final-epoch file naming; raw endpoint matches final-paper seed table or balanced result record; tensor-only export removes optimizer/config/private paths; exact tensor equality verified,TENSOR_VERIFIED_PUBLIC_RELEASE,493a728083e7b60471a605a0ffd5fe13883e45604b94975187081eb80f908502,ICML/outputs_alpha_mix/models/cifar100_budget0.70_K35000_seed2_Disc-Hard.pth
cifar100_alpha_mix_mix_harda0_00_budget50_seed0_final.pth,timm ResNet-18 (strict CPU load verified),CIFAR-100,cifar100_alpha_mix,Mix-Harda0.00,0.5,0,final_epoch_200,200,bb296ab10ff66d79940ae846160af27666d08bea3c2592423d1b860dbb637490,44991778,AUTHOR_CREATED; weights=None/False in recovered alpha runner; final-epoch file naming; raw endpoint matches final-paper seed table or balanced result record; tensor-only export removes optimizer/config/private paths; exact tensor equality verified,TENSOR_VERIFIED_PUBLIC_RELEASE,fd8ce9674444eb9b5e3b2eacc2ebc870c98c16baa189a981b959ecbdf691c647,ICML/outputs_alpha_mix/models/cifar100_budget0.50_K25000_seed0_Mix-Harda0.00.pth
cifar100_main_gate3_gen_hard_budget70_seed2_final.pth,timm ResNet-18 (strict CPU load verified),CIFAR-100,cifar100_main_gate3,Gen-Hard,0.7,2,final_epoch_200,200,f31e85a5d5b84b07af8c61e2122e27970ebbba2767575a15cd8b709ea9aa3828,44991274,AUTHOR_CREATED; weights=None/False in recovered alpha runner; final-epoch file naming; raw endpoint matches final-paper seed table or balanced result record; tensor-only export removes optimizer/config/private paths; exact tensor equality verified,TENSOR_VERIFIED_PUBLIC_RELEASE,980161e7b4d2e8c7de00d5a0b54716eac68a33b482df15defea979d5cf1f05ca,ICML/outputs_alpha_mix/models/cifar100_budget0.70_K35000_seed2_Gen-Hard.pth
cifar100_alpha_mix_mix_harda1_00_budget70_seed0_final.pth,timm ResNet-18 (strict CPU load verified),CIFAR-100,cifar100_alpha_mix,Mix-Harda1.00,0.7,0,final_epoch_200,200,5d2ba4bb3dfaabcf19653ca2a9ae270a6d3d25696742044569a490083af54749,44991778,AUTHOR_CREATED; weights=None/False in recovered alpha runner; final-epoch file naming; raw endpoint matches final-paper seed table or balanced result record; tensor-only export removes optimizer/config/private paths; exact tensor equality verified,TENSOR_VERIFIED_PUBLIC_RELEASE,af99f4ebccd155b87022baa29d570040166d6019ffba7b310d32644118d997c2,ICML/outputs_alpha_mix/models/cifar100_budget0.70_K35000_seed0_Mix-Harda1.00.pth
cifar100_alpha_mix_mix_harda0_50_budget70_seed0_final.pth,timm ResNet-18 (strict CPU load verified),CIFAR-100,cifar100_alpha_mix,Mix-Harda0.50,0.7,0,final_epoch_200,200,77dc473dc320e548e0aa1628f4adef04fcd5d0053d36b848f765bbf13bfe8257,44991778,AUTHOR_CREATED; weights=None/False in recovered alpha runner; final-epoch file naming; raw endpoint matches final-paper seed table or balanced result record; tensor-only export removes optimizer/config/private paths; exact tensor equality verified,TENSOR_VERIFIED_PUBLIC_RELEASE,3e0e8de7a9017e21e7a79c0861b9e6647e0cbb70dd3f3268328ac13f5d83cfaf,ICML/outputs_alpha_mix/models/cifar100_budget0.70_K35000_seed0_Mix-Harda0.50.pth
cifar100_main_gate3_disc_hard_budget50_seed1_final.pth,timm ResNet-18 (strict CPU load verified),CIFAR-100,cifar100_main_gate3,Disc-Hard,0.5,1,final_epoch_200,200,c77c2f5925c523053eb99784aff9246bc9cb39daf415c3ba820d6e6811f8d226,44991400,AUTHOR_CREATED; weights=None/False in recovered alpha runner; final-epoch file naming; raw endpoint matches final-paper seed table or balanced result record; tensor-only export removes optimizer/config/private paths; exact tensor equality verified,TENSOR_VERIFIED_PUBLIC_RELEASE,bcc39670089afe05a6a8ffea4f081029b2ddba7080fb3a266af4169b8040522e,ICML/outputs_alpha_mix/models/cifar100_budget0.50_K25000_seed1_Disc-Hard.pth
cifar100_main_gate3_random_budget50_seed0_final.pth,timm ResNet-18 (strict CPU load verified),CIFAR-100,cifar100_main_gate3,Random,0.5,0,final_epoch_200,200,26951998268e4a8d640b2093ec3b19ecd886df9cc9d131b8356c585ef1e9973d,44991022,AUTHOR_CREATED; weights=None/False in recovered alpha runner; final-epoch file naming; raw endpoint matches final-paper seed table or balanced result record; tensor-only export removes optimizer/config/private paths; exact tensor equality verified,TENSOR_VERIFIED_PUBLIC_RELEASE,e98ad9a3e23728ad2ad9d1c7883887f0228905c35317d4e6e1723802c44be211,ICML/outputs_alpha_mix/models/cifar100_budget0.50_K25000_seed0_Random.pth
best_cifar100_cborth_keep50_seed2.npy.pth,ResNet-18-compatible,CIFAR-100,historical_ICML_not_matched_to_final_COHE,,,,UNKNOWN,,d3b63e94a82658bd589855382cbb1f99893814eb4ca5eadf27ed6136635e721c,44962946,UNKNOWN; tensor architecture inspected; final-paper provenance not established,DO_NOT_RELEASE_EXCLUDED_UNMATCHED_HISTORICAL,d3b63e94a82658bd589855382cbb1f99893814eb4ca5eadf27ed6136635e721c,ICML/checkpoints/best_cifar100_cborth_keep50_seed2.npy.pth
best_cifar100_ce_hard_keep50_seed1.npy.pth,ResNet-18-compatible,CIFAR-100,historical_ICML_not_matched_to_final_COHE,,,,UNKNOWN,,1319ee86612e2736b421d9977a8b3f3ad196c60d2e2b3a88c7c96e8e042e54e6,44963072,UNKNOWN; tensor architecture inspected; final-paper provenance not established,DO_NOT_RELEASE_EXCLUDED_UNMATCHED_HISTORICAL,1319ee86612e2736b421d9977a8b3f3ad196c60d2e2b3a88c7c96e8e042e54e6,ICML/checkpoints/best_cifar100_ce_hard_keep50_seed1.npy.pth
best_cifar100_cborth_v2_keep30_seed0.npy.pth,ResNet-18-compatible,CIFAR-100,historical_ICML_not_matched_to_final_COHE,,,,UNKNOWN,,f945b506022df77a69e07fc0e1bb36245d0777b3ab2f76afead65bb9a4d23e4f,44963324,UNKNOWN; tensor architecture inspected; final-paper provenance not established,DO_NOT_RELEASE_EXCLUDED_UNMATCHED_HISTORICAL,f945b506022df77a69e07fc0e1bb36245d0777b3ab2f76afead65bb9a4d23e4f,ICML/checkpoints/best_cifar100_cborth_v2_keep30_seed0.npy.pth
best_cifar100_cbq1_keep30_seed1.npy.pth,ResNet-18-compatible,CIFAR-100,historical_ICML_not_matched_to_final_COHE,,,,UNKNOWN,,c64ca6c140e2330d68d5333dec006763c2906650540e03192124381789292d8e,44962694,UNKNOWN; tensor architecture inspected; final-paper provenance not established,DO_NOT_RELEASE_EXCLUDED_UNMATCHED_HISTORICAL,c64ca6c140e2330d68d5333dec006763c2906650540e03192124381789292d8e,ICML/checkpoints/best_cifar100_cbq1_keep30_seed1.npy.pth
best_cifar100_ddiff_low_keep50_seed1.npy.pth,ResNet-18-compatible,CIFAR-100,historical_ICML_not_matched_to_final_COHE,,,,UNKNOWN,,682fd0331e1221d579bd36e9cd1b990854e645a555c7483bf1f5565c290d7b6a,44963324,UNKNOWN; tensor architecture inspected; final-paper provenance not established,DO_NOT_RELEASE_EXCLUDED_UNMATCHED_HISTORICAL,682fd0331e1221d579bd36e9cd1b990854e645a555c7483bf1f5565c290d7b6a,ICML/checkpoints/best_cifar100_ddiff_low_keep50_seed1.npy.pth
best_cifar100_ddiff_high_keep30_seed0.npy.pth,ResNet-18-compatible,CIFAR-100,historical_ICML_not_matched_to_final_COHE,,,,UNKNOWN,,def021f0e6484eb46c79fa29d061b39521d31156ce03c0ddd743e1de54c2449d,44963514,UNKNOWN; tensor architecture inspected; final-paper provenance not established,DO_NOT_RELEASE_EXCLUDED_UNMATCHED_HISTORICAL,def021f0e6484eb46c79fa29d061b39521d31156ce03c0ddd743e1de54c2449d,ICML/checkpoints/best_cifar100_ddiff_high_keep30_seed0.npy.pth
best_cifar100_hybrid_keep50_seed2.npy.pth,ResNet-18-compatible,CIFAR-100,historical_ICML_not_matched_to_final_COHE,,,,UNKNOWN,,769a39758f3fcf3e0ddd3c20e0403f70a116855eca0fdd5d6d795072f1ceae5f,44962946,UNKNOWN; tensor architecture inspected; final-paper provenance not established,DO_NOT_RELEASE_EXCLUDED_UNMATCHED_HISTORICAL,769a39758f3fcf3e0ddd3c20e0403f70a116855eca0fdd5d6d795072f1ceae5f,ICML/checkpoints/best_cifar100_hybrid_keep50_seed2.npy.pth
best_cifar100_cbq1_keep30_seed2.npy.pth,ResNet-18-compatible,CIFAR-100,historical_ICML_not_matched_to_final_COHE,,,,UNKNOWN,,6618cffd24c9189c8c497c3205825ae50d76fc271a5a4ea3cdfb095fb72a4ae6,44962694,UNKNOWN; tensor architecture inspected; final-paper provenance not established,DO_NOT_RELEASE_EXCLUDED_UNMATCHED_HISTORICAL,6618cffd24c9189c8c497c3205825ae50d76fc271a5a4ea3cdfb095fb72a4ae6,ICML/checkpoints/best_cifar100_cbq1_keep30_seed2.npy.pth
best_cifar100_cborth_v2_keep50_seed0.npy.pth,ResNet-18-compatible,CIFAR-100,historical_ICML_not_matched_to_final_COHE,,,,UNKNOWN,,176a57fba2fd59eeb0dc40510dcb3f497d71049a13a27fe10258ed80ec1b5893,44963324,UNKNOWN; tensor architecture inspected; final-paper provenance not established,DO_NOT_RELEASE_EXCLUDED_UNMATCHED_HISTORICAL,176a57fba2fd59eeb0dc40510dcb3f497d71049a13a27fe10258ed80ec1b5893,ICML/checkpoints/best_cifar100_cborth_v2_keep50_seed0.npy.pth
best_cifar100_ddiff_high_keep30_seed1.npy.pth,ResNet-18-compatible,CIFAR-100,historical_ICML_not_matched_to_final_COHE,,,,UNKNOWN,,b341b32b99923491016a435771c37be38279b78d1141f4391d2cabc18a457ff7,44963514,UNKNOWN; tensor architecture inspected; final-paper provenance not established,DO_NOT_RELEASE_EXCLUDED_UNMATCHED_HISTORICAL,b341b32b99923491016a435771c37be38279b78d1141f4391d2cabc18a457ff7,ICML/checkpoints/best_cifar100_ddiff_high_keep30_seed1.npy.pth
best_cifar100_orth_v2_keep30_seed0.npy.pth,ResNet-18-compatible,CIFAR-100,historical_ICML_not_matched_to_final_COHE,,,,UNKNOWN,,6052e0b27d013da103518242fe6727c6c6432810ee2a384e663d3f9eb21a2438,44963072,UNKNOWN; tensor architecture inspected; final-paper provenance not established,DO_NOT_RELEASE_EXCLUDED_UNMATCHED_HISTORICAL,6052e0b27d013da103518242fe6727c6c6432810ee2a384e663d3f9eb21a2438,ICML/checkpoints/best_cifar100_orth_v2_keep30_seed0.npy.pth
best_cifar100_random_keep50_seed0.npy.pth,ResNet-18-compatible,CIFAR-100,historical_ICML_not_matched_to_final_COHE,,,,UNKNOWN,,9981e7130a687664dd6fcf893a68d18ff3496b9e811c7b930c2cb3c9ec47b656,44962946,UNKNOWN; tensor architecture inspected; final-paper provenance not established,DO_NOT_RELEASE_EXCLUDED_UNMATCHED_HISTORICAL,9981e7130a687664dd6fcf893a68d18ff3496b9e811c7b930c2cb3c9ec47b656,ICML/checkpoints/best_cifar100_random_keep50_seed0.npy.pth
best_cifar100_orth_v2_keep30_seed1.npy.pth,ResNet-18-compatible,CIFAR-100,historical_ICML_not_matched_to_final_COHE,,,,UNKNOWN,,d6f390828460dfc8f4787e0d9459ab887756fbacd6b22a77cc9461703e89394a,44963072,UNKNOWN; tensor architecture inspected; final-paper provenance not established,DO_NOT_RELEASE_EXCLUDED_UNMATCHED_HISTORICAL,d6f390828460dfc8f4787e0d9459ab887756fbacd6b22a77cc9461703e89394a,ICML/checkpoints/best_cifar100_orth_v2_keep30_seed1.npy.pth
best_cifar100_ddiff_low_keep30_seed0.npy.pth,ResNet-18-compatible,CIFAR-100,historical_ICML_not_matched_to_final_COHE,,,,UNKNOWN,,fe59006edb7276b98149ee09ad3b783c028a5e3bddebd30078688c7c05402886,44963324,UNKNOWN; tensor architecture inspected; final-paper provenance not established,DO_NOT_RELEASE_EXCLUDED_UNMATCHED_HISTORICAL,fe59006edb7276b98149ee09ad3b783c028a5e3bddebd30078688c7c05402886,ICML/checkpoints/best_cifar100_ddiff_low_keep30_seed0.npy.pth
best_cifar100_cborth_keep30_seed0.npy.pth,ResNet-18-compatible,CIFAR-100,historical_ICML_not_matched_to_final_COHE,,,,UNKNOWN,,612c5ae44973e5ea9c06a5975546ebc22f9331d8aea5f26b8f33405f722e44c3,44962946,UNKNOWN; tensor architecture inspected; final-paper provenance not established,DO_NOT_RELEASE_EXCLUDED_UNMATCHED_HISTORICAL,612c5ae44973e5ea9c06a5975546ebc22f9331d8aea5f26b8f33405f722e44c3,ICML/checkpoints/best_cifar100_cborth_keep30_seed0.npy.pth
best_cifar100_ce_hard_keep50_seed0.npy.pth,ResNet-18-compatible,CIFAR-100,historical_ICML_not_matched_to_final_COHE,,,,UNKNOWN,,03ef50b5ee703cdc0a71e8d8bee59da5ad2dd50d74dd8bd94e67756333a44cc7,44963072,UNKNOWN; tensor architecture inspected; final-paper provenance not established,DO_NOT_RELEASE_EXCLUDED_UNMATCHED_HISTORICAL,03ef50b5ee703cdc0a71e8d8bee59da5ad2dd50d74dd8bd94e67756333a44cc7,ICML/checkpoints/best_cifar100_ce_hard_keep50_seed0.npy.pth
best_cifar100_cborth_v2_keep50_seed2.npy.pth,ResNet-18-compatible,CIFAR-100,historical_ICML_not_matched_to_final_COHE,,,,UNKNOWN,,2e5ff64ff8e233cabdae7fbe52958dec95f88086b10e52f95a0f3ebebc4e3ec6,44963324,UNKNOWN; tensor architecture inspected; final-paper provenance not established,DO_NOT_RELEASE_EXCLUDED_UNMATCHED_HISTORICAL,2e5ff64ff8e233cabdae7fbe52958dec95f88086b10e52f95a0f3ebebc4e3ec6,ICML/checkpoints/best_cifar100_cborth_v2_keep50_seed2.npy.pth
best_cifar100_ce_hard_keep30_seed1.npy.pth,ResNet-18-compatible,CIFAR-100,historical_ICML_not_matched_to_final_COHE,,,,UNKNOWN,,8bb3a22e0ab6bf0483a7b16d7c735de824dc78e1d8226c1f16a81471a36a25da,44963072,UNKNOWN; tensor architecture inspected; final-paper provenance not established,DO_NOT_RELEASE_EXCLUDED_UNMATCHED_HISTORICAL,8bb3a22e0ab6bf0483a7b16d7c735de824dc78e1d8226c1f16a81471a36a25da,ICML/checkpoints/best_cifar100_ce_hard_keep30_seed1.npy.pth
best_cifar100_ce_easy_keep30_seed0.npy.pth,ResNet-18-compatible,CIFAR-100,historical_ICML_not_matched_to_final_COHE,,,,UNKNOWN,,2cdb1f6406595958de8af780123cbfd4eede916c01f38dcf9313b95c602ed5f8,44963072,UNKNOWN; tensor architecture inspected; final-paper provenance not established,DO_NOT_RELEASE_EXCLUDED_UNMATCHED_HISTORICAL,2cdb1f6406595958de8af780123cbfd4eede916c01f38dcf9313b95c602ed5f8,ICML/checkpoints/best_cifar100_ce_easy_keep30_seed0.npy.pth
best_cifar100_ce_easy_keep30_seed1.npy.pth,ResNet-18-compatible,CIFAR-100,historical_ICML_not_matched_to_final_COHE,,,,UNKNOWN,,cbbc9de04c31033f2d6d684bd5913242eac16b28af0aab1e997d2566a99aa6c4,44963072,UNKNOWN; tensor architecture inspected; final-paper provenance not established,DO_NOT_RELEASE_EXCLUDED_UNMATCHED_HISTORICAL,cbbc9de04c31033f2d6d684bd5913242eac16b28af0aab1e997d2566a99aa6c4,ICML/checkpoints/best_cifar100_ce_easy_keep30_seed1.npy.pth
best_cifar100_orth_keep50_seed1.npy.pth,ResNet-18-compatible,CIFAR-100,historical_ICML_not_matched_to_final_COHE,,,,UNKNOWN,,804e46f88ba0ebdd64222652fd60d2cac1fd25c0d21fdc0bcf938646687a08df,44962694,UNKNOWN; tensor architecture inspected; final-paper provenance not established,DO_NOT_RELEASE_EXCLUDED_UNMATCHED_HISTORICAL,804e46f88ba0ebdd64222652fd60d2cac1fd25c0d21fdc0bcf938646687a08df,ICML/checkpoints/best_cifar100_orth_keep50_seed1.npy.pth
best_cifar100_hybrid_keep50_seed0.npy.pth,ResNet-18-compatible,CIFAR-100,historical_ICML_not_matched_to_final_COHE,,,,UNKNOWN,,9f1821234660a3431a1d088bcb66004dd62625ca70e79cf264b7b2f5d7157f53,44962946,UNKNOWN; tensor architecture inspected; final-paper provenance not established,DO_NOT_RELEASE_EXCLUDED_UNMATCHED_HISTORICAL,9f1821234660a3431a1d088bcb66004dd62625ca70e79cf264b7b2f5d7157f53,ICML/checkpoints/best_cifar100_hybrid_keep50_seed0.npy.pth
best_cifar100_ddiff_low_keep30_seed2.npy.pth,ResNet-18-compatible,CIFAR-100,historical_ICML_not_matched_to_final_COHE,,,,UNKNOWN,,71f53d30e4592f49a51bae63ef465576aaf4d615cb531ba7557c83b8e4cf8892,44963324,UNKNOWN; tensor architecture inspected; final-paper provenance not established,DO_NOT_RELEASE_EXCLUDED_UNMATCHED_HISTORICAL,71f53d30e4592f49a51bae63ef465576aaf4d615cb531ba7557c83b8e4cf8892,ICML/checkpoints/best_cifar100_ddiff_low_keep30_seed2.npy.pth
best_cifar100_random_keep30_seed2.npy.pth,ResNet-18-compatible,CIFAR-100,historical_ICML_not_matched_to_final_COHE,,,,UNKNOWN,,20422b6557f305193e09c6f937b8517c7edaeb9a9a943414800790200e67574e,44962946,UNKNOWN; tensor architecture inspected; final-paper provenance not established,DO_NOT_RELEASE_EXCLUDED_UNMATCHED_HISTORICAL,20422b6557f305193e09c6f937b8517c7edaeb9a9a943414800790200e67574e,ICML/checkpoints/best_cifar100_random_keep30_seed2.npy.pth
best_cifar100_ddiff_high_keep50_seed1.npy.pth,ResNet-18-compatible,CIFAR-100,historical_ICML_not_matched_to_final_COHE,,,,UNKNOWN,,e98a8f21d5c38c01a58cfbbabd47d5792dad821cdeba294b6ae92cf23af458d3,44963514,UNKNOWN; tensor architecture inspected; final-paper provenance not established,DO_NOT_RELEASE_EXCLUDED_UNMATCHED_HISTORICAL,e98a8f21d5c38c01a58cfbbabd47d5792dad821cdeba294b6ae92cf23af458d3,ICML/checkpoints/best_cifar100_ddiff_high_keep50_seed1.npy.pth
best_cifar100_orth_v2_keep50_seed1.npy.pth,ResNet-18-compatible,CIFAR-100,historical_ICML_not_matched_to_final_COHE,,,,UNKNOWN,,01335b8c09cca319c98e39bd87b0ad7257c9e6cce92f88eea32cf130e052a6df,44963072,UNKNOWN; tensor architecture inspected; final-paper provenance not established,DO_NOT_RELEASE_EXCLUDED_UNMATCHED_HISTORICAL,01335b8c09cca319c98e39bd87b0ad7257c9e6cce92f88eea32cf130e052a6df,ICML/checkpoints/best_cifar100_orth_v2_keep50_seed1.npy.pth
best_cifar100_ce_easy_keep50_seed0.npy.pth,ResNet-18-compatible,CIFAR-100,historical_ICML_not_matched_to_final_COHE,,,,UNKNOWN,,3503b1ee98f5c0664d467c97ff46f02af6676e6e239c55d1e69452725ecf8ced,44963072,UNKNOWN; tensor architecture inspected; final-paper provenance not established,DO_NOT_RELEASE_EXCLUDED_UNMATCHED_HISTORICAL,3503b1ee98f5c0664d467c97ff46f02af6676e6e239c55d1e69452725ecf8ced,ICML/checkpoints/best_cifar100_ce_easy_keep50_seed0.npy.pth
best_cifar100_ddiff_high_keep50_seed2.npy.pth,ResNet-18-compatible,CIFAR-100,historical_ICML_not_matched_to_final_COHE,,,,UNKNOWN,,bd1f00cb9dd82acd73bf521ac16948f2f7338d33dc19a017a185e24fb1dc8b51,44963514,UNKNOWN; tensor architecture inspected; final-paper provenance not established,DO_NOT_RELEASE_EXCLUDED_UNMATCHED_HISTORICAL,bd1f00cb9dd82acd73bf521ac16948f2f7338d33dc19a017a185e24fb1dc8b51,ICML/checkpoints/best_cifar100_ddiff_high_keep50_seed2.npy.pth
best_cifar100_ddiff_high_keep30_seed2.npy.pth,ResNet-18-compatible,CIFAR-100,historical_ICML_not_matched_to_final_COHE,,,,UNKNOWN,,70e8f07ec96bf362fcca609578fb2a07136f3e9caf1cb02f77dca74d97139ecd,44963514,UNKNOWN; tensor architecture inspected; final-paper provenance not established,DO_NOT_RELEASE_EXCLUDED_UNMATCHED_HISTORICAL,70e8f07ec96bf362fcca609578fb2a07136f3e9caf1cb02f77dca74d97139ecd,ICML/checkpoints/best_cifar100_ddiff_high_keep30_seed2.npy.pth
best_cifar100_hybrid_keep30_seed2.npy.pth,ResNet-18-compatible,CIFAR-100,historical_ICML_not_matched_to_final_COHE,,,,UNKNOWN,,427d13b4019bec699774d9ad975378d5c599e49862db09d4d70cd522a0e2a2d9,44962946,UNKNOWN; tensor architecture inspected; final-paper provenance not established,DO_NOT_RELEASE_EXCLUDED_UNMATCHED_HISTORICAL,427d13b4019bec699774d9ad975378d5c599e49862db09d4d70cd522a0e2a2d9,ICML/checkpoints/best_cifar100_hybrid_keep30_seed2.npy.pth
baseline_seed0.pth,ResNet-18-compatible,CIFAR-100,historical_ICML_not_matched_to_final_COHE,,,,UNKNOWN,,470a0f8de1994bf01ab7818b55e5482936e2415f4a9d06ac984bbd6024699cde,89921958,UNKNOWN; tensor architecture inspected; final-paper provenance not established,DO_NOT_RELEASE_EXCLUDED_UNMATCHED_HISTORICAL,470a0f8de1994bf01ab7818b55e5482936e2415f4a9d06ac984bbd6024699cde,ICML/checkpoints/baseline_seed0.pth
best_cifar100_orth_keep50_seed2.npy.pth,ResNet-18-compatible,CIFAR-100,historical_ICML_not_matched_to_final_COHE,,,,UNKNOWN,,de4dbd8a3a0cfe30c176a4cfe36b4154aab8e9703af29d45ad54e9fa96e8f8dd,44962694,UNKNOWN; tensor architecture inspected; final-paper provenance not established,DO_NOT_RELEASE_EXCLUDED_UNMATCHED_HISTORICAL,de4dbd8a3a0cfe30c176a4cfe36b4154aab8e9703af29d45ad54e9fa96e8f8dd,ICML/checkpoints/best_cifar100_orth_keep50_seed2.npy.pth
best_cifar100_ce_easy_keep50_seed1.npy.pth,ResNet-18-compatible,CIFAR-100,historical_ICML_not_matched_to_final_COHE,,,,UNKNOWN,,89c03b48c191304b8cc510f7560e72284df6eb898ad51ecad8614072597961a4,44963072,UNKNOWN; tensor architecture inspected; final-paper provenance not established,DO_NOT_RELEASE_EXCLUDED_UNMATCHED_HISTORICAL,89c03b48c191304b8cc510f7560e72284df6eb898ad51ecad8614072597961a4,ICML/checkpoints/best_cifar100_ce_easy_keep50_seed1.npy.pth
best_cifar100_cborth_v2_keep50_seed1.npy.pth,ResNet-18-compatible,CIFAR-100,historical_ICML_not_matched_to_final_COHE,,,,UNKNOWN,,492f4cda31cb5f482e872293e4234489ee3ec1e9dbb6b1ffcad6a7cb0de7064b,44963324,UNKNOWN; tensor architecture inspected; final-paper provenance not established,DO_NOT_RELEASE_EXCLUDED_UNMATCHED_HISTORICAL,492f4cda31cb5f482e872293e4234489ee3ec1e9dbb6b1ffcad6a7cb0de7064b,ICML/checkpoints/best_cifar100_cborth_v2_keep50_seed1.npy.pth
best_cifar100_random_keep30_seed0.npy.pth,ResNet-18-compatible,CIFAR-100,historical_ICML_not_matched_to_final_COHE,,,,UNKNOWN,,d0f0c099f3bba9188e784f545a0825207670669a8d3ef80cbeb1e75d6ea8ba80,44962946,UNKNOWN; tensor architecture inspected; final-paper provenance not established,DO_NOT_RELEASE_EXCLUDED_UNMATCHED_HISTORICAL,d0f0c099f3bba9188e784f545a0825207670669a8d3ef80cbeb1e75d6ea8ba80,ICML/checkpoints/best_cifar100_random_keep30_seed0.npy.pth
dgas_seed0.pth,ResNet-18-compatible,CIFAR-100,historical_ICML_not_matched_to_final_COHE,,,,UNKNOWN,,e6491fd77c0b4edc0687267afa48b993d08f043d79c6cfe483b84b4b2d077887,89921206,UNKNOWN; tensor architecture inspected; final-paper provenance not established,DO_NOT_RELEASE_EXCLUDED_UNMATCHED_HISTORICAL,e6491fd77c0b4edc0687267afa48b993d08f043d79c6cfe483b84b4b2d077887,ICML/checkpoints/dgas_seed0.pth
best_cifar100_random_keep50_seed2.npy.pth,ResNet-18-compatible,CIFAR-100,historical_ICML_not_matched_to_final_COHE,,,,UNKNOWN,,056e85caa8fad1016abf661220307c180bd1392ac1df5470e561c2d2d6606d5d,44962946,UNKNOWN; tensor architecture inspected; final-paper provenance not established,DO_NOT_RELEASE_EXCLUDED_UNMATCHED_HISTORICAL,056e85caa8fad1016abf661220307c180bd1392ac1df5470e561c2d2d6606d5d,ICML/checkpoints/best_cifar100_random_keep50_seed2.npy.pth
best_cifar100_cbq1_keep30_seed0.npy.pth,ResNet-18-compatible,CIFAR-100,historical_ICML_not_matched_to_final_COHE,,,,UNKNOWN,,4ef8ccfbf324db2939a5b244d1d47f74afc6fad67752a16e1e4416398640d148,44962694,UNKNOWN; tensor architecture inspected; final-paper provenance not established,DO_NOT_RELEASE_EXCLUDED_UNMATCHED_HISTORICAL,4ef8ccfbf324db2939a5b244d1d47f74afc6fad67752a16e1e4416398640d148,ICML/checkpoints/best_cifar100_cbq1_keep30_seed0.npy.pth
best_cifar100_hybrid_keep50_seed1.npy.pth,ResNet-18-compatible,CIFAR-100,historical_ICML_not_matched_to_final_COHE,,,,UNKNOWN,,b1dc48f77c62811a6499a34a3bdc53f123c74bae717dee8a02f1fc29203fd134,44962946,UNKNOWN; tensor architecture inspected; final-paper provenance not established,DO_NOT_RELEASE_EXCLUDED_UNMATCHED_HISTORICAL,b1dc48f77c62811a6499a34a3bdc53f123c74bae717dee8a02f1fc29203fd134,ICML/checkpoints/best_cifar100_hybrid_keep50_seed1.npy.pth
best_cifar100_orth_keep50_seed0.npy.pth,ResNet-18-compatible,CIFAR-100,historical_ICML_not_matched_to_final_COHE,,,,UNKNOWN,,b73ba560c4840490f3c81e5e7e939485733653ca0edacde1b68cb84ca15b9be3,44962694,UNKNOWN; tensor architecture inspected; final-paper provenance not established,DO_NOT_RELEASE_EXCLUDED_UNMATCHED_HISTORICAL,b73ba560c4840490f3c81e5e7e939485733653ca0edacde1b68cb84ca15b9be3,ICML/checkpoints/best_cifar100_orth_keep50_seed0.npy.pth
best_cifar100_orth_v2_keep50_seed0.npy.pth,ResNet-18-compatible,CIFAR-100,historical_ICML_not_matched_to_final_COHE,,,,UNKNOWN,,d54c6512732f9ab3131e1bb361da93db8102825011b9c0d6bd090112e2840d42,44963072,UNKNOWN; tensor architecture inspected; final-paper provenance not established,DO_NOT_RELEASE_EXCLUDED_UNMATCHED_HISTORICAL,d54c6512732f9ab3131e1bb361da93db8102825011b9c0d6bd090112e2840d42,ICML/checkpoints/best_cifar100_orth_v2_keep50_seed0.npy.pth
best_cifar100_random_keep50_seed1.npy.pth,ResNet-18-compatible,CIFAR-100,historical_ICML_not_matched_to_final_COHE,,,,UNKNOWN,,cc6aa4bf84078819770d3a25578e03fdb414fb1570ba1de947f514ee44c6eec7,44962946,UNKNOWN; tensor architecture inspected; final-paper provenance not established,DO_NOT_RELEASE_EXCLUDED_UNMATCHED_HISTORICAL,cc6aa4bf84078819770d3a25578e03fdb414fb1570ba1de947f514ee44c6eec7,ICML/checkpoints/best_cifar100_random_keep50_seed1.npy.pth
best_cifar100_hybrid_keep30_seed0.npy.pth,ResNet-18-compatible,CIFAR-100,historical_ICML_not_matched_to_final_COHE,,,,UNKNOWN,,586813b1d2eb3f244122baa2a0f2e6227cc0a677422bb9d6bae804a204a8e052,44962946,UNKNOWN; tensor architecture inspected; final-paper provenance not established,DO_NOT_RELEASE_EXCLUDED_UNMATCHED_HISTORICAL,586813b1d2eb3f244122baa2a0f2e6227cc0a677422bb9d6bae804a204a8e052,ICML/checkpoints/best_cifar100_hybrid_keep30_seed0.npy.pth
best_cifar100_ce_easy_keep50_seed2.npy.pth,ResNet-18-compatible,CIFAR-100,historical_ICML_not_matched_to_final_COHE,,,,UNKNOWN,,32c25633b1c4285b309069ca2e1cf5938b34c2797ccccbaffd1f88232437a801,44963072,UNKNOWN; tensor architecture inspected; final-paper provenance not established,DO_NOT_RELEASE_EXCLUDED_UNMATCHED_HISTORICAL,32c25633b1c4285b309069ca2e1cf5938b34c2797ccccbaffd1f88232437a801,ICML/checkpoints/best_cifar100_ce_easy_keep50_seed2.npy.pth
best_cifar100_ddiff_high_keep50_seed0.npy.pth,ResNet-18-compatible,CIFAR-100,historical_ICML_not_matched_to_final_COHE,,,,UNKNOWN,,a108d724ff050fb93aa80acd09faf96bd7257c5debd08b36417acc1ba461a07a,44963514,UNKNOWN; tensor architecture inspected; final-paper provenance not established,DO_NOT_RELEASE_EXCLUDED_UNMATCHED_HISTORICAL,a108d724ff050fb93aa80acd09faf96bd7257c5debd08b36417acc1ba461a07a,ICML/checkpoints/best_cifar100_ddiff_high_keep50_seed0.npy.pth
best_cifar100_cborth_keep50_seed1.npy.pth,ResNet-18-compatible,CIFAR-100,historical_ICML_not_matched_to_final_COHE,,,,UNKNOWN,,066418f80a1df7cc3022f9d5a3d49a7bfd571add57e43dbed5946c15dcb15b22,44962946,UNKNOWN; tensor architecture inspected; final-paper provenance not established,DO_NOT_RELEASE_EXCLUDED_UNMATCHED_HISTORICAL,066418f80a1df7cc3022f9d5a3d49a7bfd571add57e43dbed5946c15dcb15b22,ICML/checkpoints/best_cifar100_cborth_keep50_seed1.npy.pth
best_cifar100_cborth_keep30_seed1.npy.pth,ResNet-18-compatible,CIFAR-100,historical_ICML_not_matched_to_final_COHE,,,,UNKNOWN,,7f4966c8c4dae5f126e22cfdb12a102372ff3d5b284f5c08888c81cd8f35c2e9,44962946,UNKNOWN; tensor architecture inspected; final-paper provenance not established,DO_NOT_RELEASE_EXCLUDED_UNMATCHED_HISTORICAL,7f4966c8c4dae5f126e22cfdb12a102372ff3d5b284f5c08888c81cd8f35c2e9,ICML/checkpoints/best_cifar100_cborth_keep30_seed1.npy.pth
best_cifar100_ce_hard_keep30_seed0.npy.pth,ResNet-18-compatible,CIFAR-100,historical_ICML_not_matched_to_final_COHE,,,,UNKNOWN,,57f16192d00aecfc86c1765c91140633b6dfbcbb905177d8e5808e456b3aa161,44963072,UNKNOWN; tensor architecture inspected; final-paper provenance not established,DO_NOT_RELEASE_EXCLUDED_UNMATCHED_HISTORICAL,57f16192d00aecfc86c1765c91140633b6dfbcbb905177d8e5808e456b3aa161,ICML/checkpoints/best_cifar100_ce_hard_keep30_seed0.npy.pth
best_cifar100_ce_hard_keep50_seed2.npy.pth,ResNet-18-compatible,CIFAR-100,historical_ICML_not_matched_to_final_COHE,,,,UNKNOWN,,6e782c4324b4809cc63fd0c3e6dffe574abd1cb0c79322681da1aef3b34e475f,44963072,UNKNOWN; tensor architecture inspected; final-paper provenance not established,DO_NOT_RELEASE_EXCLUDED_UNMATCHED_HISTORICAL,6e782c4324b4809cc63fd0c3e6dffe574abd1cb0c79322681da1aef3b34e475f,ICML/checkpoints/best_cifar100_ce_hard_keep50_seed2.npy.pth
best_cifar100_cborth_keep50_seed0.npy.pth,ResNet-18-compatible,CIFAR-100,historical_ICML_not_matched_to_final_COHE,,,,UNKNOWN,,6850d5fbbb9695380de2c342d373fa984a864e5a1768378547c489a17ba3a967,44962946,UNKNOWN; tensor architecture inspected; final-paper provenance not established,DO_NOT_RELEASE_EXCLUDED_UNMATCHED_HISTORICAL,6850d5fbbb9695380de2c342d373fa984a864e5a1768378547c489a17ba3a967,ICML/checkpoints/best_cifar100_cborth_keep50_seed0.npy.pth
best_cifar100_orth_v2_keep50_seed2.npy.pth,ResNet-18-compatible,CIFAR-100,historical_ICML_not_matched_to_final_COHE,,,,UNKNOWN,,5b4901bc516f1d83fef4c9c6f808fc47c3e75319b88b0b77c43f0c5f925e6f15,44963072,UNKNOWN; tensor architecture inspected; final-paper provenance not established,DO_NOT_RELEASE_EXCLUDED_UNMATCHED_HISTORICAL,5b4901bc516f1d83fef4c9c6f808fc47c3e75319b88b0b77c43f0c5f925e6f15,ICML/checkpoints/best_cifar100_orth_v2_keep50_seed2.npy.pth
best_cifar100_ce_hard_keep30_seed2.npy.pth,ResNet-18-compatible,CIFAR-100,historical_ICML_not_matched_to_final_COHE,,,,UNKNOWN,,ebc27dd4bace8089c269fde1a96b05fff9f725d8c7862d2866508bd9f98a78bb,44963072,UNKNOWN; tensor architecture inspected; final-paper provenance not established,DO_NOT_RELEASE_EXCLUDED_UNMATCHED_HISTORICAL,ebc27dd4bace8089c269fde1a96b05fff9f725d8c7862d2866508bd9f98a78bb,ICML/checkpoints/best_cifar100_ce_hard_keep30_seed2.npy.pth
best_cifar100_hybrid_keep30_seed1.npy.pth,ResNet-18-compatible,CIFAR-100,historical_ICML_not_matched_to_final_COHE,,,,UNKNOWN,,e12e4e6f31adf73cf63daf971b73879d55d18a62f62e6d1ea90aef6e1382b8ce,44962946,UNKNOWN; tensor architecture inspected; final-paper provenance not established,DO_NOT_RELEASE_EXCLUDED_UNMATCHED_HISTORICAL,e12e4e6f31adf73cf63daf971b73879d55d18a62f62e6d1ea90aef6e1382b8ce,ICML/checkpoints/best_cifar100_hybrid_keep30_seed1.npy.pth
best_cifar100_orth_v2_keep30_seed2.npy.pth,ResNet-18-compatible,CIFAR-100,historical_ICML_not_matched_to_final_COHE,,,,UNKNOWN,,cb7ed66867f6c083c6b291895dc6f7629bacf8526e454ec57dd3fbb8f0659c7b,44963072,UNKNOWN; tensor architecture inspected; final-paper provenance not established,DO_NOT_RELEASE_EXCLUDED_UNMATCHED_HISTORICAL,cb7ed66867f6c083c6b291895dc6f7629bacf8526e454ec57dd3fbb8f0659c7b,ICML/checkpoints/best_cifar100_orth_v2_keep30_seed2.npy.pth
best_cifar100_ddiff_low_keep30_seed1.npy.pth,ResNet-18-compatible,CIFAR-100,historical_ICML_not_matched_to_final_COHE,,,,UNKNOWN,,8054924dceba2a50b4bad94fada9c962c775661a6e52ca5db71d5371a9f6d0d4,44963324,UNKNOWN; tensor architecture inspected; final-paper provenance not established,DO_NOT_RELEASE_EXCLUDED_UNMATCHED_HISTORICAL,8054924dceba2a50b4bad94fada9c962c775661a6e52ca5db71d5371a9f6d0d4,ICML/checkpoints/best_cifar100_ddiff_low_keep30_seed1.npy.pth
best_cifar100_random_keep30_seed1.npy.pth,ResNet-18-compatible,CIFAR-100,historical_ICML_not_matched_to_final_COHE,,,,UNKNOWN,,2bd26a19686fde61ee8a3974a4cef04102d80a10001b4966689a6164a4802e98,44962946,UNKNOWN; tensor architecture inspected; final-paper provenance not established,DO_NOT_RELEASE_EXCLUDED_UNMATCHED_HISTORICAL,2bd26a19686fde61ee8a3974a4cef04102d80a10001b4966689a6164a4802e98,ICML/checkpoints/best_cifar100_random_keep30_seed1.npy.pth
best_cifar100_ce_easy_keep30_seed2.npy.pth,ResNet-18-compatible,CIFAR-100,historical_ICML_not_matched_to_final_COHE,,,,UNKNOWN,,98e55d46668fbf05a641c6564b2f7b7d34c2bcef544f3990d277312d90ecfff0,44963072,UNKNOWN; tensor architecture inspected; final-paper provenance not established,DO_NOT_RELEASE_EXCLUDED_UNMATCHED_HISTORICAL,98e55d46668fbf05a641c6564b2f7b7d34c2bcef544f3990d277312d90ecfff0,ICML/checkpoints/best_cifar100_ce_easy_keep30_seed2.npy.pth
best_cifar100_ddiff_low_keep50_seed2.npy.pth,ResNet-18-compatible,CIFAR-100,historical_ICML_not_matched_to_final_COHE,,,,UNKNOWN,,424cad66eaec560cd60522c7c11aa491590c6f3c47c1b7bc476d3ead8d55e655,44963324,UNKNOWN; tensor architecture inspected; final-paper provenance not established,DO_NOT_RELEASE_EXCLUDED_UNMATCHED_HISTORICAL,424cad66eaec560cd60522c7c11aa491590c6f3c47c1b7bc476d3ead8d55e655,ICML/checkpoints/best_cifar100_ddiff_low_keep50_seed2.npy.pth
best_cifar100_cborth_keep30_seed2.npy.pth,ResNet-18-compatible,CIFAR-100,historical_ICML_not_matched_to_final_COHE,,,,UNKNOWN,,034368f7c96aee5285b2e02a11c1a55ecd1de2c78106e56f6fbfce5c9f4d1ddb,44962946,UNKNOWN; tensor architecture inspected; final-paper provenance not established,DO_NOT_RELEASE_EXCLUDED_UNMATCHED_HISTORICAL,034368f7c96aee5285b2e02a11c1a55ecd1de2c78106e56f6fbfce5c9f4d1ddb,ICML/checkpoints/best_cifar100_cborth_keep30_seed2.npy.pth
best_cifar100_ddiff_low_keep50_seed0.npy.pth,ResNet-18-compatible,CIFAR-100,historical_ICML_not_matched_to_final_COHE,,,,UNKNOWN,,0b5376478364ba0fa900555739ad9138f1c1a833e592c74a78fbb8c253ef1a08,44963324,UNKNOWN; tensor architecture inspected; final-paper provenance not established,DO_NOT_RELEASE_EXCLUDED_UNMATCHED_HISTORICAL,0b5376478364ba0fa900555739ad9138f1c1a833e592c74a78fbb8c253ef1a08,ICML/checkpoints/best_cifar100_ddiff_low_keep50_seed0.npy.pth
imagenet1k_vae_gate3_random_budget30_seed4_best.pth,torchvision ResNet-18,ImageNet-1K,imagenet1k_vae_gate3,random,0.3,4,best_validation_top1,86,51dd372b83122a6ce1052d3a0c9f002b10cf2ed25cdf928cb062778cfa0b856f,46837870,AUTHOR_CREATED; weights=None; COMPLETE config/run status; runner policy audit; tensor-only export removes optimizer/config/private paths; exact tensor equality verified,TENSOR_VERIFIED_PUBLIC_RELEASE,93b9b95298d0cee712b8844a4cba0eb98730b703b987ccb338b09ce8d5808842,ICML/COHE_ImageNet1K_Gate3_20260726/runs/retry_20260727/random/seed4/best.pt
imagenet1k_vae_gate3_random_budget30_seed4_final.pth,torchvision ResNet-18,ImageNet-1K,imagenet1k_vae_gate3,random,0.3,4,final_epoch_90,90,bbc88243414af8f9cbbf32ed60e08c45bbf1a2b95829eadde323e00a8e7c0612,46837996,AUTHOR_CREATED; weights=None; COMPLETE config/run status; runner policy audit; tensor-only export removes optimizer/config/private paths; exact tensor equality verified,TENSOR_VERIFIED_PUBLIC_RELEASE,ce9bc038725e180193cb0d17d9f5033f72b599970e99c838ec42a17a933cfb14,ICML/COHE_ImageNet1K_Gate3_20260726/runs/retry_20260727/random/seed4/final.pt
imagenet1k_vae_gate3_random_budget30_seed3_best.pth,torchvision ResNet-18,ImageNet-1K,imagenet1k_vae_gate3,random,0.3,3,best_validation_top1,72,484a6e26c584b2a1e75a21bcbfa3d36e3628f04a58fecc368c0c02b1066aabcc,46837870,AUTHOR_CREATED; weights=None; COMPLETE config/run status; runner policy audit; tensor-only export removes optimizer/config/private paths; exact tensor equality verified,TENSOR_VERIFIED_PUBLIC_RELEASE,9d930fc46d714bef011c6ecc7dc0c2c510da963b79694e9ffc3e201ed11cbb9b,ICML/COHE_ImageNet1K_Gate3_20260726/runs/retry_20260727/random/seed3/best.pt
imagenet1k_vae_gate3_random_budget30_seed3_final.pth,torchvision ResNet-18,ImageNet-1K,imagenet1k_vae_gate3,random,0.3,3,final_epoch_90,90,e89933ad70154fe41f46f11a9f49c554c1cc679e16af3d57ddf8d7611e91c7b7,46837996,AUTHOR_CREATED; weights=None; COMPLETE config/run status; runner policy audit; tensor-only export removes optimizer/config/private paths; exact tensor equality verified,TENSOR_VERIFIED_PUBLIC_RELEASE,4034e483315ed98075a0ee6184e7db81563d99f5f5275bb3363cd09cd7f7cb67,ICML/COHE_ImageNet1K_Gate3_20260726/runs/retry_20260727/random/seed3/final.pt
imagenet1k_vae_gate3_random_budget30_seed0_best.pth,torchvision ResNet-18,ImageNet-1K,imagenet1k_vae_gate3,random,0.3,0,best_validation_top1,82,bb5ebe9e1100fa9fcd7b4f01c6773aa1ca1a4f605716ab8d2a4df06d2705b83d,46837870,AUTHOR_CREATED; weights=None; COMPLETE config/run status; runner policy audit; tensor-only export removes optimizer/config/private paths; exact tensor equality verified,TENSOR_VERIFIED_PUBLIC_RELEASE,b43530e54da9a2405f1af40b65c477d2f61a83a2c8eb76da02cc64cead81f50b,ICML/COHE_ImageNet1K_Gate3_20260726/runs/retry_20260727/random/seed0/best.pt
imagenet1k_vae_gate3_random_budget30_seed0_final.pth,torchvision ResNet-18,ImageNet-1K,imagenet1k_vae_gate3,random,0.3,0,final_epoch_90,90,a1ecf575fe14f47ab38cc1a4086ee805714be983b68c556c941ddfd678f00bb8,46837996,AUTHOR_CREATED; weights=None; COMPLETE config/run status; runner policy audit; tensor-only export removes optimizer/config/private paths; exact tensor equality verified,TENSOR_VERIFIED_PUBLIC_RELEASE,19b5488317bbdd43f6d810a9d1e6a668805dfa6ade653b57a98bfe479cc20613,ICML/COHE_ImageNet1K_Gate3_20260726/runs/retry_20260727/random/seed0/final.pt
imagenet1k_vae_gate3_random_budget30_seed1_best.pth,torchvision ResNet-18,ImageNet-1K,imagenet1k_vae_gate3,random,0.3,1,best_validation_top1,87,5c41418b2584ffbb4d249365d84afd530d374c09baf67fd5c2772b37ff828870,46837870,AUTHOR_CREATED; weights=None; COMPLETE config/run status; runner policy audit; tensor-only export removes optimizer/config/private paths; exact tensor equality verified,TENSOR_VERIFIED_PUBLIC_RELEASE,c4a31f47d82eb08e9ea4966104d0a324f1ba075b1b9021b7f7ec91cfa55ff783,ICML/COHE_ImageNet1K_Gate3_20260726/runs/retry_20260727/random/seed1/best.pt
imagenet1k_vae_gate3_random_budget30_seed1_final.pth,torchvision ResNet-18,ImageNet-1K,imagenet1k_vae_gate3,random,0.3,1,final_epoch_90,90,c9f5b46192072f707a09b01071a584a8c3a1eb17ad28df29f3697f0a9a3b8db8,46837996,AUTHOR_CREATED; weights=None; COMPLETE config/run status; runner policy audit; tensor-only export removes optimizer/config/private paths; exact tensor equality verified,TENSOR_VERIFIED_PUBLIC_RELEASE,afa23805967194f65656744e7f28b39aa643e56cab36976542fd95eef4111dc5,ICML/COHE_ImageNet1K_Gate3_20260726/runs/retry_20260727/random/seed1/final.pt
imagenet1k_vae_gate3_random_budget30_seed2_best.pth,torchvision ResNet-18,ImageNet-1K,imagenet1k_vae_gate3,random,0.3,2,best_validation_top1,88,c767b560867e287b3633704864bd7cc6a5d7ac0edd0440367c53386ffb2cb66d,46837870,AUTHOR_CREATED; weights=None; COMPLETE config/run status; runner policy audit; tensor-only export removes optimizer/config/private paths; exact tensor equality verified,TENSOR_VERIFIED_PUBLIC_RELEASE,c2a7ab518eb4535a48fbad53185d57c5c5a9c5c33ca2b1c56f6598eff6c96920,ICML/COHE_ImageNet1K_Gate3_20260726/runs/retry_20260727/random/seed2/best.pt
imagenet1k_vae_gate3_random_budget30_seed2_final.pth,torchvision ResNet-18,ImageNet-1K,imagenet1k_vae_gate3,random,0.3,2,final_epoch_90,90,5891a6f5209cbc0376409fa5573e04026e33729afdca16a595a59fe17a83efa0,46837996,AUTHOR_CREATED; weights=None; COMPLETE config/run status; runner policy audit; tensor-only export removes optimizer/config/private paths; exact tensor equality verified,TENSOR_VERIFIED_PUBLIC_RELEASE,34fb3372fb88cf6c081520c6f5982951936b8d58277de7ce78f3db6c4cae7250,ICML/COHE_ImageNet1K_Gate3_20260726/runs/retry_20260727/random/seed2/final.pt
imagenet1k_vae_gate3_proxy_hard_budget30_seed4_best.pth,torchvision ResNet-18,ImageNet-1K,imagenet1k_vae_gate3,proxy_hard,0.3,4,best_validation_top1,75,7ee9779875361df115afc767518ce1c578a6485ea3f88433ce35a5b3277cd35a,46838374,AUTHOR_CREATED; weights=None; COMPLETE config/run status; runner policy audit; tensor-only export removes optimizer/config/private paths; exact tensor equality verified,TENSOR_VERIFIED_PUBLIC_RELEASE,89bad1eb25988c210d837e65283962bdc998f0b455f97613ccde613002fce37f,ICML/COHE_ImageNet1K_Gate3_20260726/runs/retry_20260727/proxy_hard/seed4/best.pt
imagenet1k_vae_gate3_proxy_hard_budget30_seed4_final.pth,torchvision ResNet-18,ImageNet-1K,imagenet1k_vae_gate3,proxy_hard,0.3,4,final_epoch_90,90,9206dab6dc125f22a6a44d21f353ba339d8f6d10c8f1b17e4ed3f30d86385e6c,46838500,AUTHOR_CREATED; weights=None; COMPLETE config/run status; runner policy audit; tensor-only export removes optimizer/config/private paths; exact tensor equality verified,TENSOR_VERIFIED_PUBLIC_RELEASE,92981edce7295debc1beed6c62a6d5f29ed29adaf06d4595dffe4931d50b0570,ICML/COHE_ImageNet1K_Gate3_20260726/runs/retry_20260727/proxy_hard/seed4/final.pt
imagenet1k_vae_gate3_proxy_hard_budget30_seed3_best.pth,torchvision ResNet-18,ImageNet-1K,imagenet1k_vae_gate3,proxy_hard,0.3,3,best_validation_top1,86,4d06eaf70d85f6e9f40dad9b27764751a705db149865653ec1c30942712e3993,46838374,AUTHOR_CREATED; weights=None; COMPLETE config/run status; runner policy audit; tensor-only export removes optimizer/config/private paths; exact tensor equality verified,TENSOR_VERIFIED_PUBLIC_RELEASE,200f4d28881af8368a4d800bbcc3b0a825d649a43505c5545e44d3a21727e394,ICML/COHE_ImageNet1K_Gate3_20260726/runs/retry_20260727/proxy_hard/seed3/best.pt
imagenet1k_vae_gate3_proxy_hard_budget30_seed3_final.pth,torchvision ResNet-18,ImageNet-1K,imagenet1k_vae_gate3,proxy_hard,0.3,3,final_epoch_90,90,c542e98b080001b52fd11613b0e63c8c09ac4880cc2d66685b93e6244c9d4723,46838500,AUTHOR_CREATED; weights=None; COMPLETE config/run status; runner policy audit; tensor-only export removes optimizer/config/private paths; exact tensor equality verified,TENSOR_VERIFIED_PUBLIC_RELEASE,1d911b5121cb9cb99bee38b32ee80eb7965f39741ec280873704900bc296687a,ICML/COHE_ImageNet1K_Gate3_20260726/runs/retry_20260727/proxy_hard/seed3/final.pt
imagenet1k_vae_gate3_proxy_hard_budget30_seed0_best.pth,torchvision ResNet-18,ImageNet-1K,imagenet1k_vae_gate3,proxy_hard,0.3,0,best_validation_top1,70,1939812213d43c00ecf0c352f733bbd445f722e0dc5842dfc147d52b8a0c2423,46838374,AUTHOR_CREATED; weights=None; COMPLETE config/run status; runner policy audit; tensor-only export removes optimizer/config/private paths; exact tensor equality verified,TENSOR_VERIFIED_PUBLIC_RELEASE,d656b2ae956b488bdf23dcbfd155d9c69cfb84c4c61107f067a793f77cf09b5b,ICML/COHE_ImageNet1K_Gate3_20260726/runs/retry_20260727/proxy_hard/seed0/best.pt
imagenet1k_vae_gate3_proxy_hard_budget30_seed0_final.pth,torchvision ResNet-18,ImageNet-1K,imagenet1k_vae_gate3,proxy_hard,0.3,0,final_epoch_90,90,591c0146b088d0ba4362043e4d42f51f037e35b55cf4a1f5b230b01374a29835,46838500,AUTHOR_CREATED; weights=None; COMPLETE config/run status; runner policy audit; tensor-only export removes optimizer/config/private paths; exact tensor equality verified,TENSOR_VERIFIED_PUBLIC_RELEASE,9199d21f124cf06ef3ab916b9dad22334d33df9cf4624d161923573ce4e7073b,ICML/COHE_ImageNet1K_Gate3_20260726/runs/retry_20260727/proxy_hard/seed0/final.pt
imagenet1k_vae_gate3_proxy_hard_budget30_seed1_best.pth,torchvision ResNet-18,ImageNet-1K,imagenet1k_vae_gate3,proxy_hard,0.3,1,best_validation_top1,79,2b655160ee3c58aae7ae7ab87d9fbf124d1b1a41a2790ce5abf2edf131a54286,46838374,AUTHOR_CREATED; weights=None; COMPLETE config/run status; runner policy audit; tensor-only export removes optimizer/config/private paths; exact tensor equality verified,TENSOR_VERIFIED_PUBLIC_RELEASE,e9bdfa8f1abafdce207975ac2a116d7c87e9a85e70484aa813915932fce719b0,ICML/COHE_ImageNet1K_Gate3_20260726/runs/retry_20260727/proxy_hard/seed1/best.pt
imagenet1k_vae_gate3_proxy_hard_budget30_seed1_final.pth,torchvision ResNet-18,ImageNet-1K,imagenet1k_vae_gate3,proxy_hard,0.3,1,final_epoch_90,90,8d60997cb4d5e57db9dd5479fb74549546d9e1c96635fdbf0fca7176ab80653f,46838500,AUTHOR_CREATED; weights=None; COMPLETE config/run status; runner policy audit; tensor-only export removes optimizer/config/private paths; exact tensor equality verified,TENSOR_VERIFIED_PUBLIC_RELEASE,5486d5f95a6477ca62ee3fcc32485cb8fb1778c9640772b0ddf63d2c9f9cdba2,ICML/COHE_ImageNet1K_Gate3_20260726/runs/retry_20260727/proxy_hard/seed1/final.pt
imagenet1k_vae_gate3_proxy_hard_budget30_seed2_best.pth,torchvision ResNet-18,ImageNet-1K,imagenet1k_vae_gate3,proxy_hard,0.3,2,best_validation_top1,66,a0fc2a9459929700ac4427a2d7c1265df37427ed5d58883d6d10cecf5167fb4b,46838374,AUTHOR_CREATED; weights=None; COMPLETE config/run status; runner policy audit; tensor-only export removes optimizer/config/private paths; exact tensor equality verified,TENSOR_VERIFIED_PUBLIC_RELEASE,58d10566cf87a906b50d1b283b51f72ea452ef568c8ddcc4dedfe6d289ea618b,ICML/COHE_ImageNet1K_Gate3_20260726/runs/retry_20260727/proxy_hard/seed2/best.pt
imagenet1k_vae_gate3_proxy_hard_budget30_seed2_final.pth,torchvision ResNet-18,ImageNet-1K,imagenet1k_vae_gate3,proxy_hard,0.3,2,final_epoch_90,90,013850bd3d0098f0bb2d2944d2bf77e60d42a790cc215d938aaee945ac425b55,46838500,AUTHOR_CREATED; weights=None; COMPLETE config/run status; runner policy audit; tensor-only export removes optimizer/config/private paths; exact tensor equality verified,TENSOR_VERIFIED_PUBLIC_RELEASE,77edded4826cc9f112dfdd54c2f7f08a947e34020940aba8d341c8af2b3cdb71,ICML/COHE_ImageNet1K_Gate3_20260726/runs/retry_20260727/proxy_hard/seed2/final.pt
hardmine_seed0.pth,UNKNOWN,UNKNOWN,UNRESOLVED,,,,UNKNOWN,,1b73d9c7a140e63b36d9b481d6756ec7277707a20f0d713611cd6f49655e23ce,90055078,UNKNOWN,DO_NOT_RELEASE_NEEDS_HUMAN_PROVENANCE_REVIEW,1b73d9c7a140e63b36d9b481d6756ec7277707a20f0d713611cd6f49655e23ce,ICML/checkpoints_gradpurify/hardmine_seed0.pth
baseline_seed0.pth,UNKNOWN,UNKNOWN,UNRESOLVED,,,,UNKNOWN,,f9be1cfa631dc8d6cf944025731b72de23362ade5df254c935db129e17a320b2,90364518,UNKNOWN,DO_NOT_RELEASE_NEEDS_HUMAN_PROVENANCE_REVIEW,f9be1cfa631dc8d6cf944025731b72de23362ade5df254c935db129e17a320b2,ICML/checkpoints_gradpurify/baseline_seed0.pth
cifar100_balanced_controls_balanced_gen_hard_budget30_seed0_final.pth,timm ResNet-18 (strict CPU load verified),CIFAR-100,cifar100_balanced_controls,balanced_Gen-Hard,0.3,0,final_epoch_200,200,bf3cbfa803e9db8491d1f6747e5874d33a0a986bccfae7244cd15b467bfb6335,44994698,AUTHOR_CREATED; weights=None/False in recovered alpha runner; final-epoch file naming; raw endpoint matches final-paper seed table or balanced result record; tensor-only export removes optimizer/config/private paths; exact tensor equality verified,TENSOR_VERIFIED_PUBLIC_RELEASE,43ab2b9539b5a74150d8399a78267d535de8958e71089f2d5b1f9921744a6b56,ICML/rebuttal_2026/ttal_full_response/results/w3_balanced_control/raw/models/cifar100_budget0.30_K15000_seed0_balanced_Gen-Hard.pth
cifar100_balanced_controls_balanced_disc_hard_budget10_seed1_final.pth,timm ResNet-18 (strict CPU load verified),CIFAR-100,cifar100_balanced_controls,balanced_Disc-Hard,0.1,1,final_epoch_200,200,e47f62483eeb14db6be94e54839fb73ae40860ad987c9663b138d5298211df1e,44994888,AUTHOR_CREATED; weights=None/False in recovered alpha runner; final-epoch file naming; raw endpoint matches final-paper seed table or balanced result record; tensor-only export removes optimizer/config/private paths; exact tensor equality verified,TENSOR_VERIFIED_PUBLIC_RELEASE,dd1ee9d5819bb77cf01971cf3fa17d41a01289957ff9c648149a6da119856c4b,ICML/rebuttal_2026/ttal_full_response/results/w3_balanced_control/raw/models/cifar100_budget0.10_K5000_seed1_balanced_Disc-Hard.pth
cifar100_budget0.30_K15000_seed1_unbalanced_Gen-Hard.pth,ResNet-18-compatible,CIFAR-100,cifar100_balanced_controls,unbalanced_Gen-Hard,0.3,1,final_epoch_200_candidate,200,59b2399326d24a9c281b1279c7c97508132112f4fd14c2c728e6b6a6835f0c3b,44996836,AUTHOR_CREATED candidate; restricted-loaded ResNet state; runner saves matching names; per-run endpoint cross-check required,DO_NOT_RELEASE_ENDPOINT_MATCH_REVIEW_REQUIRED,59b2399326d24a9c281b1279c7c97508132112f4fd14c2c728e6b6a6835f0c3b,ICML/rebuttal_2026/ttal_full_response/results/w3_balanced_control/raw/models/cifar100_budget0.30_K15000_seed1_unbalanced_Gen-Hard.pth
cifar100_balanced_controls_balanced_random_budget10_seed0_final.pth,timm ResNet-18 (strict CPU load verified),CIFAR-100,cifar100_balanced_controls,balanced_Random,0.1,0,final_epoch_200,200,dc921f5733d697c57aab33cee5278e221b18da9ac2153a949f48d7bd094aa21a,44994254,AUTHOR_CREATED; weights=None/False in recovered alpha runner; final-epoch file naming; raw endpoint matches final-paper seed table or balanced result record; tensor-only export removes optimizer/config/private paths; exact tensor equality verified,TENSOR_VERIFIED_PUBLIC_RELEASE,52f59b6c848028ac443bf7a46a52ab3d5ff0a9a9649fffcee3f90e105e4894a5,ICML/rebuttal_2026/ttal_full_response/results/w3_balanced_control/raw/models/cifar100_budget0.10_K5000_seed0_balanced_Random.pth
cifar100_budget0.30_K15000_seed1_unbalanced_Random.pth,ResNet-18-compatible,CIFAR-100,cifar100_balanced_controls,unbalanced_Random,0.3,1,final_epoch_200_candidate,200,8798f393c2c3821696274fa396ae512fe2d1550c8134d43b4ce96aebc80ea84b,44996584,AUTHOR_CREATED candidate; restricted-loaded ResNet state; runner saves matching names; per-run endpoint cross-check required,DO_NOT_RELEASE_ENDPOINT_MATCH_REVIEW_REQUIRED,8798f393c2c3821696274fa396ae512fe2d1550c8134d43b4ce96aebc80ea84b,ICML/rebuttal_2026/ttal_full_response/results/w3_balanced_control/raw/models/cifar100_budget0.30_K15000_seed1_unbalanced_Random.pth
cifar100_budget0.30_K15000_seed1_unbalanced_Disc-Hard.pth,ResNet-18-compatible,CIFAR-100,cifar100_balanced_controls,unbalanced_Disc-Hard,0.3,1,final_epoch_200_candidate,200,da568b166a5ce8db432a06eb0b68615269385d30b98a4f9a6a0e51f876275a44,44996962,AUTHOR_CREATED candidate; restricted-loaded ResNet state; runner saves matching names; per-run endpoint cross-check required,DO_NOT_RELEASE_ENDPOINT_MATCH_REVIEW_REQUIRED,da568b166a5ce8db432a06eb0b68615269385d30b98a4f9a6a0e51f876275a44,ICML/rebuttal_2026/ttal_full_response/results/w3_balanced_control/raw/models/cifar100_budget0.30_K15000_seed1_unbalanced_Disc-Hard.pth
cifar100_balanced_controls_balanced_disc_hard_budget30_seed1_final.pth,timm ResNet-18 (strict CPU load verified),CIFAR-100,cifar100_balanced_controls,balanced_Disc-Hard,0.3,1,final_epoch_200,200,f70450d8668263633e83fd5efd0f6e29ae9fafe7f95e6657af96e70d777271af,44994888,AUTHOR_CREATED; weights=None/False in recovered alpha runner; final-epoch file naming; raw endpoint matches final-paper seed table or balanced result record; tensor-only export removes optimizer/config/private paths; exact tensor equality verified,TENSOR_VERIFIED_PUBLIC_RELEASE,81ce8a41b4691726f8f27fb5648a9f1b23257bde57654969d20735655f573752,ICML/rebuttal_2026/ttal_full_response/results/w3_balanced_control/raw/models/cifar100_budget0.30_K15000_seed1_balanced_Disc-Hard.pth
cifar100_budget0.30_K15000_seed2_unbalanced_Disc-Hard.pth,ResNet-18-compatible,CIFAR-100,cifar100_balanced_controls,unbalanced_Disc-Hard,0.3,2,final_epoch_200_candidate,200,83b0e78634a87a69235d51ec989322706d538d0aa78f2a8106ae2c3721d6dce7,44996962,AUTHOR_CREATED candidate; restricted-loaded ResNet state; runner saves matching names; per-run endpoint cross-check required,DO_NOT_RELEASE_ENDPOINT_MATCH_REVIEW_REQUIRED,83b0e78634a87a69235d51ec989322706d538d0aa78f2a8106ae2c3721d6dce7,ICML/rebuttal_2026/ttal_full_response/results/w3_balanced_control/raw/models/cifar100_budget0.30_K15000_seed2_unbalanced_Disc-Hard.pth
cifar100_balanced_controls_balanced_disc_hard_budget30_seed0_final.pth,timm ResNet-18 (strict CPU load verified),CIFAR-100,cifar100_balanced_controls,balanced_Disc-Hard,0.3,0,final_epoch_200,200,08ab59f764f463e9f57ff57b27da78f63b7cf0ababaa116e0cde4d30aa1521a0,44994888,AUTHOR_CREATED; weights=None/False in recovered alpha runner; final-epoch file naming; raw endpoint matches final-paper seed table or balanced result record; tensor-only export removes optimizer/config/private paths; exact tensor equality verified,TENSOR_VERIFIED_PUBLIC_RELEASE,32e3e679032b7307c875002b89e4200f2e4ffe79a4572bc74872c74c978e3da5,ICML/rebuttal_2026/ttal_full_response/results/w3_balanced_control/raw/models/cifar100_budget0.30_K15000_seed0_balanced_Disc-Hard.pth
cifar100_balanced_controls_balanced_gen_hard_budget30_seed1_final.pth,timm ResNet-18 (strict CPU load verified),CIFAR-100,cifar100_balanced_controls,balanced_Gen-Hard,0.3,1,final_epoch_200,200,3221e7264911775b7b57f3c49e559c64904666a1c9eb7182cf6e2fd8a2268830,44994698,AUTHOR_CREATED; weights=None/False in recovered alpha runner; final-epoch file naming; raw endpoint matches final-paper seed table or balanced result record; tensor-only export removes optimizer/config/private paths; exact tensor equality verified,TENSOR_VERIFIED_PUBLIC_RELEASE,0c1a574cbca8b7c0faa11b3da18a5b8df017ea807533e6b06aec15dde6ce6d4f,ICML/rebuttal_2026/ttal_full_response/results/w3_balanced_control/raw/models/cifar100_budget0.30_K15000_seed1_balanced_Gen-Hard.pth
cifar100_balanced_controls_balanced_gen_hard_budget10_seed1_final.pth,timm ResNet-18 (strict CPU load verified),CIFAR-100,cifar100_balanced_controls,balanced_Gen-Hard,0.1,1,final_epoch_200,200,1e446854c1c3ed5b6072cd26864b62beb6f43d0b36fd9c7c8045ac149622de55,44994698,AUTHOR_CREATED; weights=None/False in recovered alpha runner; final-epoch file naming; raw endpoint matches final-paper seed table or balanced result record; tensor-only export removes optimizer/config/private paths; exact tensor equality verified,TENSOR_VERIFIED_PUBLIC_RELEASE,5ef7ff92d085f7447e296346e012a5fcd4bb6546544538ba70bb2415e48c5dff,ICML/rebuttal_2026/ttal_full_response/results/w3_balanced_control/raw/models/cifar100_budget0.10_K5000_seed1_balanced_Gen-Hard.pth
cifar100_budget0.30_K15000_seed0_unbalanced_Random.pth,ResNet-18-compatible,CIFAR-100,cifar100_balanced_controls,unbalanced_Random,0.3,0,final_epoch_200_candidate,200,4c27d81ae147400f379af6baad5e7010cba8b987415dbd1ebc86c0e6f9973dd7,44996584,AUTHOR_CREATED candidate; restricted-loaded ResNet state; runner saves matching names; per-run endpoint cross-check required,DO_NOT_RELEASE_ENDPOINT_MATCH_REVIEW_REQUIRED,4c27d81ae147400f379af6baad5e7010cba8b987415dbd1ebc86c0e6f9973dd7,ICML/rebuttal_2026/ttal_full_response/results/w3_balanced_control/raw/models/cifar100_budget0.30_K15000_seed0_unbalanced_Random.pth
cifar100_balanced_controls_balanced_gen_hard_budget30_seed2_final.pth,timm ResNet-18 (strict CPU load verified),CIFAR-100,cifar100_balanced_controls,balanced_Gen-Hard,0.3,2,final_epoch_200,200,cbc59ee9b8dd5aa1c26bcc29103551a961606be04c00c63ad0754cfaac6c8ba8,44994698,AUTHOR_CREATED; weights=None/False in recovered alpha runner; final-epoch file naming; raw endpoint matches final-paper seed table or balanced result record; tensor-only export removes optimizer/config/private paths; exact tensor equality verified,TENSOR_VERIFIED_PUBLIC_RELEASE,8e005278c940057b64ce5bc6f359fc886fc8d60b686139d8ae534376fd0ae750,ICML/rebuttal_2026/ttal_full_response/results/w3_balanced_control/raw/models/cifar100_budget0.30_K15000_seed2_balanced_Gen-Hard.pth
cifar100_balanced_controls_balanced_disc_hard_budget10_seed2_final.pth,timm ResNet-18 (strict CPU load verified),CIFAR-100,cifar100_balanced_controls,balanced_Disc-Hard,0.1,2,final_epoch_200,200,c1afa7b7bc04f17294036810b1c25b065dd33d8efc3b27ad0f897e229fd3b6b4,44994888,AUTHOR_CREATED; weights=None/False in recovered alpha runner; final-epoch file naming; raw endpoint matches final-paper seed table or balanced result record; tensor-only export removes optimizer/config/private paths; exact tensor equality verified,TENSOR_VERIFIED_PUBLIC_RELEASE,b2bef5cf8a648e4482a62ce610b22f3d2c52a204e6db620759ffe99fc8c1d295,ICML/rebuttal_2026/ttal_full_response/results/w3_balanced_control/raw/models/cifar100_budget0.10_K5000_seed2_balanced_Disc-Hard.pth
cifar100_budget0.30_K15000_seed0_unbalanced_Gen-Hard.pth,ResNet-18-compatible,CIFAR-100,cifar100_balanced_controls,unbalanced_Gen-Hard,0.3,0,final_epoch_200_candidate,200,cbde27a445d58e9b29987b0784438c875934d0e0eaeaf0be94a88d24128f9ac3,44996836,AUTHOR_CREATED candidate; restricted-loaded ResNet state; runner saves matching names; per-run endpoint cross-check required,DO_NOT_RELEASE_ENDPOINT_MATCH_REVIEW_REQUIRED,cbde27a445d58e9b29987b0784438c875934d0e0eaeaf0be94a88d24128f9ac3,ICML/rebuttal_2026/ttal_full_response/results/w3_balanced_control/raw/models/cifar100_budget0.30_K15000_seed0_unbalanced_Gen-Hard.pth
cifar100_budget0.30_K15000_seed0_unbalanced_Disc-Hard.pth,ResNet-18-compatible,CIFAR-100,cifar100_balanced_controls,unbalanced_Disc-Hard,0.3,0,final_epoch_200_candidate,200,52fe88c6fe0f1cb77ea2422092166d79cc8b8e7f984283328006ae41a2d5a86e,44996962,AUTHOR_CREATED candidate; restricted-loaded ResNet state; runner saves matching names; per-run endpoint cross-check required,DO_NOT_RELEASE_ENDPOINT_MATCH_REVIEW_REQUIRED,52fe88c6fe0f1cb77ea2422092166d79cc8b8e7f984283328006ae41a2d5a86e,ICML/rebuttal_2026/ttal_full_response/results/w3_balanced_control/raw/models/cifar100_budget0.30_K15000_seed0_unbalanced_Disc-Hard.pth
cifar100_balanced_controls_balanced_random_budget10_seed2_final.pth,timm ResNet-18 (strict CPU load verified),CIFAR-100,cifar100_balanced_controls,balanced_Random,0.1,2,final_epoch_200,200,96fa8446de8d817746282f24963db9118291ef2d103e484fd4f7b48fabd40037,44994254,AUTHOR_CREATED; weights=None/False in recovered alpha runner; final-epoch file naming; raw endpoint matches final-paper seed table or balanced result record; tensor-only export removes optimizer/config/private paths; exact tensor equality verified,TENSOR_VERIFIED_PUBLIC_RELEASE,0036d3820ec60f3b0283ecdf3f693607e4521cffa2e0bca7202d1c3980d700c4,ICML/rebuttal_2026/ttal_full_response/results/w3_balanced_control/raw/models/cifar100_budget0.10_K5000_seed2_balanced_Random.pth
cifar100_balanced_controls_balanced_disc_hard_budget10_seed0_final.pth,timm ResNet-18 (strict CPU load verified),CIFAR-100,cifar100_balanced_controls,balanced_Disc-Hard,0.1,0,final_epoch_200,200,e948cc4d21074bd9771a20a2f2fe268bcdfde4f1fc566c92cf26b98ac3f50b77,44994888,AUTHOR_CREATED; weights=None/False in recovered alpha runner; final-epoch file naming; raw endpoint matches final-paper seed table or balanced result record; tensor-only export removes optimizer/config/private paths; exact tensor equality verified,TENSOR_VERIFIED_PUBLIC_RELEASE,f63f1d98e1cc34751c5f1d32849a70709009287d8497c1ec1fc726acf9e4e03f,ICML/rebuttal_2026/ttal_full_response/results/w3_balanced_control/raw/models/cifar100_budget0.10_K5000_seed0_balanced_Disc-Hard.pth
cifar100_balanced_controls_balanced_random_budget30_seed0_final.pth,timm ResNet-18 (strict CPU load verified),CIFAR-100,cifar100_balanced_controls,balanced_Random,0.3,0,final_epoch_200,200,6b19a98e333377b8e67c0a7f1741500711294f8f8444749c448e33184536a1a1,44994254,AUTHOR_CREATED; weights=None/False in recovered alpha runner; final-epoch file naming; raw endpoint matches final-paper seed table or balanced result record; tensor-only export removes optimizer/config/private paths; exact tensor equality verified,TENSOR_VERIFIED_PUBLIC_RELEASE,f575b4f8d759b9f5609d6a79673ca108df6f9ace3db5fdb4895f439864dee39a,ICML/rebuttal_2026/ttal_full_response/results/w3_balanced_control/raw/models/cifar100_budget0.30_K15000_seed0_balanced_Random.pth
cifar100_balanced_controls_balanced_gen_hard_budget10_seed0_final.pth,timm ResNet-18 (strict CPU load verified),CIFAR-100,cifar100_balanced_controls,balanced_Gen-Hard,0.1,0,final_epoch_200,200,23a593ee6505bbc02b435e3ec7764549ec7b89602886ead10a7f9e442dc98c82,44994698,AUTHOR_CREATED; weights=None/False in recovered alpha runner; final-epoch file naming; raw endpoint matches final-paper seed table or balanced result record; tensor-only export removes optimizer/config/private paths; exact tensor equality verified,TENSOR_VERIFIED_PUBLIC_RELEASE,16f89d8de05838d1c86f45b3e0d5983782ba6e20e7c6b84a3fa757188eceb5c8,ICML/rebuttal_2026/ttal_full_response/results/w3_balanced_control/raw/models/cifar100_budget0.10_K5000_seed0_balanced_Gen-Hard.pth
cifar100_balanced_controls_balanced_random_budget30_seed2_final.pth,timm ResNet-18 (strict CPU load verified),CIFAR-100,cifar100_balanced_controls,balanced_Random,0.3,2,final_epoch_200,200,7cfdf8cb4c65c6e7b0851abdcd3e515b3f74938f0e98262c1de53ae3a8164c31,44994254,AUTHOR_CREATED; weights=None/False in recovered alpha runner; final-epoch file naming; raw endpoint matches final-paper seed table or balanced result record; tensor-only export removes optimizer/config/private paths; exact tensor equality verified,TENSOR_VERIFIED_PUBLIC_RELEASE,c768b983eb5ef6373b5e865350ba91cfd062ae9ec63e12aaa759943dc720d034,ICML/rebuttal_2026/ttal_full_response/results/w3_balanced_control/raw/models/cifar100_budget0.30_K15000_seed2_balanced_Random.pth
cifar100_balanced_controls_balanced_random_budget30_seed1_final.pth,timm ResNet-18 (strict CPU load verified),CIFAR-100,cifar100_balanced_controls,balanced_Random,0.3,1,final_epoch_200,200,2c4059d09b9bb7e54c1aa304b0ad029ad098dc9d0776ef73f4bdf69d6ece01ae,44994254,AUTHOR_CREATED; weights=None/False in recovered alpha runner; final-epoch file naming; raw endpoint matches final-paper seed table or balanced result record; tensor-only export removes optimizer/config/private paths; exact tensor equality verified,TENSOR_VERIFIED_PUBLIC_RELEASE,96acceb3c457bdcc7dbb450819e0a1c0fe947a6bf664fdeb1180ed2fbc37391e,ICML/rebuttal_2026/ttal_full_response/results/w3_balanced_control/raw/models/cifar100_budget0.30_K15000_seed1_balanced_Random.pth
cifar100_balanced_controls_balanced_disc_hard_budget30_seed2_final.pth,timm ResNet-18 (strict CPU load verified),CIFAR-100,cifar100_balanced_controls,balanced_Disc-Hard,0.3,2,final_epoch_200,200,417ae512650352b51a254a692d9d876a90989063bebf6fd29815d0e6bfa4cb49,44994888,AUTHOR_CREATED; weights=None/False in recovered alpha runner; final-epoch file naming; raw endpoint matches final-paper seed table or balanced result record; tensor-only export removes optimizer/config/private paths; exact tensor equality verified,TENSOR_VERIFIED_PUBLIC_RELEASE,b236b99a48a87d3125b999a06a18483b3fac529114ed7996560fa0f9a7837196,ICML/rebuttal_2026/ttal_full_response/results/w3_balanced_control/raw/models/cifar100_budget0.30_K15000_seed2_balanced_Disc-Hard.pth
cifar100_budget0.30_K15000_seed2_unbalanced_Random.pth,ResNet-18-compatible,CIFAR-100,cifar100_balanced_controls,unbalanced_Random,0.3,2,final_epoch_200_candidate,200,9bab3d0c06b09e357befcb25df6dab2dcbbd21b159bfc8f5a08d4697464b4b24,44996584,AUTHOR_CREATED candidate; restricted-loaded ResNet state; runner saves matching names; per-run endpoint cross-check required,DO_NOT_RELEASE_ENDPOINT_MATCH_REVIEW_REQUIRED,9bab3d0c06b09e357befcb25df6dab2dcbbd21b159bfc8f5a08d4697464b4b24,ICML/rebuttal_2026/ttal_full_response/results/w3_balanced_control/raw/models/cifar100_budget0.30_K15000_seed2_unbalanced_Random.pth
cifar100_balanced_controls_balanced_random_budget10_seed1_final.pth,timm ResNet-18 (strict CPU load verified),CIFAR-100,cifar100_balanced_controls,balanced_Random,0.1,1,final_epoch_200,200,4b2b0a2581bcc51b935a2044dd060f421421721178f2d58309298254426bb624,44994254,AUTHOR_CREATED; weights=None/False in recovered alpha runner; final-epoch file naming; raw endpoint matches final-paper seed table or balanced result record; tensor-only export removes optimizer/config/private paths; exact tensor equality verified,TENSOR_VERIFIED_PUBLIC_RELEASE,b14034b58b900ca4bf804729cb90dd6526e519b3c7b4324822f04f867f041912,ICML/rebuttal_2026/ttal_full_response/results/w3_balanced_control/raw/models/cifar100_budget0.10_K5000_seed1_balanced_Random.pth
cifar100_balanced_controls_balanced_gen_hard_budget10_seed2_final.pth,timm ResNet-18 (strict CPU load verified),CIFAR-100,cifar100_balanced_controls,balanced_Gen-Hard,0.1,2,final_epoch_200,200,61ba0fd1345e357a2d73e7b60e2c1575ea62f84bc0eff785b0bec86914b2f5cb,44994698,AUTHOR_CREATED; weights=None/False in recovered alpha runner; final-epoch file naming; raw endpoint matches final-paper seed table or balanced result record; tensor-only export removes optimizer/config/private paths; exact tensor equality verified,TENSOR_VERIFIED_PUBLIC_RELEASE,1eb415c1772b8fc909d104017dc29f4650eadec8059e96ed3ec779051ad626ac,ICML/rebuttal_2026/ttal_full_response/results/w3_balanced_control/raw/models/cifar100_budget0.10_K5000_seed2_balanced_Gen-Hard.pth
cifar100_budget0.30_K15000_seed2_unbalanced_Gen-Hard.pth,ResNet-18-compatible,CIFAR-100,cifar100_balanced_controls,unbalanced_Gen-Hard,0.3,2,final_epoch_200_candidate,200,f07106a38cecb35d62f80da1473919edd9525a1eccf1c6e78212662113c0b10b,44996836,AUTHOR_CREATED candidate; restricted-loaded ResNet state; runner saves matching names; per-run endpoint cross-check required,DO_NOT_RELEASE_ENDPOINT_MATCH_REVIEW_REQUIRED,f07106a38cecb35d62f80da1473919edd9525a1eccf1c6e78212662113c0b10b,ICML/rebuttal_2026/ttal_full_response/results/w3_balanced_control/raw/models/cifar100_budget0.30_K15000_seed2_unbalanced_Gen-Hard.pth
cifar100_main_gate3_predictive_entropy_budget50_seed0_final.pth,timm ResNet-18 (strict CPU load verified),CIFAR-100,cifar100_main_gate3,Predictive-Entropy,0.5,0,final_epoch_200,200,b79ca441d714ec74fa34a40787463fb55370a8726b6950b67990c33143761557,44992662,AUTHOR_CREATED; weights=None/False in recovered alpha runner; final-epoch file naming; raw endpoint matches final-paper seed table or balanced result record; tensor-only export removes optimizer/config/private paths; exact tensor equality verified,TENSOR_VERIFIED_PUBLIC_RELEASE,c0967aa129fa765762bf9ab21666c7dfe566cf43825f58f3720200bc41a49d8f,ICML/rebuttal_2026/ttal_full_response/results/w3_uncertainty_baseline/runs/budget0.5/models/cifar100_budget0.50_K25000_seed0_Predictive-Entropy.pth
cifar100_main_gate3_predictive_entropy_budget50_seed2_final.pth,timm ResNet-18 (strict CPU load verified),CIFAR-100,cifar100_main_gate3,Predictive-Entropy,0.5,2,final_epoch_200,200,7d55135a6e6d0917228a7ca772afd26d6ba264073e2e87559ddf56ab70436fe8,44992662,AUTHOR_CREATED; weights=None/False in recovered alpha runner; final-epoch file naming; raw endpoint matches final-paper seed table or balanced result record; tensor-only export removes optimizer/config/private paths; exact tensor equality verified,TENSOR_VERIFIED_PUBLIC_RELEASE,ed364698d3ebe2eba98c0baa1b22150768e177e4701da751b830394b6cb64a74,ICML/rebuttal_2026/ttal_full_response/results/w3_uncertainty_baseline/runs/budget0.5/models/cifar100_budget0.50_K25000_seed2_Predictive-Entropy.pth
cifar100_main_gate3_predictive_entropy_budget50_seed1_final.pth,timm ResNet-18 (strict CPU load verified),CIFAR-100,cifar100_main_gate3,Predictive-Entropy,0.5,1,final_epoch_200,200,5f8d013aff7f6d662afed972e606743515383b62896ba9320ba2a28835d8faa0,44992662,AUTHOR_CREATED; weights=None/False in recovered alpha runner; final-epoch file naming; raw endpoint matches final-paper seed table or balanced result record; tensor-only export removes optimizer/config/private paths; exact tensor equality verified,TENSOR_VERIFIED_PUBLIC_RELEASE,610f213323f92a98bcc4c900b4c188343471d07c25c78ad2c769753da86b22d2,ICML/rebuttal_2026/ttal_full_response/results/w3_uncertainty_baseline/runs/budget0.5/models/cifar100_budget0.50_K25000_seed1_Predictive-Entropy.pth
cifar100_main_gate3_predictive_entropy_budget10_seed0_final.pth,timm ResNet-18 (strict CPU load verified),CIFAR-100,cifar100_main_gate3,Predictive-Entropy,0.1,0,final_epoch_200,200,2247a29f9ae71c7da668280442d574a0e2fc7ca202b8123b00da6a9d28d68931,44992662,AUTHOR_CREATED; weights=None/False in recovered alpha runner; final-epoch file naming; raw endpoint matches final-paper seed table or balanced result record; tensor-only export removes optimizer/config/private paths; exact tensor equality verified,TENSOR_VERIFIED_PUBLIC_RELEASE,b0cd2494049853b78d7d01ad97a5f36ff9b8031f1f6fd377cda8ef4b62b2ad76,ICML/rebuttal_2026/ttal_full_response/results/w3_uncertainty_baseline/runs/budget0.1/models/cifar100_budget0.10_K5000_seed0_Predictive-Entropy.pth
cifar100_main_gate3_predictive_entropy_budget10_seed1_final.pth,timm ResNet-18 (strict CPU load verified),CIFAR-100,cifar100_main_gate3,Predictive-Entropy,0.1,1,final_epoch_200,200,90356107000cdbc1edafc2b39beb7e812bfb379c5ec9893bc6bb1192399ca379,44992662,AUTHOR_CREATED; weights=None/False in recovered alpha runner; final-epoch file naming; raw endpoint matches final-paper seed table or balanced result record; tensor-only export removes optimizer/config/private paths; exact tensor equality verified,TENSOR_VERIFIED_PUBLIC_RELEASE,409141c5b21fe060c88956d546d33b1b26c5846bca0b7b882ea1b185813ab542,ICML/rebuttal_2026/ttal_full_response/results/w3_uncertainty_baseline/runs/budget0.1/models/cifar100_budget0.10_K5000_seed1_Predictive-Entropy.pth
cifar100_main_gate3_predictive_entropy_budget10_seed2_final.pth,timm ResNet-18 (strict CPU load verified),CIFAR-100,cifar100_main_gate3,Predictive-Entropy,0.1,2,final_epoch_200,200,6bb51a67751ad3f73e3be8dce1bc28ac72df8666ee1961c3ad691cab052c0405,44992662,AUTHOR_CREATED; weights=None/False in recovered alpha runner; final-epoch file naming; raw endpoint matches final-paper seed table or balanced result record; tensor-only export removes optimizer/config/private paths; exact tensor equality verified,TENSOR_VERIFIED_PUBLIC_RELEASE,41a28d47e5727d40728c637780b0464d5e89f0b8f713e9a877ce6ce3019f48d5,ICML/rebuttal_2026/ttal_full_response/results/w3_uncertainty_baseline/runs/budget0.1/models/cifar100_budget0.10_K5000_seed2_Predictive-Entropy.pth
cifar100_main_gate3_predictive_entropy_budget70_seed0_final.pth,timm ResNet-18 (strict CPU load verified),CIFAR-100,cifar100_main_gate3,Predictive-Entropy,0.7,0,final_epoch_200,200,398d33b9906ff5b4ae551f2dc99a65b2db7982a961a756c50abd54d9cc63c127,44992662,AUTHOR_CREATED; weights=None/False in recovered alpha runner; final-epoch file naming; raw endpoint matches final-paper seed table or balanced result record; tensor-only export removes optimizer/config/private paths; exact tensor equality verified,TENSOR_VERIFIED_PUBLIC_RELEASE,6e3f979b383a362135a1a9332c2a6c7e01a6ec6e92522f0f47b93c3179b76ec2,ICML/rebuttal_2026/ttal_full_response/results/w3_uncertainty_baseline/runs/budget0.7/models/cifar100_budget0.70_K35000_seed0_Predictive-Entropy.pth
cifar100_main_gate3_predictive_entropy_budget70_seed2_final.pth,timm ResNet-18 (strict CPU load verified),CIFAR-100,cifar100_main_gate3,Predictive-Entropy,0.7,2,final_epoch_200,200,dd81290c60b5dd127b72791cdf73ea3a1861026a5a3adad0cccc076f9934d51d,44992662,AUTHOR_CREATED; weights=None/False in recovered alpha runner; final-epoch file naming; raw endpoint matches final-paper seed table or balanced result record; tensor-only export removes optimizer/config/private paths; exact tensor equality verified,TENSOR_VERIFIED_PUBLIC_RELEASE,55acaf8942b2b8640ca995b2c4a8eaf7ab724cce8a454cca99ac088923feebec,ICML/rebuttal_2026/ttal_full_response/results/w3_uncertainty_baseline/runs/budget0.7/models/cifar100_budget0.70_K35000_seed2_Predictive-Entropy.pth
cifar100_main_gate3_predictive_entropy_budget70_seed1_final.pth,timm ResNet-18 (strict CPU load verified),CIFAR-100,cifar100_main_gate3,Predictive-Entropy,0.7,1,final_epoch_200,200,e8ec2a7180dc26c05d5e3539e58be9188e9370116c0392f8a4d63b549c3ce19e,44992662,AUTHOR_CREATED; weights=None/False in recovered alpha runner; final-epoch file naming; raw endpoint matches final-paper seed table or balanced result record; tensor-only export removes optimizer/config/private paths; exact tensor equality verified,TENSOR_VERIFIED_PUBLIC_RELEASE,7f69fdf0f541f9edac9f81b6a1908e4f509ce0420e7f7515c2b85cb949f3fd77,ICML/rebuttal_2026/ttal_full_response/results/w3_uncertainty_baseline/runs/budget0.7/models/cifar100_budget0.70_K35000_seed1_Predictive-Entropy.pth
cifar100_main_gate3_coreset_kcenter_budget50_seed1_final.pth,timm ResNet-18 (strict CPU load verified),CIFAR-100,cifar100_main_gate3,Coreset-kCenter,0.5,1,final_epoch_200,200,76bce7ca0a9a4905cbebbb785cb09c7806d4307723555d245668dc0423f389f7,44992284,AUTHOR_CREATED; weights=None/False in recovered alpha runner; final-epoch file naming; raw endpoint matches final-paper seed table or balanced result record; tensor-only export removes optimizer/config/private paths; exact tensor equality verified,TENSOR_VERIFIED_PUBLIC_RELEASE,55e0b104cac4807ea60c0f91662989c7e153e637bd4e8174d100f45ee7f2ffa9,ICML/rebuttal_2026/ttal_full_response/results/w3_coreset_baseline/runs/budget0.5/models/cifar100_budget0.50_K25000_seed1_Coreset-kCenter.pth
cifar100_main_gate3_coreset_kcenter_budget50_seed0_final.pth,timm ResNet-18 (strict CPU load verified),CIFAR-100,cifar100_main_gate3,Coreset-kCenter,0.5,0,final_epoch_200,200,3f8c8142887b895ebf58a336b264365295212f7997542bfad6399e7b08d0d78f,44992284,AUTHOR_CREATED; weights=None/False in recovered alpha runner; final-epoch file naming; raw endpoint matches final-paper seed table or balanced result record; tensor-only export removes optimizer/config/private paths; exact tensor equality verified,TENSOR_VERIFIED_PUBLIC_RELEASE,86a81ea9d4e3560705af04161d7c2b759efbf557decb31df5bbd0cda9c22b515,ICML/rebuttal_2026/ttal_full_response/results/w3_coreset_baseline/runs/budget0.5/models/cifar100_budget0.50_K25000_seed0_Coreset-kCenter.pth
cifar100_main_gate3_coreset_kcenter_budget50_seed2_final.pth,timm ResNet-18 (strict CPU load verified),CIFAR-100,cifar100_main_gate3,Coreset-kCenter,0.5,2,final_epoch_200,200,b0ef5fa5eba363e4986248db37771613476e11a97dc7a1b31370a5e97af4ad7f,44992284,AUTHOR_CREATED; weights=None/False in recovered alpha runner; final-epoch file naming; raw endpoint matches final-paper seed table or balanced result record; tensor-only export removes optimizer/config/private paths; exact tensor equality verified,TENSOR_VERIFIED_PUBLIC_RELEASE,d2c5468e4d3f7f9e8376512acbefba4d45d70a9e57324cb452367671966ff32a,ICML/rebuttal_2026/ttal_full_response/results/w3_coreset_baseline/runs/budget0.5/models/cifar100_budget0.50_K25000_seed2_Coreset-kCenter.pth
cifar100_main_gate3_coreset_kcenter_budget10_seed1_final.pth,timm ResNet-18 (strict CPU load verified),CIFAR-100,cifar100_main_gate3,Coreset-kCenter,0.1,1,final_epoch_200,200,1e3cb979bb96179c93b3195839ee1b49e6f1d1ca604304af7d61d01e088cca64,44992284,AUTHOR_CREATED; weights=None/False in recovered alpha runner; final-epoch file naming; raw endpoint matches final-paper seed table or balanced result record; tensor-only export removes optimizer/config/private paths; exact tensor equality verified,TENSOR_VERIFIED_PUBLIC_RELEASE,a78f4107f4ba7f851e231fcdf71c7f9d88b12359aaffe5bf7c5cc09dd9850d62,ICML/rebuttal_2026/ttal_full_response/results/w3_coreset_baseline/runs/budget0.1/models/cifar100_budget0.10_K5000_seed1_Coreset-kCenter.pth
cifar100_main_gate3_coreset_kcenter_budget10_seed2_final.pth,timm ResNet-18 (strict CPU load verified),CIFAR-100,cifar100_main_gate3,Coreset-kCenter,0.1,2,final_epoch_200,200,32a4ea5fe381b6ffc5f817b0d0aca4ce74a641df131cad8e707a83f1df39b9b7,44992284,AUTHOR_CREATED; weights=None/False in recovered alpha runner; final-epoch file naming; raw endpoint matches final-paper seed table or balanced result record; tensor-only export removes optimizer/config/private paths; exact tensor equality verified,TENSOR_VERIFIED_PUBLIC_RELEASE,03434611874b9d3ee75f7de66af2e3f60094c9adab00d3029b89c77860d0ff3f,ICML/rebuttal_2026/ttal_full_response/results/w3_coreset_baseline/runs/budget0.1/models/cifar100_budget0.10_K5000_seed2_Coreset-kCenter.pth
cifar100_main_gate3_coreset_kcenter_budget10_seed0_final.pth,timm ResNet-18 (strict CPU load verified),CIFAR-100,cifar100_main_gate3,Coreset-kCenter,0.1,0,final_epoch_200,200,2024a0a63788e68f78eb74653a065b92fdb83e42c1cc6749651a3e25fa0d2074,44992284,AUTHOR_CREATED; weights=None/False in recovered alpha runner; final-epoch file naming; raw endpoint matches final-paper seed table or balanced result record; tensor-only export removes optimizer/config/private paths; exact tensor equality verified,TENSOR_VERIFIED_PUBLIC_RELEASE,f56764dcd5e423748fdbef8866707a195de88b2781b454e09d50201c5f0abe71,ICML/rebuttal_2026/ttal_full_response/results/w3_coreset_baseline/runs/budget0.1/models/cifar100_budget0.10_K5000_seed0_Coreset-kCenter.pth
cifar100_main_gate3_coreset_kcenter_budget70_seed0_final.pth,timm ResNet-18 (strict CPU load verified),CIFAR-100,cifar100_main_gate3,Coreset-kCenter,0.7,0,final_epoch_200,200,f3ae7ac70cbc95d24e667ce90e7b2834d9b5d4efd8efde4782d6cc7f0b9bb43f,44992284,AUTHOR_CREATED; weights=None/False in recovered alpha runner; final-epoch file naming; raw endpoint matches final-paper seed table or balanced result record; tensor-only export removes optimizer/config/private paths; exact tensor equality verified,TENSOR_VERIFIED_PUBLIC_RELEASE,4aa02db83eb84e4ce5e1621959c51572f65fed5e141b469b4061a81cd64392f8,ICML/rebuttal_2026/ttal_full_response/results/w3_coreset_baseline/runs/budget0.7/models/cifar100_budget0.70_K35000_seed0_Coreset-kCenter.pth
cifar100_main_gate3_coreset_kcenter_budget70_seed1_final.pth,timm ResNet-18 (strict CPU load verified),CIFAR-100,cifar100_main_gate3,Coreset-kCenter,0.7,1,final_epoch_200,200,d4357673327600db123cbb14a4c2d40efb0c550dc52d705ff42ffce895440679,44992284,AUTHOR_CREATED; weights=None/False in recovered alpha runner; final-epoch file naming; raw endpoint matches final-paper seed table or balanced result record; tensor-only export removes optimizer/config/private paths; exact tensor equality verified,TENSOR_VERIFIED_PUBLIC_RELEASE,732585698d91616a2ea72d33aa5f7d62c291e087f5680eef5c8b0650665754a3,ICML/rebuttal_2026/ttal_full_response/results/w3_coreset_baseline/runs/budget0.7/models/cifar100_budget0.70_K35000_seed1_Coreset-kCenter.pth
cifar100_main_gate3_coreset_kcenter_budget70_seed2_final.pth,timm ResNet-18 (strict CPU load verified),CIFAR-100,cifar100_main_gate3,Coreset-kCenter,0.7,2,final_epoch_200,200,d530bd108406e2ce60feb51a597876cbe0bede3106c59c69b2a0bec120baa9af,44992284,AUTHOR_CREATED; weights=None/False in recovered alpha runner; final-epoch file naming; raw endpoint matches final-paper seed table or balanced result record; tensor-only export removes optimizer/config/private paths; exact tensor equality verified,TENSOR_VERIFIED_PUBLIC_RELEASE,46027a956ae22260d2404662e9d455219cb2388ed04b14af9ec44b77d03a8d22,ICML/rebuttal_2026/ttal_full_response/results/w3_coreset_baseline/runs/budget0.7/models/cifar100_budget0.70_K35000_seed2_Coreset-kCenter.pth
