checkpoint_id,source_path,public_filename,experiment,dataset,architecture,method,budget,seed,endpoint,sha256,size_bytes,strict_load_pass,metadata_clean,release_candidate,notes
cohe-001,NeurIPS/results/cifar100_dataset_specific_proxy/checkpoints/cifar100_conv_ae_seed0.pt,dataset_specific_ae_reconstruction_full_seed0_final.pth,dataset_specific_ae,CIFAR-100,ConvAE; recovered architecture,reconstruction,,0,final_epoch_50,af3947cec03bb92d196136cee7c0bd33f34cd859537761a59e22abdf493526ea,1630788,TRUE,TRUE,TRUE,TECHNICALLY_VERIFIED=TRUE; HUMAN_RELEASE_APPROVED=TRUE; exact source/export tensor equality; endpoint cross-check passed
cohe-002,NeurIPS/results/cifar100_balanced_controls_seed_extended_min5/new_seed_runs/raw/models/cifar100_budget0.10_K5000_seed4_balanced_Gen-Hard.pth,cifar100_balanced_controls_balanced_gen_hard_budget10_seed4_final.pth,cifar100_balanced_controls,CIFAR-100,timm ResNet-18; 100 classes,balanced_Gen-Hard,0.1,4,final_epoch_200,47bf137023c150006a15a2920aca8946bff95979d9443adf4535dfbb22b64028,44994698,TRUE,TRUE,TRUE,TECHNICALLY_VERIFIED=TRUE; HUMAN_RELEASE_APPROVED=TRUE; exact source/export tensor equality; endpoint cross-check passed
cohe-003,NeurIPS/results/cifar100_balanced_controls_seed_extended_min5/new_seed_runs/raw/models/cifar100_budget0.30_K15000_seed3_balanced_Disc-Hard.pth,cifar100_balanced_controls_balanced_disc_hard_budget30_seed3_final.pth,cifar100_balanced_controls,CIFAR-100,timm ResNet-18; 100 classes,balanced_Disc-Hard,0.3,3,final_epoch_200,5512c423db58f37185d6e0fce7307e8fb68b33f40314bfaa4923c02566778ff6,44994888,TRUE,TRUE,TRUE,TECHNICALLY_VERIFIED=TRUE; HUMAN_RELEASE_APPROVED=TRUE; exact source/export tensor equality; endpoint cross-check passed
cohe-004,NeurIPS/results/cifar100_balanced_controls_seed_extended_min5/new_seed_runs/raw/models/cifar100_budget0.10_K5000_seed4_balanced_Random.pth,cifar100_balanced_controls_balanced_random_budget10_seed4_final.pth,cifar100_balanced_controls,CIFAR-100,timm ResNet-18; 100 classes,balanced_Random,0.1,4,final_epoch_200,fa0bc43ee73781e858d8a8b4b5a67d49701db6509d52055b2920849ae8afe0a1,44994254,TRUE,TRUE,TRUE,TECHNICALLY_VERIFIED=TRUE; HUMAN_RELEASE_APPROVED=TRUE; exact source/export tensor equality; endpoint cross-check passed
cohe-005,NeurIPS/results/cifar100_balanced_controls_seed_extended_min5/new_seed_runs/raw/models/cifar100_budget0.30_K15000_seed3_balanced_Gen-Hard.pth,cifar100_balanced_controls_balanced_gen_hard_budget30_seed3_final.pth,cifar100_balanced_controls,CIFAR-100,timm ResNet-18; 100 classes,balanced_Gen-Hard,0.3,3,final_epoch_200,9c65dd404e201c227fad768bac6b6d2f5541c449c54fdab4056581f5c53af1ad,44994698,TRUE,TRUE,TRUE,TECHNICALLY_VERIFIED=TRUE; HUMAN_RELEASE_APPROVED=TRUE; exact source/export tensor equality; endpoint cross-check passed
cohe-006,NeurIPS/results/cifar100_balanced_controls_seed_extended_min5/new_seed_runs/raw/models/cifar100_budget0.30_K15000_seed4_balanced_Random.pth,cifar100_balanced_controls_balanced_random_budget30_seed4_final.pth,cifar100_balanced_controls,CIFAR-100,timm ResNet-18; 100 classes,balanced_Random,0.3,4,final_epoch_200,abf289637ca577faa99fa9e60afef5b3d25923d6166bd8559ddc83ec588c6a42,44994254,TRUE,TRUE,TRUE,TECHNICALLY_VERIFIED=TRUE; HUMAN_RELEASE_APPROVED=TRUE; exact source/export tensor equality; endpoint cross-check passed
cohe-007,NeurIPS/results/cifar100_balanced_controls_seed_extended_min5/new_seed_runs/raw/models/cifar100_budget0.10_K5000_seed3_balanced_Random.pth,cifar100_balanced_controls_balanced_random_budget10_seed3_final.pth,cifar100_balanced_controls,CIFAR-100,timm ResNet-18; 100 classes,balanced_Random,0.1,3,final_epoch_200,14a64a3daac5d6783856200b6230ab0bac8d367e4620492b92c45c51d3752dd2,44994254,TRUE,TRUE,TRUE,TECHNICALLY_VERIFIED=TRUE; HUMAN_RELEASE_APPROVED=TRUE; exact source/export tensor equality; endpoint cross-check passed
cohe-008,NeurIPS/results/cifar100_balanced_controls_seed_extended_min5/new_seed_runs/raw/models/cifar100_budget0.10_K5000_seed3_balanced_Disc-Hard.pth,cifar100_balanced_controls_balanced_disc_hard_budget10_seed3_final.pth,cifar100_balanced_controls,CIFAR-100,timm ResNet-18; 100 classes,balanced_Disc-Hard,0.1,3,final_epoch_200,9535ae138faed83979f8f05021c7c5fb53f85ec06e1e35cfa12551e2f61a1e97,44994888,TRUE,TRUE,TRUE,TECHNICALLY_VERIFIED=TRUE; HUMAN_RELEASE_APPROVED=TRUE; exact source/export tensor equality; endpoint cross-check passed
cohe-009,NeurIPS/results/cifar100_balanced_controls_seed_extended_min5/new_seed_runs/raw/models/cifar100_budget0.30_K15000_seed3_balanced_Random.pth,cifar100_balanced_controls_balanced_random_budget30_seed3_final.pth,cifar100_balanced_controls,CIFAR-100,timm ResNet-18; 100 classes,balanced_Random,0.3,3,final_epoch_200,912a884a4b09f53bc33de11dc1c6976573e12fd8de4894fa7a1830b1232f071b,44994254,TRUE,TRUE,TRUE,TECHNICALLY_VERIFIED=TRUE; HUMAN_RELEASE_APPROVED=TRUE; exact source/export tensor equality; endpoint cross-check passed
cohe-010,NeurIPS/results/cifar100_balanced_controls_seed_extended_min5/new_seed_runs/raw/models/cifar100_budget0.10_K5000_seed4_balanced_Disc-Hard.pth,cifar100_balanced_controls_balanced_disc_hard_budget10_seed4_final.pth,cifar100_balanced_controls,CIFAR-100,timm ResNet-18; 100 classes,balanced_Disc-Hard,0.1,4,final_epoch_200,e90cd765c5e2a3508cf38f7cf1617c15db4353931c02194f4b4a09aa07b7fece,44994888,TRUE,TRUE,TRUE,TECHNICALLY_VERIFIED=TRUE; HUMAN_RELEASE_APPROVED=TRUE; exact source/export tensor equality; endpoint cross-check passed
cohe-011,NeurIPS/results/cifar100_balanced_controls_seed_extended_min5/new_seed_runs/raw/models/cifar100_budget0.10_K5000_seed3_balanced_Gen-Hard.pth,cifar100_balanced_controls_balanced_gen_hard_budget10_seed3_final.pth,cifar100_balanced_controls,CIFAR-100,timm ResNet-18; 100 classes,balanced_Gen-Hard,0.1,3,final_epoch_200,7d006a27061295413eeba1a9e7b4543803d6669975ba19e9baceab860a8503da,44994698,TRUE,TRUE,TRUE,TECHNICALLY_VERIFIED=TRUE; HUMAN_RELEASE_APPROVED=TRUE; exact source/export tensor equality; endpoint cross-check passed
cohe-012,NeurIPS/results/cifar100_balanced_controls_seed_extended_min5/new_seed_runs/raw/models/cifar100_budget0.30_K15000_seed4_balanced_Disc-Hard.pth,cifar100_balanced_controls_balanced_disc_hard_budget30_seed4_final.pth,cifar100_balanced_controls,CIFAR-100,timm ResNet-18; 100 classes,balanced_Disc-Hard,0.3,4,final_epoch_200,42a6c46e08f3f8731568f4fca1170fa8f2a7662b6563846fd1c6329d6cb09c69,44994888,TRUE,TRUE,TRUE,TECHNICALLY_VERIFIED=TRUE; HUMAN_RELEASE_APPROVED=TRUE; exact source/export tensor equality; endpoint cross-check passed
cohe-013,NeurIPS/results/cifar100_balanced_controls_seed_extended_min5/new_seed_runs/raw/models/cifar100_budget0.30_K15000_seed4_balanced_Gen-Hard.pth,cifar100_balanced_controls_balanced_gen_hard_budget30_seed4_final.pth,cifar100_balanced_controls,CIFAR-100,timm ResNet-18; 100 classes,balanced_Gen-Hard,0.3,4,final_epoch_200,1a56121fb56e35fa50c9bb3e0660c995fe458842c9983da471ad967f3f82f01c,44994698,TRUE,TRUE,TRUE,TECHNICALLY_VERIFIED=TRUE; HUMAN_RELEASE_APPROVED=TRUE; exact source/export tensor equality; endpoint cross-check passed
cohe-014,NeurIPS/results/cifar100_transfer_seed_extended_min5/jobs/seed3_budget0.5/coreset_kcenter/models/cifar100_budget0.50_K25000_seed3_Coreset-kCenter.pth,cifar100_main_gate3_coreset_kcenter_budget50_seed3_final.pth,cifar100_main_gate3,CIFAR-100,timm ResNet-18; 100 classes,Coreset-kCenter,0.5,3,final_epoch_200,c8559377fb2f247526a9f9706870ba00b0cbde6a066ba93d3f8d6233656b6ccc,44992284,TRUE,TRUE,TRUE,TECHNICALLY_VERIFIED=TRUE; HUMAN_RELEASE_APPROVED=TRUE; exact source/export tensor equality; endpoint cross-check passed
cohe-015,NeurIPS/results/cifar100_transfer_seed_extended_min5/jobs/seed3_budget0.5/main4/models/cifar100_budget0.50_K25000_seed3_Disc-Hard.pth,cifar100_main_gate3_disc_hard_budget50_seed3_final.pth,cifar100_main_gate3,CIFAR-100,timm ResNet-18; 100 classes,Disc-Hard,0.5,3,final_epoch_200,adc9aa2fac5678fc60291e4f4c924b493f61748e413691f6ff69dd71a9721899,44991400,TRUE,TRUE,TRUE,TECHNICALLY_VERIFIED=TRUE; HUMAN_RELEASE_APPROVED=TRUE; exact source/export tensor equality; endpoint cross-check passed
cohe-016,NeurIPS/results/cifar100_transfer_seed_extended_min5/jobs/seed3_budget0.5/main4/models/cifar100_budget0.50_K25000_seed3_OHS-XORp75.pth,cifar100_main_gate3_ohs_xorp75_budget50_seed3_final.pth,cifar100_main_gate3,CIFAR-100,timm ResNet-18; 100 classes,OHS-XORp75,0.5,3,final_epoch_200,187e4be7c2ece3b253e240a73df47b7178cd7db15f484bf5d31a5285a8bf318f,44991526,TRUE,TRUE,TRUE,TECHNICALLY_VERIFIED=TRUE; HUMAN_RELEASE_APPROVED=TRUE; exact source/export tensor equality; endpoint cross-check passed
cohe-017,NeurIPS/results/cifar100_transfer_seed_extended_min5/jobs/seed3_budget0.5/main4/models/cifar100_budget0.50_K25000_seed3_Random.pth,cifar100_main_gate3_random_budget50_seed3_final.pth,cifar100_main_gate3,CIFAR-100,timm ResNet-18; 100 classes,Random,0.5,3,final_epoch_200,6f0f971134b1415bfd0bd86bc8611407bb1095ddd5de35129a5442bf5d4a1c02,44991022,TRUE,TRUE,TRUE,TECHNICALLY_VERIFIED=TRUE; HUMAN_RELEASE_APPROVED=TRUE; exact source/export tensor equality; endpoint cross-check passed
cohe-018,NeurIPS/results/cifar100_transfer_seed_extended_min5/jobs/seed3_budget0.5/main4/models/cifar100_budget0.50_K25000_seed3_Gen-Hard.pth,cifar100_main_gate3_gen_hard_budget50_seed3_final.pth,cifar100_main_gate3,CIFAR-100,timm ResNet-18; 100 classes,Gen-Hard,0.5,3,final_epoch_200,f307626c73fc3de9cf626183c50e337206f2f29c8866e733ce56c33b71f6f3dc,44991274,TRUE,TRUE,TRUE,TECHNICALLY_VERIFIED=TRUE; HUMAN_RELEASE_APPROVED=TRUE; exact source/export tensor equality; endpoint cross-check passed
cohe-019,NeurIPS/results/cifar100_transfer_seed_extended_min5/jobs/seed3_budget0.5/predictive_entropy/models/cifar100_budget0.50_K25000_seed3_Predictive-Entropy.pth,cifar100_main_gate3_predictive_entropy_budget50_seed3_final.pth,cifar100_main_gate3,CIFAR-100,timm ResNet-18; 100 classes,Predictive-Entropy,0.5,3,final_epoch_200,75b35ec8ef3f9686564e5487709889f76ad7fa83f5d55a2799ff6805dca86b8d,44992662,TRUE,TRUE,TRUE,TECHNICALLY_VERIFIED=TRUE; HUMAN_RELEASE_APPROVED=TRUE; exact source/export tensor equality; endpoint cross-check passed
cohe-020,NeurIPS/results/cifar100_transfer_seed_extended_min5/jobs/seed0_budget0.3/coreset_kcenter/models/cifar100_budget0.30_K15000_seed0_Coreset-kCenter.pth,cifar100_main_gate3_coreset_kcenter_budget30_seed0_final.pth,cifar100_main_gate3,CIFAR-100,timm ResNet-18; 100 classes,Coreset-kCenter,0.3,0,final_epoch_200,cac4792ba8d85aa1897716e552b2a3e1e75dfba42ca2484f61dee0bdd55d813b,44992284,TRUE,TRUE,TRUE,TECHNICALLY_VERIFIED=TRUE; HUMAN_RELEASE_APPROVED=TRUE; exact source/export tensor equality; endpoint cross-check passed
cohe-021,NeurIPS/results/cifar100_transfer_seed_extended_min5/jobs/seed0_budget0.3/main4/models/cifar100_budget0.30_K15000_seed0_Random.pth,cifar100_main_gate3_random_budget30_seed0_final.pth,cifar100_main_gate3,CIFAR-100,timm ResNet-18; 100 classes,Random,0.3,0,final_epoch_200,9772f17227829872c321f011d149b99838ed8049cc3ec7c987376a5d43e225f6,44991022,TRUE,TRUE,TRUE,TECHNICALLY_VERIFIED=TRUE; HUMAN_RELEASE_APPROVED=TRUE; exact source/export tensor equality; endpoint cross-check passed
cohe-022,NeurIPS/results/cifar100_transfer_seed_extended_min5/jobs/seed0_budget0.3/main4/models/cifar100_budget0.30_K15000_seed0_Disc-Hard.pth,cifar100_main_gate3_disc_hard_budget30_seed0_final.pth,cifar100_main_gate3,CIFAR-100,timm ResNet-18; 100 classes,Disc-Hard,0.3,0,final_epoch_200,4e7622f4c3d314877a9a45b76f2510c895f93e2fb8e5dca22d731022e9e1bd6c,44991400,TRUE,TRUE,TRUE,TECHNICALLY_VERIFIED=TRUE; HUMAN_RELEASE_APPROVED=TRUE; exact source/export tensor equality; endpoint cross-check passed
cohe-023,NeurIPS/results/cifar100_transfer_seed_extended_min5/jobs/seed0_budget0.3/main4/models/cifar100_budget0.30_K15000_seed0_OHS-XORp75.pth,cifar100_main_gate3_ohs_xorp75_budget30_seed0_final.pth,cifar100_main_gate3,CIFAR-100,timm ResNet-18; 100 classes,OHS-XORp75,0.3,0,final_epoch_200,1c49c44104fe4dd4f915924ee97180ca8f26b066e770cdfa05c791b1f5af123a,44991526,TRUE,TRUE,TRUE,TECHNICALLY_VERIFIED=TRUE; HUMAN_RELEASE_APPROVED=TRUE; exact source/export tensor equality; endpoint cross-check passed
cohe-024,NeurIPS/results/cifar100_transfer_seed_extended_min5/jobs/seed0_budget0.3/main4/models/cifar100_budget0.30_K15000_seed0_Gen-Hard.pth,cifar100_main_gate3_gen_hard_budget30_seed0_final.pth,cifar100_main_gate3,CIFAR-100,timm ResNet-18; 100 classes,Gen-Hard,0.3,0,final_epoch_200,ed2a60f1c06b47703fa5562397775b051a895d86bd910377710de5182bc0a0b7,44991274,TRUE,TRUE,TRUE,TECHNICALLY_VERIFIED=TRUE; HUMAN_RELEASE_APPROVED=TRUE; exact source/export tensor equality; endpoint cross-check passed
cohe-025,NeurIPS/results/cifar100_transfer_seed_extended_min5/jobs/seed0_budget0.3/predictive_entropy/models/cifar100_budget0.30_K15000_seed0_Predictive-Entropy.pth,cifar100_main_gate3_predictive_entropy_budget30_seed0_final.pth,cifar100_main_gate3,CIFAR-100,timm ResNet-18; 100 classes,Predictive-Entropy,0.3,0,final_epoch_200,710de05a925916563915207fed11fc27feae03852de09e964bbd7270412e6504,44992662,TRUE,TRUE,TRUE,TECHNICALLY_VERIFIED=TRUE; HUMAN_RELEASE_APPROVED=TRUE; exact source/export tensor equality; endpoint cross-check passed
cohe-026,NeurIPS/results/cifar100_transfer_seed_extended_min5/jobs/seed4_budget0.3/coreset_kcenter/models/cifar100_budget0.30_K15000_seed4_Coreset-kCenter.pth,cifar100_main_gate3_coreset_kcenter_budget30_seed4_final.pth,cifar100_main_gate3,CIFAR-100,timm ResNet-18; 100 classes,Coreset-kCenter,0.3,4,final_epoch_200,a94ab104e536a1ac06601987ec6ba36efb595d1ece1b12bd585a48035588a1f5,44992284,TRUE,TRUE,TRUE,TECHNICALLY_VERIFIED=TRUE; HUMAN_RELEASE_APPROVED=TRUE; exact source/export tensor equality; endpoint cross-check passed
cohe-027,NeurIPS/results/cifar100_transfer_seed_extended_min5/jobs/seed4_budget0.3/main4/models/cifar100_budget0.30_K15000_seed4_Disc-Hard.pth,cifar100_main_gate3_disc_hard_budget30_seed4_final.pth,cifar100_main_gate3,CIFAR-100,timm ResNet-18; 100 classes,Disc-Hard,0.3,4,final_epoch_200,758e73da5b0308a47c8351f95c7703f2b5a6a6a2b43c4098230b32f925cce5be,44991400,TRUE,TRUE,TRUE,TECHNICALLY_VERIFIED=TRUE; HUMAN_RELEASE_APPROVED=TRUE; exact source/export tensor equality; endpoint cross-check passed
cohe-028,NeurIPS/results/cifar100_transfer_seed_extended_min5/jobs/seed4_budget0.3/main4/models/cifar100_budget0.30_K15000_seed4_Random.pth,cifar100_main_gate3_random_budget30_seed4_final.pth,cifar100_main_gate3,CIFAR-100,timm ResNet-18; 100 classes,Random,0.3,4,final_epoch_200,5b267ec60283412abbb83b63202b3f8946cb12c523a1e0997cc29792a9062e67,44991022,TRUE,TRUE,TRUE,TECHNICALLY_VERIFIED=TRUE; HUMAN_RELEASE_APPROVED=TRUE; exact source/export tensor equality; endpoint cross-check passed
cohe-029,NeurIPS/results/cifar100_transfer_seed_extended_min5/jobs/seed4_budget0.3/main4/models/cifar100_budget0.30_K15000_seed4_Gen-Hard.pth,cifar100_main_gate3_gen_hard_budget30_seed4_final.pth,cifar100_main_gate3,CIFAR-100,timm ResNet-18; 100 classes,Gen-Hard,0.3,4,final_epoch_200,e1041e12cf37e660994ee48d5d17d2a541d972f12331d3f0bc0367a37194630c,44991274,TRUE,TRUE,TRUE,TECHNICALLY_VERIFIED=TRUE; HUMAN_RELEASE_APPROVED=TRUE; exact source/export tensor equality; endpoint cross-check passed
cohe-030,NeurIPS/results/cifar100_transfer_seed_extended_min5/jobs/seed4_budget0.3/main4/models/cifar100_budget0.30_K15000_seed4_OHS-XORp75.pth,cifar100_main_gate3_ohs_xorp75_budget30_seed4_final.pth,cifar100_main_gate3,CIFAR-100,timm ResNet-18; 100 classes,OHS-XORp75,0.3,4,final_epoch_200,7f4555a4fa1a370b55502cf3933f2f085fe70cff5fbae1280e2096cb6af30039,44991526,TRUE,TRUE,TRUE,TECHNICALLY_VERIFIED=TRUE; HUMAN_RELEASE_APPROVED=TRUE; exact source/export tensor equality; endpoint cross-check passed
cohe-031,NeurIPS/results/cifar100_transfer_seed_extended_min5/jobs/seed4_budget0.3/predictive_entropy/models/cifar100_budget0.30_K15000_seed4_Predictive-Entropy.pth,cifar100_main_gate3_predictive_entropy_budget30_seed4_final.pth,cifar100_main_gate3,CIFAR-100,timm ResNet-18; 100 classes,Predictive-Entropy,0.3,4,final_epoch_200,87e8c291ec7a0ff328e176f05300ee799c171512df28550cf9d99d1fb04239ec,44992662,TRUE,TRUE,TRUE,TECHNICALLY_VERIFIED=TRUE; HUMAN_RELEASE_APPROVED=TRUE; exact source/export tensor equality; endpoint cross-check passed
cohe-032,NeurIPS/results/cifar100_transfer_seed_extended_min5/jobs/seed3_budget0.3/coreset_kcenter/models/cifar100_budget0.30_K15000_seed3_Coreset-kCenter.pth,cifar100_main_gate3_coreset_kcenter_budget30_seed3_final.pth,cifar100_main_gate3,CIFAR-100,timm ResNet-18; 100 classes,Coreset-kCenter,0.3,3,final_epoch_200,9cfbe5bad0c5511ac43e1b119c6d2df109542468a8660ec675168b1ffa5a70a0,44992284,TRUE,TRUE,TRUE,TECHNICALLY_VERIFIED=TRUE; HUMAN_RELEASE_APPROVED=TRUE; exact source/export tensor equality; endpoint cross-check passed
cohe-033,NeurIPS/results/cifar100_transfer_seed_extended_min5/jobs/seed3_budget0.3/main4/models/cifar100_budget0.30_K15000_seed3_Random.pth,cifar100_main_gate3_random_budget30_seed3_final.pth,cifar100_main_gate3,CIFAR-100,timm ResNet-18; 100 classes,Random,0.3,3,final_epoch_200,43cb100cfaecddc8545f7dfc3b1400295c83d14177ba3e9a6808a829af12355c,44991022,TRUE,TRUE,TRUE,TECHNICALLY_VERIFIED=TRUE; HUMAN_RELEASE_APPROVED=TRUE; exact source/export tensor equality; endpoint cross-check passed
cohe-034,NeurIPS/results/cifar100_transfer_seed_extended_min5/jobs/seed3_budget0.3/main4/models/cifar100_budget0.30_K15000_seed3_Gen-Hard.pth,cifar100_main_gate3_gen_hard_budget30_seed3_final.pth,cifar100_main_gate3,CIFAR-100,timm ResNet-18; 100 classes,Gen-Hard,0.3,3,final_epoch_200,af48002fc294a97492c977af70573a2eb962b5a808696e3945f60ce38914333f,44991274,TRUE,TRUE,TRUE,TECHNICALLY_VERIFIED=TRUE; HUMAN_RELEASE_APPROVED=TRUE; exact source/export tensor equality; endpoint cross-check passed
cohe-035,NeurIPS/results/cifar100_transfer_seed_extended_min5/jobs/seed3_budget0.3/main4/models/cifar100_budget0.30_K15000_seed3_Disc-Hard.pth,cifar100_main_gate3_disc_hard_budget30_seed3_final.pth,cifar100_main_gate3,CIFAR-100,timm ResNet-18; 100 classes,Disc-Hard,0.3,3,final_epoch_200,fa83d1dff67406e79231475a8cea6ef9a29714f64303a96bece284bfdbbc6453,44991400,TRUE,TRUE,TRUE,TECHNICALLY_VERIFIED=TRUE; HUMAN_RELEASE_APPROVED=TRUE; exact source/export tensor equality; endpoint cross-check passed
cohe-036,NeurIPS/results/cifar100_transfer_seed_extended_min5/jobs/seed3_budget0.3/main4/models/cifar100_budget0.30_K15000_seed3_OHS-XORp75.pth,cifar100_main_gate3_ohs_xorp75_budget30_seed3_final.pth,cifar100_main_gate3,CIFAR-100,timm ResNet-18; 100 classes,OHS-XORp75,0.3,3,final_epoch_200,89c8b8e52e9d5dceb8215568acb413bc84a2f37a3ea4433379dc6d2e36b057db,44991526,TRUE,TRUE,TRUE,TECHNICALLY_VERIFIED=TRUE; HUMAN_RELEASE_APPROVED=TRUE; exact source/export tensor equality; endpoint cross-check passed
cohe-037,NeurIPS/results/cifar100_transfer_seed_extended_min5/jobs/seed3_budget0.3/predictive_entropy/models/cifar100_budget0.30_K15000_seed3_Predictive-Entropy.pth,cifar100_main_gate3_predictive_entropy_budget30_seed3_final.pth,cifar100_main_gate3,CIFAR-100,timm ResNet-18; 100 classes,Predictive-Entropy,0.3,3,final_epoch_200,e9de324fc85771c64353ce21b45860197cb36c6f50b6e9ef9bec12a6ec8dc46b,44992662,TRUE,TRUE,TRUE,TECHNICALLY_VERIFIED=TRUE; HUMAN_RELEASE_APPROVED=TRUE; exact source/export tensor equality; endpoint cross-check passed
cohe-038,NeurIPS/results/cifar100_transfer_seed_extended_min5/jobs/seed3_budget0.7/coreset_kcenter/models/cifar100_budget0.70_K35000_seed3_Coreset-kCenter.pth,cifar100_main_gate3_coreset_kcenter_budget70_seed3_final.pth,cifar100_main_gate3,CIFAR-100,timm ResNet-18; 100 classes,Coreset-kCenter,0.7,3,final_epoch_200,00264bf160f64625566bc0e593234168bae31f20fb21784b87985dcb73d99c41,44992284,TRUE,TRUE,TRUE,TECHNICALLY_VERIFIED=TRUE; HUMAN_RELEASE_APPROVED=TRUE; exact source/export tensor equality; endpoint cross-check passed
cohe-039,NeurIPS/results/cifar100_transfer_seed_extended_min5/jobs/seed3_budget0.7/main4/models/cifar100_budget0.70_K35000_seed3_Random.pth,cifar100_main_gate3_random_budget70_seed3_final.pth,cifar100_main_gate3,CIFAR-100,timm ResNet-18; 100 classes,Random,0.7,3,final_epoch_200,3fe7417d3c7bdd026f1678fe7a59fd8436806fc461f0da2795a1e38d8cfc3500,44991022,TRUE,TRUE,TRUE,TECHNICALLY_VERIFIED=TRUE; HUMAN_RELEASE_APPROVED=TRUE; exact source/export tensor equality; endpoint cross-check passed
cohe-040,NeurIPS/results/cifar100_transfer_seed_extended_min5/jobs/seed3_budget0.7/main4/models/cifar100_budget0.70_K35000_seed3_OHS-XORp75.pth,cifar100_main_gate3_ohs_xorp75_budget70_seed3_final.pth,cifar100_main_gate3,CIFAR-100,timm ResNet-18; 100 classes,OHS-XORp75,0.7,3,final_epoch_200,5eec43083329edd33ce3faf8c34623b2f14b94e276b82154ed0f775507321f65,44991526,TRUE,TRUE,TRUE,TECHNICALLY_VERIFIED=TRUE; HUMAN_RELEASE_APPROVED=TRUE; exact source/export tensor equality; endpoint cross-check passed
cohe-041,NeurIPS/results/cifar100_transfer_seed_extended_min5/jobs/seed3_budget0.7/main4/models/cifar100_budget0.70_K35000_seed3_Gen-Hard.pth,cifar100_main_gate3_gen_hard_budget70_seed3_final.pth,cifar100_main_gate3,CIFAR-100,timm ResNet-18; 100 classes,Gen-Hard,0.7,3,final_epoch_200,c2b587a15a84a2d6f2a389c97eeaac5c26d2a5ed1199f838d85ed0f8d355e587,44991274,TRUE,TRUE,TRUE,TECHNICALLY_VERIFIED=TRUE; HUMAN_RELEASE_APPROVED=TRUE; exact source/export tensor equality; endpoint cross-check passed
cohe-042,NeurIPS/results/cifar100_transfer_seed_extended_min5/jobs/seed3_budget0.7/main4/models/cifar100_budget0.70_K35000_seed3_Disc-Hard.pth,cifar100_main_gate3_disc_hard_budget70_seed3_final.pth,cifar100_main_gate3,CIFAR-100,timm ResNet-18; 100 classes,Disc-Hard,0.7,3,final_epoch_200,ab1d36d5e8af480cfaa1cedf06f96cd5f9af5a91055e1081e28cbcfa6d73e8d1,44991400,TRUE,TRUE,TRUE,TECHNICALLY_VERIFIED=TRUE; HUMAN_RELEASE_APPROVED=TRUE; exact source/export tensor equality; endpoint cross-check passed
cohe-043,NeurIPS/results/cifar100_transfer_seed_extended_min5/jobs/seed3_budget0.7/predictive_entropy/models/cifar100_budget0.70_K35000_seed3_Predictive-Entropy.pth,cifar100_main_gate3_predictive_entropy_budget70_seed3_final.pth,cifar100_main_gate3,CIFAR-100,timm ResNet-18; 100 classes,Predictive-Entropy,0.7,3,final_epoch_200,9688fe2971dd76bbb1788d5f56a3924fbc9d21d767b4ffcbc00da24290d7f47a,44992662,TRUE,TRUE,TRUE,TECHNICALLY_VERIFIED=TRUE; HUMAN_RELEASE_APPROVED=TRUE; exact source/export tensor equality; endpoint cross-check passed
cohe-044,NeurIPS/results/cifar100_transfer_seed_extended_min5/jobs/seed3_budget0.1/coreset_kcenter/models/cifar100_budget0.10_K5000_seed3_Coreset-kCenter.pth,cifar100_main_gate3_coreset_kcenter_budget10_seed3_final.pth,cifar100_main_gate3,CIFAR-100,timm ResNet-18; 100 classes,Coreset-kCenter,0.1,3,final_epoch_200,c94d9af9e5ba1f72133c092a99b4bceeae3b2d911c83372fc8f39fcf0638ad7d,44992284,TRUE,TRUE,TRUE,TECHNICALLY_VERIFIED=TRUE; HUMAN_RELEASE_APPROVED=TRUE; exact source/export tensor equality; endpoint cross-check passed
cohe-045,NeurIPS/results/cifar100_transfer_seed_extended_min5/jobs/seed3_budget0.1/main4/models/cifar100_budget0.10_K5000_seed3_Gen-Hard.pth,cifar100_main_gate3_gen_hard_budget10_seed3_final.pth,cifar100_main_gate3,CIFAR-100,timm ResNet-18; 100 classes,Gen-Hard,0.1,3,final_epoch_200,ea7314d7a65a666461d0bf54fccdd11979b89bb9b6f8c19549924856acb4cdcf,44991274,TRUE,TRUE,TRUE,TECHNICALLY_VERIFIED=TRUE; HUMAN_RELEASE_APPROVED=TRUE; exact source/export tensor equality; endpoint cross-check passed
cohe-046,NeurIPS/results/cifar100_transfer_seed_extended_min5/jobs/seed3_budget0.1/main4/models/cifar100_budget0.10_K5000_seed3_Disc-Hard.pth,cifar100_main_gate3_disc_hard_budget10_seed3_final.pth,cifar100_main_gate3,CIFAR-100,timm ResNet-18; 100 classes,Disc-Hard,0.1,3,final_epoch_200,7a8bcb87c0e97b7257980084cf7c90973bc4eb82056631ba387e1cbe47cc6800,44991400,TRUE,TRUE,TRUE,TECHNICALLY_VERIFIED=TRUE; HUMAN_RELEASE_APPROVED=TRUE; exact source/export tensor equality; endpoint cross-check passed
cohe-047,NeurIPS/results/cifar100_transfer_seed_extended_min5/jobs/seed3_budget0.1/main4/models/cifar100_budget0.10_K5000_seed3_OHS-XORp75.pth,cifar100_main_gate3_ohs_xorp75_budget10_seed3_final.pth,cifar100_main_gate3,CIFAR-100,timm ResNet-18; 100 classes,OHS-XORp75,0.1,3,final_epoch_200,a6c08ed6d0cb6db9f711dc9263079149e4176c1f72853e728ff1d02cb85bc93b,44991526,TRUE,TRUE,TRUE,TECHNICALLY_VERIFIED=TRUE; HUMAN_RELEASE_APPROVED=TRUE; exact source/export tensor equality; endpoint cross-check passed
cohe-048,NeurIPS/results/cifar100_transfer_seed_extended_min5/jobs/seed3_budget0.1/main4/models/cifar100_budget0.10_K5000_seed3_Random.pth,cifar100_main_gate3_random_budget10_seed3_final.pth,cifar100_main_gate3,CIFAR-100,timm ResNet-18; 100 classes,Random,0.1,3,final_epoch_200,17e8d450d59475529197d615b5bc01746f70a98720d31f113c969317c29f9159,44991022,TRUE,TRUE,TRUE,TECHNICALLY_VERIFIED=TRUE; HUMAN_RELEASE_APPROVED=TRUE; exact source/export tensor equality; endpoint cross-check passed
cohe-049,NeurIPS/results/cifar100_transfer_seed_extended_min5/jobs/seed3_budget0.1/predictive_entropy/models/cifar100_budget0.10_K5000_seed3_Predictive-Entropy.pth,cifar100_main_gate3_predictive_entropy_budget10_seed3_final.pth,cifar100_main_gate3,CIFAR-100,timm ResNet-18; 100 classes,Predictive-Entropy,0.1,3,final_epoch_200,0825edee42b0c9d77bae42b91394284e63edc921cd4115cfc3036e630d0c133f,44992662,TRUE,TRUE,TRUE,TECHNICALLY_VERIFIED=TRUE; HUMAN_RELEASE_APPROVED=TRUE; exact source/export tensor equality; endpoint cross-check passed
cohe-050,NeurIPS/results/cifar100_transfer_seed_extended_min5/jobs/seed1_budget0.3/coreset_kcenter/models/cifar100_budget0.30_K15000_seed1_Coreset-kCenter.pth,cifar100_main_gate3_coreset_kcenter_budget30_seed1_final.pth,cifar100_main_gate3,CIFAR-100,timm ResNet-18; 100 classes,Coreset-kCenter,0.3,1,final_epoch_200,aca7e3f87eaff8ab6c5237d4a1a8d456b9a090871e58715a514ee00930676417,44992284,TRUE,TRUE,TRUE,TECHNICALLY_VERIFIED=TRUE; HUMAN_RELEASE_APPROVED=TRUE; exact source/export tensor equality; endpoint cross-check passed
cohe-051,NeurIPS/results/cifar100_transfer_seed_extended_min5/jobs/seed1_budget0.3/main4/models/cifar100_budget0.30_K15000_seed1_Random.pth,cifar100_main_gate3_random_budget30_seed1_final.pth,cifar100_main_gate3,CIFAR-100,timm ResNet-18; 100 classes,Random,0.3,1,final_epoch_200,dc364e68f8b645735c3d43138ee7ad1a256e5c60e33e5d849ca7b65054ca8544,44991022,TRUE,TRUE,TRUE,TECHNICALLY_VERIFIED=TRUE; HUMAN_RELEASE_APPROVED=TRUE; exact source/export tensor equality; endpoint cross-check passed
cohe-052,NeurIPS/results/cifar100_transfer_seed_extended_min5/jobs/seed1_budget0.3/main4/models/cifar100_budget0.30_K15000_seed1_OHS-XORp75.pth,cifar100_main_gate3_ohs_xorp75_budget30_seed1_final.pth,cifar100_main_gate3,CIFAR-100,timm ResNet-18; 100 classes,OHS-XORp75,0.3,1,final_epoch_200,277e1fa1c1218b911cb86e0a7876e7131096357965f74f591575a49aac492acf,44991526,TRUE,TRUE,TRUE,TECHNICALLY_VERIFIED=TRUE; HUMAN_RELEASE_APPROVED=TRUE; exact source/export tensor equality; endpoint cross-check passed
cohe-053,NeurIPS/results/cifar100_transfer_seed_extended_min5/jobs/seed1_budget0.3/main4/models/cifar100_budget0.30_K15000_seed1_Disc-Hard.pth,cifar100_main_gate3_disc_hard_budget30_seed1_final.pth,cifar100_main_gate3,CIFAR-100,timm ResNet-18; 100 classes,Disc-Hard,0.3,1,final_epoch_200,6be912d4b42a85d32a999410774c7d109f79d49f52f28fd745caf18a38194971,44991400,TRUE,TRUE,TRUE,TECHNICALLY_VERIFIED=TRUE; HUMAN_RELEASE_APPROVED=TRUE; exact source/export tensor equality; endpoint cross-check passed
cohe-054,NeurIPS/results/cifar100_transfer_seed_extended_min5/jobs/seed1_budget0.3/main4/models/cifar100_budget0.30_K15000_seed1_Gen-Hard.pth,cifar100_main_gate3_gen_hard_budget30_seed1_final.pth,cifar100_main_gate3,CIFAR-100,timm ResNet-18; 100 classes,Gen-Hard,0.3,1,final_epoch_200,04b2619234c9b4c6a6893c7834da978711a92d07dac471736b387ce944c6b89a,44991274,TRUE,TRUE,TRUE,TECHNICALLY_VERIFIED=TRUE; HUMAN_RELEASE_APPROVED=TRUE; exact source/export tensor equality; endpoint cross-check passed
cohe-055,NeurIPS/results/cifar100_transfer_seed_extended_min5/jobs/seed1_budget0.3/predictive_entropy/models/cifar100_budget0.30_K15000_seed1_Predictive-Entropy.pth,cifar100_main_gate3_predictive_entropy_budget30_seed1_final.pth,cifar100_main_gate3,CIFAR-100,timm ResNet-18; 100 classes,Predictive-Entropy,0.3,1,final_epoch_200,428b8d4c2443c1ea5f1ceff9cb455e40eb7f6dc394f47bd80ebc94c532e03585,44992662,TRUE,TRUE,TRUE,TECHNICALLY_VERIFIED=TRUE; HUMAN_RELEASE_APPROVED=TRUE; exact source/export tensor equality; endpoint cross-check passed
cohe-056,NeurIPS/results/cifar100_transfer_seed_extended_min5/jobs/seed2_budget0.3/coreset_kcenter/models/cifar100_budget0.30_K15000_seed2_Coreset-kCenter.pth,cifar100_main_gate3_coreset_kcenter_budget30_seed2_final.pth,cifar100_main_gate3,CIFAR-100,timm ResNet-18; 100 classes,Coreset-kCenter,0.3,2,final_epoch_200,882e49ee7c3472c6b12d96d0bde07d6f517a8726343918ae0327b2dc732fa424,44992284,TRUE,TRUE,TRUE,TECHNICALLY_VERIFIED=TRUE; HUMAN_RELEASE_APPROVED=TRUE; exact source/export tensor equality; endpoint cross-check passed
cohe-057,NeurIPS/results/cifar100_transfer_seed_extended_min5/jobs/seed2_budget0.3/main4/models/cifar100_budget0.30_K15000_seed2_Random.pth,cifar100_main_gate3_random_budget30_seed2_final.pth,cifar100_main_gate3,CIFAR-100,timm ResNet-18; 100 classes,Random,0.3,2,final_epoch_200,74bc9e9c6bfebd28513f8ccc271efce8de06f60e92374ee283996a0a41645895,44991022,TRUE,TRUE,TRUE,TECHNICALLY_VERIFIED=TRUE; HUMAN_RELEASE_APPROVED=TRUE; exact source/export tensor equality; endpoint cross-check passed
cohe-058,NeurIPS/results/cifar100_transfer_seed_extended_min5/jobs/seed2_budget0.3/main4/models/cifar100_budget0.30_K15000_seed2_Disc-Hard.pth,cifar100_main_gate3_disc_hard_budget30_seed2_final.pth,cifar100_main_gate3,CIFAR-100,timm ResNet-18; 100 classes,Disc-Hard,0.3,2,final_epoch_200,9a9ac2e4144cb619b4f317ccd17bf664cc260200c9039af73dc83dda16c30d2c,44991400,TRUE,TRUE,TRUE,TECHNICALLY_VERIFIED=TRUE; HUMAN_RELEASE_APPROVED=TRUE; exact source/export tensor equality; endpoint cross-check passed
cohe-059,NeurIPS/results/cifar100_transfer_seed_extended_min5/jobs/seed2_budget0.3/main4/models/cifar100_budget0.30_K15000_seed2_OHS-XORp75.pth,cifar100_main_gate3_ohs_xorp75_budget30_seed2_final.pth,cifar100_main_gate3,CIFAR-100,timm ResNet-18; 100 classes,OHS-XORp75,0.3,2,final_epoch_200,b8c1a804508b34177f0f5d96407756c16720ba5b1dd7e12a1c19539e76ec629b,44991526,TRUE,TRUE,TRUE,TECHNICALLY_VERIFIED=TRUE; HUMAN_RELEASE_APPROVED=TRUE; exact source/export tensor equality; endpoint cross-check passed
cohe-060,NeurIPS/results/cifar100_transfer_seed_extended_min5/jobs/seed2_budget0.3/main4/models/cifar100_budget0.30_K15000_seed2_Gen-Hard.pth,cifar100_main_gate3_gen_hard_budget30_seed2_final.pth,cifar100_main_gate3,CIFAR-100,timm ResNet-18; 100 classes,Gen-Hard,0.3,2,final_epoch_200,76aac1915d2020327df361208645db11c448ec90167feb75c9a2178de111d0a7,44991274,TRUE,TRUE,TRUE,TECHNICALLY_VERIFIED=TRUE; HUMAN_RELEASE_APPROVED=TRUE; exact source/export tensor equality; endpoint cross-check passed
cohe-061,NeurIPS/results/cifar100_transfer_seed_extended_min5/jobs/seed2_budget0.3/predictive_entropy/models/cifar100_budget0.30_K15000_seed2_Predictive-Entropy.pth,cifar100_main_gate3_predictive_entropy_budget30_seed2_final.pth,cifar100_main_gate3,CIFAR-100,timm ResNet-18; 100 classes,Predictive-Entropy,0.3,2,final_epoch_200,0087679a4126708f67ac15fd661819e7fe3ae73dd6e31e826d57e7b3adf3b8fc,44992662,TRUE,TRUE,TRUE,TECHNICALLY_VERIFIED=TRUE; HUMAN_RELEASE_APPROVED=TRUE; exact source/export tensor equality; endpoint cross-check passed
cohe-062,NeurIPS/results/cifar100_transfer_seed_extended_min5/jobs/seed4_budget0.1/coreset_kcenter/models/cifar100_budget0.10_K5000_seed4_Coreset-kCenter.pth,cifar100_main_gate3_coreset_kcenter_budget10_seed4_final.pth,cifar100_main_gate3,CIFAR-100,timm ResNet-18; 100 classes,Coreset-kCenter,0.1,4,final_epoch_200,881fa62baca231987e396d047e8d6806c6d17b175515f43ca3c7c2e963a039d6,44992284,TRUE,TRUE,TRUE,TECHNICALLY_VERIFIED=TRUE; HUMAN_RELEASE_APPROVED=TRUE; exact source/export tensor equality; endpoint cross-check passed
cohe-063,NeurIPS/results/cifar100_transfer_seed_extended_min5/jobs/seed4_budget0.1/main4/models/cifar100_budget0.10_K5000_seed4_OHS-XORp75.pth,cifar100_main_gate3_ohs_xorp75_budget10_seed4_final.pth,cifar100_main_gate3,CIFAR-100,timm ResNet-18; 100 classes,OHS-XORp75,0.1,4,final_epoch_200,88ce054dd9289e38dc02e700064d8e3ccd78e5feb85f6bcdb58dc405fd9bbd12,44991526,TRUE,TRUE,TRUE,TECHNICALLY_VERIFIED=TRUE; HUMAN_RELEASE_APPROVED=TRUE; exact source/export tensor equality; endpoint cross-check passed
cohe-064,NeurIPS/results/cifar100_transfer_seed_extended_min5/jobs/seed4_budget0.1/main4/models/cifar100_budget0.10_K5000_seed4_Gen-Hard.pth,cifar100_main_gate3_gen_hard_budget10_seed4_final.pth,cifar100_main_gate3,CIFAR-100,timm ResNet-18; 100 classes,Gen-Hard,0.1,4,final_epoch_200,4aa0e6968bcc0d9d3a01e91216cf32a78f5bc58503c34c8cd66fbe4c8a18feb3,44991274,TRUE,TRUE,TRUE,TECHNICALLY_VERIFIED=TRUE; HUMAN_RELEASE_APPROVED=TRUE; exact source/export tensor equality; endpoint cross-check passed
cohe-065,NeurIPS/results/cifar100_transfer_seed_extended_min5/jobs/seed4_budget0.1/main4/models/cifar100_budget0.10_K5000_seed4_Random.pth,cifar100_main_gate3_random_budget10_seed4_final.pth,cifar100_main_gate3,CIFAR-100,timm ResNet-18; 100 classes,Random,0.1,4,final_epoch_200,6c8491bca091c0b4f824555e0ee310dac25cd2ca45f8745bd691971b5b7a2aed,44991022,TRUE,TRUE,TRUE,TECHNICALLY_VERIFIED=TRUE; HUMAN_RELEASE_APPROVED=TRUE; exact source/export tensor equality; endpoint cross-check passed
cohe-066,NeurIPS/results/cifar100_transfer_seed_extended_min5/jobs/seed4_budget0.1/main4/models/cifar100_budget0.10_K5000_seed4_Disc-Hard.pth,cifar100_main_gate3_disc_hard_budget10_seed4_final.pth,cifar100_main_gate3,CIFAR-100,timm ResNet-18; 100 classes,Disc-Hard,0.1,4,final_epoch_200,9ad4bc14ca186a736484bd2ac075e4637be40c2cef400d4138b57a4c82c7859b,44991400,TRUE,TRUE,TRUE,TECHNICALLY_VERIFIED=TRUE; HUMAN_RELEASE_APPROVED=TRUE; exact source/export tensor equality; endpoint cross-check passed
cohe-067,NeurIPS/results/cifar100_transfer_seed_extended_min5/jobs/seed4_budget0.1/predictive_entropy/models/cifar100_budget0.10_K5000_seed4_Predictive-Entropy.pth,cifar100_main_gate3_predictive_entropy_budget10_seed4_final.pth,cifar100_main_gate3,CIFAR-100,timm ResNet-18; 100 classes,Predictive-Entropy,0.1,4,final_epoch_200,062d3b10effaea4b30f946b00b5fd7516d11fa84ae625e05dbad4ad4be2ab43d,44992662,TRUE,TRUE,TRUE,TECHNICALLY_VERIFIED=TRUE; HUMAN_RELEASE_APPROVED=TRUE; exact source/export tensor equality; endpoint cross-check passed
cohe-068,NeurIPS/results/cifar100_transfer_seed_extended_min5/jobs/seed4_budget0.7/coreset_kcenter/models/cifar100_budget0.70_K35000_seed4_Coreset-kCenter.pth,cifar100_main_gate3_coreset_kcenter_budget70_seed4_final.pth,cifar100_main_gate3,CIFAR-100,timm ResNet-18; 100 classes,Coreset-kCenter,0.7,4,final_epoch_200,8521b290b63f29d8e77ccd9bd1a2a89a997a533dce6edf4c9f61b9bc8926b65c,44992284,TRUE,TRUE,TRUE,TECHNICALLY_VERIFIED=TRUE; HUMAN_RELEASE_APPROVED=TRUE; exact source/export tensor equality; endpoint cross-check passed
cohe-069,NeurIPS/results/cifar100_transfer_seed_extended_min5/jobs/seed4_budget0.7/main4/models/cifar100_budget0.70_K35000_seed4_Gen-Hard.pth,cifar100_main_gate3_gen_hard_budget70_seed4_final.pth,cifar100_main_gate3,CIFAR-100,timm ResNet-18; 100 classes,Gen-Hard,0.7,4,final_epoch_200,de6b0c23d5a1bb5d0ff1808b2b8811621d4343c4a4aa60bfe0b3910cf559f07f,44991274,TRUE,TRUE,TRUE,TECHNICALLY_VERIFIED=TRUE; HUMAN_RELEASE_APPROVED=TRUE; exact source/export tensor equality; endpoint cross-check passed
cohe-070,NeurIPS/results/cifar100_transfer_seed_extended_min5/jobs/seed4_budget0.7/main4/models/cifar100_budget0.70_K35000_seed4_Random.pth,cifar100_main_gate3_random_budget70_seed4_final.pth,cifar100_main_gate3,CIFAR-100,timm ResNet-18; 100 classes,Random,0.7,4,final_epoch_200,53671f3425907ba65fbfbfa88a0d187560e5d14a565313da92017809be908a8d,44991022,TRUE,TRUE,TRUE,TECHNICALLY_VERIFIED=TRUE; HUMAN_RELEASE_APPROVED=TRUE; exact source/export tensor equality; endpoint cross-check passed
cohe-071,NeurIPS/results/cifar100_transfer_seed_extended_min5/jobs/seed4_budget0.7/main4/models/cifar100_budget0.70_K35000_seed4_OHS-XORp75.pth,cifar100_main_gate3_ohs_xorp75_budget70_seed4_final.pth,cifar100_main_gate3,CIFAR-100,timm ResNet-18; 100 classes,OHS-XORp75,0.7,4,final_epoch_200,b2c7a6fda1305f32fab2cf0a98c53e2c4f2baa52984495020e9b61baff1a6c42,44991526,TRUE,TRUE,TRUE,TECHNICALLY_VERIFIED=TRUE; HUMAN_RELEASE_APPROVED=TRUE; exact source/export tensor equality; endpoint cross-check passed
cohe-072,NeurIPS/results/cifar100_transfer_seed_extended_min5/jobs/seed4_budget0.7/main4/models/cifar100_budget0.70_K35000_seed4_Disc-Hard.pth,cifar100_main_gate3_disc_hard_budget70_seed4_final.pth,cifar100_main_gate3,CIFAR-100,timm ResNet-18; 100 classes,Disc-Hard,0.7,4,final_epoch_200,fc710d3116425d7deea893aff1256ee9a11d2f6d34d993574140102218b9cf7c,44991400,TRUE,TRUE,TRUE,TECHNICALLY_VERIFIED=TRUE; HUMAN_RELEASE_APPROVED=TRUE; exact source/export tensor equality; endpoint cross-check passed
cohe-073,NeurIPS/results/cifar100_transfer_seed_extended_min5/jobs/seed4_budget0.7/predictive_entropy/models/cifar100_budget0.70_K35000_seed4_Predictive-Entropy.pth,cifar100_main_gate3_predictive_entropy_budget70_seed4_final.pth,cifar100_main_gate3,CIFAR-100,timm ResNet-18; 100 classes,Predictive-Entropy,0.7,4,final_epoch_200,9f3f287e5f1b08d5edb423aa6a59ebf17ace16ed9734098d9b2044f7b00dcbd6,44992662,TRUE,TRUE,TRUE,TECHNICALLY_VERIFIED=TRUE; HUMAN_RELEASE_APPROVED=TRUE; exact source/export tensor equality; endpoint cross-check passed
cohe-074,NeurIPS/results/cifar100_transfer_seed_extended_min5/jobs/seed4_budget0.5/coreset_kcenter/models/cifar100_budget0.50_K25000_seed4_Coreset-kCenter.pth,cifar100_main_gate3_coreset_kcenter_budget50_seed4_final.pth,cifar100_main_gate3,CIFAR-100,timm ResNet-18; 100 classes,Coreset-kCenter,0.5,4,final_epoch_200,af6642563bc63f545239f3a4cd68e93f9bb0840baf8636792e89ea183fdea2a7,44992284,TRUE,TRUE,TRUE,TECHNICALLY_VERIFIED=TRUE; HUMAN_RELEASE_APPROVED=TRUE; exact source/export tensor equality; endpoint cross-check passed
cohe-075,NeurIPS/results/cifar100_transfer_seed_extended_min5/jobs/seed4_budget0.5/main4/models/cifar100_budget0.50_K25000_seed4_Random.pth,cifar100_main_gate3_random_budget50_seed4_final.pth,cifar100_main_gate3,CIFAR-100,timm ResNet-18; 100 classes,Random,0.5,4,final_epoch_200,4fccad8b2f77ef734fdbcc4b3c763cb283f724375c4229f5b572e85c6b979f24,44991022,TRUE,TRUE,TRUE,TECHNICALLY_VERIFIED=TRUE; HUMAN_RELEASE_APPROVED=TRUE; exact source/export tensor equality; endpoint cross-check passed
cohe-076,NeurIPS/results/cifar100_transfer_seed_extended_min5/jobs/seed4_budget0.5/main4/models/cifar100_budget0.50_K25000_seed4_Gen-Hard.pth,cifar100_main_gate3_gen_hard_budget50_seed4_final.pth,cifar100_main_gate3,CIFAR-100,timm ResNet-18; 100 classes,Gen-Hard,0.5,4,final_epoch_200,598579d69b9d8cc128a02377ce9cb0231e0c9f4cff2919e47af8c96ddf0d569e,44991274,TRUE,TRUE,TRUE,TECHNICALLY_VERIFIED=TRUE; HUMAN_RELEASE_APPROVED=TRUE; exact source/export tensor equality; endpoint cross-check passed
cohe-077,NeurIPS/results/cifar100_transfer_seed_extended_min5/jobs/seed4_budget0.5/main4/models/cifar100_budget0.50_K25000_seed4_OHS-XORp75.pth,cifar100_main_gate3_ohs_xorp75_budget50_seed4_final.pth,cifar100_main_gate3,CIFAR-100,timm ResNet-18; 100 classes,OHS-XORp75,0.5,4,final_epoch_200,f411421321a5a35a0ee6c612b960e7747100e6762489bba8fb01a3398cdd70d3,44991526,TRUE,TRUE,TRUE,TECHNICALLY_VERIFIED=TRUE; HUMAN_RELEASE_APPROVED=TRUE; exact source/export tensor equality; endpoint cross-check passed
cohe-078,NeurIPS/results/cifar100_transfer_seed_extended_min5/jobs/seed4_budget0.5/main4/models/cifar100_budget0.50_K25000_seed4_Disc-Hard.pth,cifar100_main_gate3_disc_hard_budget50_seed4_final.pth,cifar100_main_gate3,CIFAR-100,timm ResNet-18; 100 classes,Disc-Hard,0.5,4,final_epoch_200,5308ca8dc3dc86aca8aa265dd49168b8c587705b313e5b3519507978da17f029,44991400,TRUE,TRUE,TRUE,TECHNICALLY_VERIFIED=TRUE; HUMAN_RELEASE_APPROVED=TRUE; exact source/export tensor equality; endpoint cross-check passed
cohe-079,NeurIPS/results/cifar100_transfer_seed_extended_min5/jobs/seed4_budget0.5/predictive_entropy/models/cifar100_budget0.50_K25000_seed4_Predictive-Entropy.pth,cifar100_main_gate3_predictive_entropy_budget50_seed4_final.pth,cifar100_main_gate3,CIFAR-100,timm ResNet-18; 100 classes,Predictive-Entropy,0.5,4,final_epoch_200,b18426ce7774605e6feaee7ab57303b97636e3ce0af742b3da237589543ee786,44992662,TRUE,TRUE,TRUE,TECHNICALLY_VERIFIED=TRUE; HUMAN_RELEASE_APPROVED=TRUE; exact source/export tensor equality; endpoint cross-check passed
cohe-080,NeurIPS/rebuttal_2026/curriculum_expansion/runs/SHUFFLED_PROXY_ORDER_seed3/model_epoch200.pt,ddpm_ordering_shuffled_proxy_order_budget100_seed3_final.pth,ddpm_ordering,CIFAR-100,torchvision ResNet-18; 100 classes,SHUFFLED_PROXY_ORDER,1.0,3,final_epoch_200,0fdb0962c72eb96affa18266fba3bca924233d611306522fd5a1836b202b6e55,44992284,TRUE,TRUE,TRUE,TECHNICALLY_VERIFIED=TRUE; HUMAN_RELEASE_APPROVED=TRUE; exact source/export tensor equality; endpoint cross-check passed
cohe-081,NeurIPS/rebuttal_2026/curriculum_expansion/runs/EASY_TO_HARD_seed6/model_epoch200.pt,ddpm_ordering_easy_to_hard_budget100_seed6_final.pth,ddpm_ordering,CIFAR-100,torchvision ResNet-18; 100 classes,EASY_TO_HARD,1.0,6,final_epoch_200,b75fa70c757e9db56fee899bcbfac5c1f12c87377b1ca99cbb8922b32b7990b4,44991148,TRUE,TRUE,TRUE,TECHNICALLY_VERIFIED=TRUE; HUMAN_RELEASE_APPROVED=TRUE; exact source/export tensor equality; endpoint cross-check passed
cohe-082,NeurIPS/rebuttal_2026/curriculum_expansion/runs/EASY_TO_HARD_seed5/model_epoch200.pt,ddpm_ordering_easy_to_hard_budget100_seed5_final.pth,ddpm_ordering,CIFAR-100,torchvision ResNet-18; 100 classes,EASY_TO_HARD,1.0,5,final_epoch_200,acada2ab4be54e49e4ac81dc6854e3b4e66ebb2024f95094584785d3c2655240,44991148,TRUE,TRUE,TRUE,TECHNICALLY_VERIFIED=TRUE; HUMAN_RELEASE_APPROVED=TRUE; exact source/export tensor equality; endpoint cross-check passed
cohe-083,NeurIPS/rebuttal_2026/curriculum_expansion/runs/EASY_TO_HARD_seed4/model_epoch200.pt,ddpm_ordering_easy_to_hard_budget100_seed4_final.pth,ddpm_ordering,CIFAR-100,torchvision ResNet-18; 100 classes,EASY_TO_HARD,1.0,4,final_epoch_200,ca8ecdddbf2ef7816a1a5a15169b108012b7b26eb462af9d8d9fdd626f100d46,44991148,TRUE,TRUE,TRUE,TECHNICALLY_VERIFIED=TRUE; HUMAN_RELEASE_APPROVED=TRUE; exact source/export tensor equality; endpoint cross-check passed
cohe-084,NeurIPS/rebuttal_2026/curriculum_expansion/runs/RANDOM_seed5/model_epoch200.pt,ddpm_ordering_random_budget100_seed5_final.pth,ddpm_ordering,CIFAR-100,torchvision ResNet-18; 100 classes,RANDOM,1.0,5,final_epoch_200,3b10afd5dc7852e278f1ebdea0bada804e4b6cecc6f30103f2b83f317d4fe320,44990392,TRUE,TRUE,TRUE,TECHNICALLY_VERIFIED=TRUE; HUMAN_RELEASE_APPROVED=TRUE; exact source/export tensor equality; endpoint cross-check passed
cohe-085,NeurIPS/rebuttal_2026/curriculum_expansion/runs/EASY_TO_HARD_seed3/model_epoch200.pt,ddpm_ordering_easy_to_hard_budget100_seed3_final.pth,ddpm_ordering,CIFAR-100,torchvision ResNet-18; 100 classes,EASY_TO_HARD,1.0,3,final_epoch_200,1d1f5c724dcbfdb1db9851bc32a3a69e29d73468210d84ab50a4ce07ff3c8dba,44991148,TRUE,TRUE,TRUE,TECHNICALLY_VERIFIED=TRUE; HUMAN_RELEASE_APPROVED=TRUE; exact source/export tensor equality; endpoint cross-check passed
cohe-086,NeurIPS/rebuttal_2026/curriculum_expansion/runs/SHUFFLED_PROXY_ORDER_seed2/model_epoch200.pt,ddpm_ordering_shuffled_proxy_order_budget100_seed2_final.pth,ddpm_ordering,CIFAR-100,torchvision ResNet-18; 100 classes,SHUFFLED_PROXY_ORDER,1.0,2,final_epoch_200,18687a3978ab1a03776aa26bd1bf9b18c1effd77b8cb8e02a596a7afa3d52782,44992284,TRUE,TRUE,TRUE,TECHNICALLY_VERIFIED=TRUE; HUMAN_RELEASE_APPROVED=TRUE; exact source/export tensor equality; endpoint cross-check passed
cohe-087,NeurIPS/rebuttal_2026/curriculum_expansion/runs/SHUFFLED_PROXY_ORDER_seed6/model_epoch200.pt,ddpm_ordering_shuffled_proxy_order_budget100_seed6_final.pth,ddpm_ordering,CIFAR-100,torchvision ResNet-18; 100 classes,SHUFFLED_PROXY_ORDER,1.0,6,final_epoch_200,fe64948aa62e8b9241c8ce4c360511eec62e0da2112b13828f8e29093aceb06b,44992284,TRUE,TRUE,TRUE,TECHNICALLY_VERIFIED=TRUE; HUMAN_RELEASE_APPROVED=TRUE; exact source/export tensor equality; endpoint cross-check passed
cohe-088,NeurIPS/rebuttal_2026/curriculum_expansion/runs/RANDOM_seed4/model_epoch200.pt,ddpm_ordering_random_budget100_seed4_final.pth,ddpm_ordering,CIFAR-100,torchvision ResNet-18; 100 classes,RANDOM,1.0,4,final_epoch_200,3441112b3bb9602c933d4ad47a726a91f7bfe8a0b37e56b4e2a86bc02009abb9,44990392,TRUE,TRUE,TRUE,TECHNICALLY_VERIFIED=TRUE; HUMAN_RELEASE_APPROVED=TRUE; exact source/export tensor equality; endpoint cross-check passed
cohe-089,NeurIPS/rebuttal_2026/curriculum_expansion/runs/RANDOM_seed3/model_epoch200.pt,ddpm_ordering_random_budget100_seed3_final.pth,ddpm_ordering,CIFAR-100,torchvision ResNet-18; 100 classes,RANDOM,1.0,3,final_epoch_200,9e1f0c13bdcbaeb30b47d02b8f79517b97246e330132019ad323fcbe00132d95,44990392,TRUE,TRUE,TRUE,TECHNICALLY_VERIFIED=TRUE; HUMAN_RELEASE_APPROVED=TRUE; exact source/export tensor equality; endpoint cross-check passed
cohe-090,NeurIPS/rebuttal_2026/curriculum_expansion/runs/SHUFFLED_PROXY_ORDER_seed4/model_epoch200.pt,ddpm_ordering_shuffled_proxy_order_budget100_seed4_final.pth,ddpm_ordering,CIFAR-100,torchvision ResNet-18; 100 classes,SHUFFLED_PROXY_ORDER,1.0,4,final_epoch_200,5a64ca653295970b39f54fa0f6a092d6e6c8892a2aaf890ae7297aefe58691bb,44992284,TRUE,TRUE,TRUE,TECHNICALLY_VERIFIED=TRUE; HUMAN_RELEASE_APPROVED=TRUE; exact source/export tensor equality; endpoint cross-check passed
cohe-091,NeurIPS/rebuttal_2026/curriculum_expansion/runs/SHUFFLED_PROXY_ORDER_seed0/model_epoch200.pt,ddpm_ordering_shuffled_proxy_order_budget100_seed0_final.pth,ddpm_ordering,CIFAR-100,torchvision ResNet-18; 100 classes,SHUFFLED_PROXY_ORDER,1.0,0,final_epoch_200,2989595271a60e889064d75c982d3ff0dc6b10a38594bbc8a3299dcc0bd3a69f,44992284,TRUE,TRUE,TRUE,TECHNICALLY_VERIFIED=TRUE; HUMAN_RELEASE_APPROVED=TRUE; exact source/export tensor equality; endpoint cross-check passed
cohe-092,NeurIPS/rebuttal_2026/curriculum_expansion/runs/RANDOM_seed6/model_epoch200.pt,ddpm_ordering_random_budget100_seed6_final.pth,ddpm_ordering,CIFAR-100,torchvision ResNet-18; 100 classes,RANDOM,1.0,6,final_epoch_200,7b2e61a2f316ae007fe5e0b163f0b51f0f8796ea03e68823fa3e38e8bfa2393b,44990392,TRUE,TRUE,TRUE,TECHNICALLY_VERIFIED=TRUE; HUMAN_RELEASE_APPROVED=TRUE; exact source/export tensor equality; endpoint cross-check passed
cohe-093,NeurIPS/rebuttal_2026/curriculum_expansion/runs/RANDOM_seed7/model_epoch200.pt,ddpm_ordering_random_budget100_seed7_final.pth,ddpm_ordering,CIFAR-100,torchvision ResNet-18; 100 classes,RANDOM,1.0,7,final_epoch_200,2ae943cbef606c951662c7a450e89e967e0283969d64037fc9649f7446ff41eb,44990392,TRUE,TRUE,TRUE,TECHNICALLY_VERIFIED=TRUE; HUMAN_RELEASE_APPROVED=TRUE; exact source/export tensor equality; endpoint cross-check passed
cohe-094,NeurIPS/rebuttal_2026/curriculum_expansion/runs/SHUFFLED_PROXY_ORDER_seed1/model_epoch200.pt,ddpm_ordering_shuffled_proxy_order_budget100_seed1_final.pth,ddpm_ordering,CIFAR-100,torchvision ResNet-18; 100 classes,SHUFFLED_PROXY_ORDER,1.0,1,final_epoch_200,e4d5043c54a39002373c9dfa41679665ab05426ccd96abd51fbbeea372c5cbf8,44992284,TRUE,TRUE,TRUE,TECHNICALLY_VERIFIED=TRUE; HUMAN_RELEASE_APPROVED=TRUE; exact source/export tensor equality; endpoint cross-check passed
cohe-095,NeurIPS/rebuttal_2026/curriculum_expansion/runs/SHUFFLED_PROXY_ORDER_seed7/model_epoch200.pt,ddpm_ordering_shuffled_proxy_order_budget100_seed7_final.pth,ddpm_ordering,CIFAR-100,torchvision ResNet-18; 100 classes,SHUFFLED_PROXY_ORDER,1.0,7,final_epoch_200,9dc41804fc7711179e31fcff7b600024db79a3aeecc1d23884e74dbd34962b9e,44992284,TRUE,TRUE,TRUE,TECHNICALLY_VERIFIED=TRUE; HUMAN_RELEASE_APPROVED=TRUE; exact source/export tensor equality; endpoint cross-check passed
cohe-096,NeurIPS/rebuttal_2026/curriculum_expansion/runs/EASY_TO_HARD_seed7/model_epoch200.pt,ddpm_ordering_easy_to_hard_budget100_seed7_final.pth,ddpm_ordering,CIFAR-100,torchvision ResNet-18; 100 classes,EASY_TO_HARD,1.0,7,final_epoch_200,af5fae3b9b640930a0a5be0ba87f3d9ae4f3f189e6f0bd809b58d3ebcffb449a,44991148,TRUE,TRUE,TRUE,TECHNICALLY_VERIFIED=TRUE; HUMAN_RELEASE_APPROVED=TRUE; exact source/export tensor equality; endpoint cross-check passed
cohe-097,NeurIPS/rebuttal_2026/curriculum_expansion/runs/SHUFFLED_PROXY_ORDER_seed5/model_epoch200.pt,ddpm_ordering_shuffled_proxy_order_budget100_seed5_final.pth,ddpm_ordering,CIFAR-100,torchvision ResNet-18; 100 classes,SHUFFLED_PROXY_ORDER,1.0,5,final_epoch_200,31d862d95456456570d33c2d321d2df181fb6c9a43cf006fc56208fb644b6c96,44992284,TRUE,TRUE,TRUE,TECHNICALLY_VERIFIED=TRUE; HUMAN_RELEASE_APPROVED=TRUE; exact source/export tensor equality; endpoint cross-check passed
cohe-098,ICML/outputs_alpha_mix/models/cifar100_budget0.10_K5000_seed2_Gen-Hard.pth,cifar100_main_gate3_gen_hard_budget10_seed2_final.pth,cifar100_main_gate3,CIFAR-100,timm ResNet-18; 100 classes,Gen-Hard,0.1,2,final_epoch_200,2117e652689cc124e7ffc97b1c73f09f52d58f83fb987799ed16d84f0ab9b7a4,44991274,TRUE,TRUE,TRUE,TECHNICALLY_VERIFIED=TRUE; HUMAN_RELEASE_APPROVED=TRUE; exact source/export tensor equality; endpoint cross-check passed
cohe-099,ICML/outputs_alpha_mix/models/cifar100_budget0.50_K25000_seed0_Mix-Harda0.25.pth,cifar100_alpha_mix_mix_harda0_25_budget50_seed0_final.pth,cifar100_alpha_mix,CIFAR-100,timm ResNet-18; 100 classes,Mix-Harda0.25,0.5,0,final_epoch_200,f079506f0d52b882e7be2c56fcca82414b71a36ac6c2946d474851dea85d8501,44991778,TRUE,TRUE,TRUE,TECHNICALLY_VERIFIED=TRUE; HUMAN_RELEASE_APPROVED=TRUE; exact source/export tensor equality; endpoint cross-check passed
cohe-100,ICML/outputs_alpha_mix/models/cifar100_budget0.50_K25000_seed2_Random.pth,cifar100_main_gate3_random_budget50_seed2_final.pth,cifar100_main_gate3,CIFAR-100,timm ResNet-18; 100 classes,Random,0.5,2,final_epoch_200,31b3d5bff9cec81d088c095d49769f491ab091ddd466e49267f7a11537aa403a,44991022,TRUE,TRUE,TRUE,TECHNICALLY_VERIFIED=TRUE; HUMAN_RELEASE_APPROVED=TRUE; exact source/export tensor equality; endpoint cross-check passed
cohe-101,ICML/outputs_alpha_mix/models/cifar100_budget0.70_K35000_seed2_Mix-Harda0.25.pth,cifar100_alpha_mix_mix_harda0_25_budget70_seed2_final.pth,cifar100_alpha_mix,CIFAR-100,timm ResNet-18; 100 classes,Mix-Harda0.25,0.7,2,final_epoch_200,c6e70abd21a14f3582bc2fe04f8cd586875ffba94836053500f037356fce1262,44991778,TRUE,TRUE,TRUE,TECHNICALLY_VERIFIED=TRUE; HUMAN_RELEASE_APPROVED=TRUE; exact source/export tensor equality; endpoint cross-check passed
cohe-102,ICML/outputs_alpha_mix/models/cifar100_budget0.10_K5000_seed1_Mix-Harda0.75.pth,cifar100_alpha_mix_mix_harda0_75_budget10_seed1_final.pth,cifar100_alpha_mix,CIFAR-100,timm ResNet-18; 100 classes,Mix-Harda0.75,0.1,1,final_epoch_200,eac0e4500765b6b779b3126be6bf2d5a8250668bef32d7b74144ebc4c258bec8,44991778,TRUE,TRUE,TRUE,TECHNICALLY_VERIFIED=TRUE; HUMAN_RELEASE_APPROVED=TRUE; exact source/export tensor equality; endpoint cross-check passed
cohe-103,ICML/outputs_alpha_mix/models/cifar100_budget0.10_K5000_seed0_Mix-Harda0.75.pth,cifar100_alpha_mix_mix_harda0_75_budget10_seed0_final.pth,cifar100_alpha_mix,CIFAR-100,timm ResNet-18; 100 classes,Mix-Harda0.75,0.1,0,final_epoch_200,21c54d1ade01ac132402577afc44250d20d243d607186b6e417c414fe0791ed3,44991778,TRUE,TRUE,TRUE,TECHNICALLY_VERIFIED=TRUE; HUMAN_RELEASE_APPROVED=TRUE; exact source/export tensor equality; endpoint cross-check passed
cohe-104,ICML/outputs_alpha_mix/models/cifar100_budget0.10_K5000_seed2_Mix-Harda1.00.pth,cifar100_alpha_mix_mix_harda1_00_budget10_seed2_final.pth,cifar100_alpha_mix,CIFAR-100,timm ResNet-18; 100 classes,Mix-Harda1.00,0.1,2,final_epoch_200,86d6da312aff2a462cafb329fc1eeea483bb11b57ca796daeded16917bf5c8b6,44991778,TRUE,TRUE,TRUE,TECHNICALLY_VERIFIED=TRUE; HUMAN_RELEASE_APPROVED=TRUE; exact source/export tensor equality; endpoint cross-check passed
cohe-105,ICML/outputs_alpha_mix/models/cifar100_budget0.10_K5000_seed1_Disc-Hard.pth,cifar100_main_gate3_disc_hard_budget10_seed1_final.pth,cifar100_main_gate3,CIFAR-100,timm ResNet-18; 100 classes,Disc-Hard,0.1,1,final_epoch_200,1f7ab986261dc43dc2e004ebedd05bfa40376b2f8038bc98d5b2071aee596631,44991400,TRUE,TRUE,TRUE,TECHNICALLY_VERIFIED=TRUE; HUMAN_RELEASE_APPROVED=TRUE; exact source/export tensor equality; endpoint cross-check passed
cohe-106,ICML/outputs_alpha_mix/models/cifar100_budget0.50_K25000_seed0_Disc-Hard.pth,cifar100_main_gate3_disc_hard_budget50_seed0_final.pth,cifar100_main_gate3,CIFAR-100,timm ResNet-18; 100 classes,Disc-Hard,0.5,0,final_epoch_200,ad5e87c0f0852d14fcdd9a2b1e6d99ad47a818d5ac0cbadcc94cf8430bc3bac1,44991400,TRUE,TRUE,TRUE,TECHNICALLY_VERIFIED=TRUE; HUMAN_RELEASE_APPROVED=TRUE; exact source/export tensor equality; endpoint cross-check passed
cohe-107,ICML/outputs_alpha_mix/models/cifar100_budget0.70_K35000_seed1_Mix-Harda1.00.pth,cifar100_alpha_mix_mix_harda1_00_budget70_seed1_final.pth,cifar100_alpha_mix,CIFAR-100,timm ResNet-18; 100 classes,Mix-Harda1.00,0.7,1,final_epoch_200,e167207e84469dcd06fb80b4e13b0460ed86da8ed1d27bf6d03cb41e9fcc336a,44991778,TRUE,TRUE,TRUE,TECHNICALLY_VERIFIED=TRUE; HUMAN_RELEASE_APPROVED=TRUE; exact source/export tensor equality; endpoint cross-check passed
cohe-108,ICML/outputs_alpha_mix/models/cifar100_budget0.50_K25000_seed1_OHS-XORp75.pth,cifar100_main_gate3_ohs_xorp75_budget50_seed1_final.pth,cifar100_main_gate3,CIFAR-100,timm ResNet-18; 100 classes,OHS-XORp75,0.5,1,final_epoch_200,0ab0df0c530b4f8576ae3bad5e5df55b6916461ffe767f76ec910130e293c06e,44991526,TRUE,TRUE,TRUE,TECHNICALLY_VERIFIED=TRUE; HUMAN_RELEASE_APPROVED=TRUE; exact source/export tensor equality; endpoint cross-check passed
cohe-109,ICML/outputs_alpha_mix/models/cifar100_budget0.50_K25000_seed2_Gen-Hard.pth,cifar100_main_gate3_gen_hard_budget50_seed2_final.pth,cifar100_main_gate3,CIFAR-100,timm ResNet-18; 100 classes,Gen-Hard,0.5,2,final_epoch_200,426c47b0f20eec1749bea7ba35e6c8def16e08d2f8bbd998e49fcea409ebd865,44991274,TRUE,TRUE,TRUE,TECHNICALLY_VERIFIED=TRUE; HUMAN_RELEASE_APPROVED=TRUE; exact source/export tensor equality; endpoint cross-check passed
cohe-110,ICML/outputs_alpha_mix/models/cifar100_budget0.70_K35000_seed1_Mix-Harda0.50.pth,cifar100_alpha_mix_mix_harda0_50_budget70_seed1_final.pth,cifar100_alpha_mix,CIFAR-100,timm ResNet-18; 100 classes,Mix-Harda0.50,0.7,1,final_epoch_200,ec0901ef2fcf5495d6abe433365c205110bd17db3ff3dbd9176cec1d71575a27,44991778,TRUE,TRUE,TRUE,TECHNICALLY_VERIFIED=TRUE; HUMAN_RELEASE_APPROVED=TRUE; exact source/export tensor equality; endpoint cross-check passed
cohe-111,ICML/outputs_alpha_mix/models/cifar100_budget0.50_K25000_seed2_Mix-Harda0.50.pth,cifar100_alpha_mix_mix_harda0_50_budget50_seed2_final.pth,cifar100_alpha_mix,CIFAR-100,timm ResNet-18; 100 classes,Mix-Harda0.50,0.5,2,final_epoch_200,ba3ffaf82907c9b8884f1799ff840208b786b6bfd99cf2ee84932a781308881a,44991778,TRUE,TRUE,TRUE,TECHNICALLY_VERIFIED=TRUE; HUMAN_RELEASE_APPROVED=TRUE; exact source/export tensor equality; endpoint cross-check passed
cohe-112,ICML/outputs_alpha_mix/models/cifar100_budget0.70_K35000_seed0_Mix-Harda0.25.pth,cifar100_alpha_mix_mix_harda0_25_budget70_seed0_final.pth,cifar100_alpha_mix,CIFAR-100,timm ResNet-18; 100 classes,Mix-Harda0.25,0.7,0,final_epoch_200,cd83c46b0b2634de9b72dec3305c2e147c168deca1db40ecaee8df1a2e5db074,44991778,TRUE,TRUE,TRUE,TECHNICALLY_VERIFIED=TRUE; HUMAN_RELEASE_APPROVED=TRUE; exact source/export tensor equality; endpoint cross-check passed
cohe-113,ICML/outputs_alpha_mix/models/cifar100_budget0.70_K35000_seed1_Random.pth,cifar100_main_gate3_random_budget70_seed1_final.pth,cifar100_main_gate3,CIFAR-100,timm ResNet-18; 100 classes,Random,0.7,1,final_epoch_200,2107ec27e1690548cb33bb7744a3017f41a2095df11f8fa4a16b013f09a72016,44991022,TRUE,TRUE,TRUE,TECHNICALLY_VERIFIED=TRUE; HUMAN_RELEASE_APPROVED=TRUE; exact source/export tensor equality; endpoint cross-check passed
cohe-114,ICML/outputs_alpha_mix/models/cifar100_budget0.70_K35000_seed1_Mix-Harda0.25.pth,cifar100_alpha_mix_mix_harda0_25_budget70_seed1_final.pth,cifar100_alpha_mix,CIFAR-100,timm ResNet-18; 100 classes,Mix-Harda0.25,0.7,1,final_epoch_200,a778974ca39fcad69c3e58c0b490da9466d7b8b716f39994638908f7cceb515f,44991778,TRUE,TRUE,TRUE,TECHNICALLY_VERIFIED=TRUE; HUMAN_RELEASE_APPROVED=TRUE; exact source/export tensor equality; endpoint cross-check passed
cohe-115,ICML/outputs_alpha_mix/models/cifar100_budget0.50_K25000_seed1_Random.pth,cifar100_main_gate3_random_budget50_seed1_final.pth,cifar100_main_gate3,CIFAR-100,timm ResNet-18; 100 classes,Random,0.5,1,final_epoch_200,a2b848624b5bfb1df656ca547af4415a25b5455a7bda30e145fc0a585723bef4,44991022,TRUE,TRUE,TRUE,TECHNICALLY_VERIFIED=TRUE; HUMAN_RELEASE_APPROVED=TRUE; exact source/export tensor equality; endpoint cross-check passed
cohe-116,ICML/outputs_alpha_mix/models/cifar100_budget0.70_K35000_seed0_Gen-Hard.pth,cifar100_main_gate3_gen_hard_budget70_seed0_final.pth,cifar100_main_gate3,CIFAR-100,timm ResNet-18; 100 classes,Gen-Hard,0.7,0,final_epoch_200,08e651a2cd45c5f4ba993bab9b879081113ee25370b327701c5b80b5ed26943e,44991274,TRUE,TRUE,TRUE,TECHNICALLY_VERIFIED=TRUE; HUMAN_RELEASE_APPROVED=TRUE; exact source/export tensor equality; endpoint cross-check passed
cohe-117,ICML/outputs_alpha_mix/models/cifar100_budget0.70_K35000_seed1_Mix-Harda0.75.pth,cifar100_alpha_mix_mix_harda0_75_budget70_seed1_final.pth,cifar100_alpha_mix,CIFAR-100,timm ResNet-18; 100 classes,Mix-Harda0.75,0.7,1,final_epoch_200,fafc7464c8d701c9d6e94fd574b3fed766371fe8ed31db893f898bd465f06511,44991778,TRUE,TRUE,TRUE,TECHNICALLY_VERIFIED=TRUE; HUMAN_RELEASE_APPROVED=TRUE; exact source/export tensor equality; endpoint cross-check passed
cohe-118,ICML/outputs_alpha_mix/models/cifar100_budget0.70_K35000_seed2_Mix-Harda0.75.pth,cifar100_alpha_mix_mix_harda0_75_budget70_seed2_final.pth,cifar100_alpha_mix,CIFAR-100,timm ResNet-18; 100 classes,Mix-Harda0.75,0.7,2,final_epoch_200,ec138a7cff5fcfdfc85d210a1775a4d74fa4201ba937c3b339863f30ea2aea66,44991778,TRUE,TRUE,TRUE,TECHNICALLY_VERIFIED=TRUE; HUMAN_RELEASE_APPROVED=TRUE; exact source/export tensor equality; endpoint cross-check passed
cohe-119,ICML/outputs_alpha_mix/models/cifar100_budget0.50_K25000_seed2_OHS-XORp75.pth,cifar100_main_gate3_ohs_xorp75_budget50_seed2_final.pth,cifar100_main_gate3,CIFAR-100,timm ResNet-18; 100 classes,OHS-XORp75,0.5,2,final_epoch_200,32d82ebe6579647333cbbdbc91117e5daff83a7acf348633888c16c6134c9eb0,44991526,TRUE,TRUE,TRUE,TECHNICALLY_VERIFIED=TRUE; HUMAN_RELEASE_APPROVED=TRUE; exact source/export tensor equality; endpoint cross-check passed
cohe-120,ICML/outputs_alpha_mix/models/cifar100_budget0.50_K25000_seed1_Mix-Harda0.00.pth,cifar100_alpha_mix_mix_harda0_00_budget50_seed1_final.pth,cifar100_alpha_mix,CIFAR-100,timm ResNet-18; 100 classes,Mix-Harda0.00,0.5,1,final_epoch_200,cec8e841953877a588dc1c1c2a5557f9cc6aa4c78a345b831d25b7be6744c97b,44991778,TRUE,TRUE,TRUE,TECHNICALLY_VERIFIED=TRUE; HUMAN_RELEASE_APPROVED=TRUE; exact source/export tensor equality; endpoint cross-check passed
cohe-121,ICML/outputs_alpha_mix/models/cifar100_budget0.10_K5000_seed1_Mix-Harda0.00.pth,cifar100_alpha_mix_mix_harda0_00_budget10_seed1_final.pth,cifar100_alpha_mix,CIFAR-100,timm ResNet-18; 100 classes,Mix-Harda0.00,0.1,1,final_epoch_200,2c94827eeb794d313373a7a5d8ec5c05499683a62dfb5f643a349d5b206f8f35,44991778,TRUE,TRUE,TRUE,TECHNICALLY_VERIFIED=TRUE; HUMAN_RELEASE_APPROVED=TRUE; exact source/export tensor equality; endpoint cross-check passed
cohe-122,ICML/outputs_alpha_mix/models/cifar100_budget0.50_K25000_seed1_Mix-Harda0.25.pth,cifar100_alpha_mix_mix_harda0_25_budget50_seed1_final.pth,cifar100_alpha_mix,CIFAR-100,timm ResNet-18; 100 classes,Mix-Harda0.25,0.5,1,final_epoch_200,cb93c02fb275bcfeeb1e6b5126cc20648e6dd166f44ac8b1ef0b21ccf3834b2b,44991778,TRUE,TRUE,TRUE,TECHNICALLY_VERIFIED=TRUE; HUMAN_RELEASE_APPROVED=TRUE; exact source/export tensor equality; endpoint cross-check passed
cohe-123,ICML/outputs_alpha_mix/models/cifar100_budget0.10_K5000_seed0_Random.pth,cifar100_main_gate3_random_budget10_seed0_final.pth,cifar100_main_gate3,CIFAR-100,timm ResNet-18; 100 classes,Random,0.1,0,final_epoch_200,5ffb0515ceb96d3c4028051e71eaef828e3dc43a6d4aa75ae8157712cb3fb77f,44991022,TRUE,TRUE,TRUE,TECHNICALLY_VERIFIED=TRUE; HUMAN_RELEASE_APPROVED=TRUE; exact source/export tensor equality; endpoint cross-check passed
cohe-124,ICML/outputs_alpha_mix/models/cifar100_budget0.70_K35000_seed0_Mix-Harda0.75.pth,cifar100_alpha_mix_mix_harda0_75_budget70_seed0_final.pth,cifar100_alpha_mix,CIFAR-100,timm ResNet-18; 100 classes,Mix-Harda0.75,0.7,0,final_epoch_200,b93b46923a134548e38b9192a684221ece1266d3b76ce85150e8ba3bc0894563,44991778,TRUE,TRUE,TRUE,TECHNICALLY_VERIFIED=TRUE; HUMAN_RELEASE_APPROVED=TRUE; exact source/export tensor equality; endpoint cross-check passed
cohe-125,ICML/outputs_alpha_mix/models/cifar100_budget0.10_K5000_seed0_Mix-Harda1.00.pth,cifar100_alpha_mix_mix_harda1_00_budget10_seed0_final.pth,cifar100_alpha_mix,CIFAR-100,timm ResNet-18; 100 classes,Mix-Harda1.00,0.1,0,final_epoch_200,db31e93c979561ab978cd14b56ad16725ec494242ac444430a51c98ef83994c3,44991778,TRUE,TRUE,TRUE,TECHNICALLY_VERIFIED=TRUE; HUMAN_RELEASE_APPROVED=TRUE; exact source/export tensor equality; endpoint cross-check passed
cohe-126,ICML/outputs_alpha_mix/models/cifar100_budget0.70_K35000_seed0_OHS-XORp75.pth,cifar100_main_gate3_ohs_xorp75_budget70_seed0_final.pth,cifar100_main_gate3,CIFAR-100,timm ResNet-18; 100 classes,OHS-XORp75,0.7,0,final_epoch_200,43635222642b4727c77d4b7265ef5f207d5c65e25c3aa9cca5a16c0305b68fae,44991526,TRUE,TRUE,TRUE,TECHNICALLY_VERIFIED=TRUE; HUMAN_RELEASE_APPROVED=TRUE; exact source/export tensor equality; endpoint cross-check passed
cohe-127,ICML/outputs_alpha_mix/models/cifar100_budget0.50_K25000_seed1_Mix-Harda0.75.pth,cifar100_alpha_mix_mix_harda0_75_budget50_seed1_final.pth,cifar100_alpha_mix,CIFAR-100,timm ResNet-18; 100 classes,Mix-Harda0.75,0.5,1,final_epoch_200,fe5c8527037c75a32b4ea8e123676581918a389da31bc03e01725e125d02a08b,44991778,TRUE,TRUE,TRUE,TECHNICALLY_VERIFIED=TRUE; HUMAN_RELEASE_APPROVED=TRUE; exact source/export tensor equality; endpoint cross-check passed
cohe-128,ICML/outputs_alpha_mix/models/cifar100_budget0.70_K35000_seed2_OHS-XORp75.pth,cifar100_main_gate3_ohs_xorp75_budget70_seed2_final.pth,cifar100_main_gate3,CIFAR-100,timm ResNet-18; 100 classes,OHS-XORp75,0.7,2,final_epoch_200,cee6080f25a5b9b50ed07e198664381d6d14549d5d741be3dd799c48e5ccd4a4,44991526,TRUE,TRUE,TRUE,TECHNICALLY_VERIFIED=TRUE; HUMAN_RELEASE_APPROVED=TRUE; exact source/export tensor equality; endpoint cross-check passed
cohe-129,ICML/outputs_alpha_mix/models/cifar100_budget0.10_K5000_seed2_OHS-XORp75.pth,cifar100_main_gate3_ohs_xorp75_budget10_seed2_final.pth,cifar100_main_gate3,CIFAR-100,timm ResNet-18; 100 classes,OHS-XORp75,0.1,2,final_epoch_200,65dfab443bdb8ab980b3670b82096b4ba6e13d7eeb6f7c565fd354aab347edaa,44991526,TRUE,TRUE,TRUE,TECHNICALLY_VERIFIED=TRUE; HUMAN_RELEASE_APPROVED=TRUE; exact source/export tensor equality; endpoint cross-check passed
cohe-130,ICML/outputs_alpha_mix/models/cifar100_budget0.50_K25000_seed2_Mix-Harda0.75.pth,cifar100_alpha_mix_mix_harda0_75_budget50_seed2_final.pth,cifar100_alpha_mix,CIFAR-100,timm ResNet-18; 100 classes,Mix-Harda0.75,0.5,2,final_epoch_200,24aaa5e5bc92a3bd7bf46c220b07a3f8d00062db5d2bb47bc2e3e10347df00f1,44991778,TRUE,TRUE,TRUE,TECHNICALLY_VERIFIED=TRUE; HUMAN_RELEASE_APPROVED=TRUE; exact source/export tensor equality; endpoint cross-check passed
cohe-131,ICML/outputs_alpha_mix/models/cifar100_budget0.70_K35000_seed0_Disc-Hard.pth,cifar100_main_gate3_disc_hard_budget70_seed0_final.pth,cifar100_main_gate3,CIFAR-100,timm ResNet-18; 100 classes,Disc-Hard,0.7,0,final_epoch_200,8f41b8995b643c7e164a3e89f36021feaccef806d04cdad812e9549f9e63abfe,44991400,TRUE,TRUE,TRUE,TECHNICALLY_VERIFIED=TRUE; HUMAN_RELEASE_APPROVED=TRUE; exact source/export tensor equality; endpoint cross-check passed
cohe-132,ICML/outputs_alpha_mix/models/cifar100_budget0.10_K5000_seed2_Random.pth,cifar100_main_gate3_random_budget10_seed2_final.pth,cifar100_main_gate3,CIFAR-100,timm ResNet-18; 100 classes,Random,0.1,2,final_epoch_200,4594c98d01b1a6c8abe664f2c670b6310e54d6cc58baef9491e015fff98ffcff,44991022,TRUE,TRUE,TRUE,TECHNICALLY_VERIFIED=TRUE; HUMAN_RELEASE_APPROVED=TRUE; exact source/export tensor equality; endpoint cross-check passed
cohe-133,ICML/outputs_alpha_mix/models/cifar100_budget0.10_K5000_seed0_OHS-XORp75.pth,cifar100_main_gate3_ohs_xorp75_budget10_seed0_final.pth,cifar100_main_gate3,CIFAR-100,timm ResNet-18; 100 classes,OHS-XORp75,0.1,0,final_epoch_200,06e0b2a9b57580af742e36f60666470f200c65e7116ffb239d1f48693eb0c86d,44991526,TRUE,TRUE,TRUE,TECHNICALLY_VERIFIED=TRUE; HUMAN_RELEASE_APPROVED=TRUE; exact source/export tensor equality; endpoint cross-check passed
cohe-134,ICML/outputs_alpha_mix/models/cifar100_budget0.10_K5000_seed0_Mix-Harda0.25.pth,cifar100_alpha_mix_mix_harda0_25_budget10_seed0_final.pth,cifar100_alpha_mix,CIFAR-100,timm ResNet-18; 100 classes,Mix-Harda0.25,0.1,0,final_epoch_200,9f01456bda0fe2a76a02c596db64bf7560244cd2910d4f44e67f47534e4e5ae1,44991778,TRUE,TRUE,TRUE,TECHNICALLY_VERIFIED=TRUE; HUMAN_RELEASE_APPROVED=TRUE; exact source/export tensor equality; endpoint cross-check passed
cohe-135,ICML/outputs_alpha_mix/models/cifar100_budget0.10_K5000_seed1_Gen-Hard.pth,cifar100_main_gate3_gen_hard_budget10_seed1_final.pth,cifar100_main_gate3,CIFAR-100,timm ResNet-18; 100 classes,Gen-Hard,0.1,1,final_epoch_200,2f7d4881f3dfb71ab361f6fbb4419c6b5403843e737bda5274a85fe1e486aaec,44991274,TRUE,TRUE,TRUE,TECHNICALLY_VERIFIED=TRUE; HUMAN_RELEASE_APPROVED=TRUE; exact source/export tensor equality; endpoint cross-check passed
cohe-136,ICML/outputs_alpha_mix/models/cifar100_budget0.10_K5000_seed1_OHS-XORp75.pth,cifar100_main_gate3_ohs_xorp75_budget10_seed1_final.pth,cifar100_main_gate3,CIFAR-100,timm ResNet-18; 100 classes,OHS-XORp75,0.1,1,final_epoch_200,d34e65f89c05431062844ae3ecda52814168f6259f90eb70b7df169152ef7ea9,44991526,TRUE,TRUE,TRUE,TECHNICALLY_VERIFIED=TRUE; HUMAN_RELEASE_APPROVED=TRUE; exact source/export tensor equality; endpoint cross-check passed
cohe-137,ICML/outputs_alpha_mix/models/cifar100_budget0.70_K35000_seed1_Gen-Hard.pth,cifar100_main_gate3_gen_hard_budget70_seed1_final.pth,cifar100_main_gate3,CIFAR-100,timm ResNet-18; 100 classes,Gen-Hard,0.7,1,final_epoch_200,7d3cf280fd8bdd630c95b53d6d483c0dc5eb4c9959be7875d823706247a6537c,44991274,TRUE,TRUE,TRUE,TECHNICALLY_VERIFIED=TRUE; HUMAN_RELEASE_APPROVED=TRUE; exact source/export tensor equality; endpoint cross-check passed
cohe-138,ICML/outputs_alpha_mix/models/cifar100_budget0.50_K25000_seed1_Mix-Harda1.00.pth,cifar100_alpha_mix_mix_harda1_00_budget50_seed1_final.pth,cifar100_alpha_mix,CIFAR-100,timm ResNet-18; 100 classes,Mix-Harda1.00,0.5,1,final_epoch_200,0792a115b57063ba7fd901b9f68c79c43952b93db848fbbe93e3a337462c06df,44991778,TRUE,TRUE,TRUE,TECHNICALLY_VERIFIED=TRUE; HUMAN_RELEASE_APPROVED=TRUE; exact source/export tensor equality; endpoint cross-check passed
cohe-139,ICML/outputs_alpha_mix/models/cifar100_budget0.10_K5000_seed0_Mix-Harda0.50.pth,cifar100_alpha_mix_mix_harda0_50_budget10_seed0_final.pth,cifar100_alpha_mix,CIFAR-100,timm ResNet-18; 100 classes,Mix-Harda0.50,0.1,0,final_epoch_200,baa9506d5af519bbc67d740801c008d4572afcb4d2996b7e4b00d46d7adef6dd,44991778,TRUE,TRUE,TRUE,TECHNICALLY_VERIFIED=TRUE; HUMAN_RELEASE_APPROVED=TRUE; exact source/export tensor equality; endpoint cross-check passed
cohe-140,ICML/outputs_alpha_mix/models/cifar100_budget0.50_K25000_seed0_Mix-Harda0.75.pth,cifar100_alpha_mix_mix_harda0_75_budget50_seed0_final.pth,cifar100_alpha_mix,CIFAR-100,timm ResNet-18; 100 classes,Mix-Harda0.75,0.5,0,final_epoch_200,56e4543214cae301361bd4babdf8acf9f752ca5184a197ad7c49745504f4b87d,44991778,TRUE,TRUE,TRUE,TECHNICALLY_VERIFIED=TRUE; HUMAN_RELEASE_APPROVED=TRUE; exact source/export tensor equality; endpoint cross-check passed
cohe-141,ICML/outputs_alpha_mix/models/cifar100_budget0.10_K5000_seed0_Gen-Hard.pth,cifar100_main_gate3_gen_hard_budget10_seed0_final.pth,cifar100_main_gate3,CIFAR-100,timm ResNet-18; 100 classes,Gen-Hard,0.1,0,final_epoch_200,4225b521efec5bd6ced3738fc40f3db06deecd27ca4a5eb7f26456f03d5c3ff7,44991274,TRUE,TRUE,TRUE,TECHNICALLY_VERIFIED=TRUE; HUMAN_RELEASE_APPROVED=TRUE; exact source/export tensor equality; endpoint cross-check passed
cohe-142,ICML/outputs_alpha_mix/models/cifar100_budget0.10_K5000_seed2_Mix-Harda0.00.pth,cifar100_alpha_mix_mix_harda0_00_budget10_seed2_final.pth,cifar100_alpha_mix,CIFAR-100,timm ResNet-18; 100 classes,Mix-Harda0.00,0.1,2,final_epoch_200,b0c0cccfb028d62d3505837f49a320675c7620ccc70e63ba19977887c9538625,44991778,TRUE,TRUE,TRUE,TECHNICALLY_VERIFIED=TRUE; HUMAN_RELEASE_APPROVED=TRUE; exact source/export tensor equality; endpoint cross-check passed
cohe-143,ICML/outputs_alpha_mix/models/cifar100_budget0.50_K25000_seed0_Gen-Hard.pth,cifar100_main_gate3_gen_hard_budget50_seed0_final.pth,cifar100_main_gate3,CIFAR-100,timm ResNet-18; 100 classes,Gen-Hard,0.5,0,final_epoch_200,2e2eb1ebcf06c5754d503e4fbdb6306cd6e7d12710fa139ffd4e64fb617bd9b3,44991274,TRUE,TRUE,TRUE,TECHNICALLY_VERIFIED=TRUE; HUMAN_RELEASE_APPROVED=TRUE; exact source/export tensor equality; endpoint cross-check passed
cohe-144,ICML/outputs_alpha_mix/models/cifar100_budget0.10_K5000_seed2_Mix-Harda0.50.pth,cifar100_alpha_mix_mix_harda0_50_budget10_seed2_final.pth,cifar100_alpha_mix,CIFAR-100,timm ResNet-18; 100 classes,Mix-Harda0.50,0.1,2,final_epoch_200,9375e2794b94ddb78b64b49541a21b68f504c8d17f1623d495f49811f1d0dd26,44991778,TRUE,TRUE,TRUE,TECHNICALLY_VERIFIED=TRUE; HUMAN_RELEASE_APPROVED=TRUE; exact source/export tensor equality; endpoint cross-check passed
cohe-145,ICML/outputs_alpha_mix/models/cifar100_budget0.10_K5000_seed1_Mix-Harda1.00.pth,cifar100_alpha_mix_mix_harda1_00_budget10_seed1_final.pth,cifar100_alpha_mix,CIFAR-100,timm ResNet-18; 100 classes,Mix-Harda1.00,0.1,1,final_epoch_200,9ab400d6fca06f1a539d8347f6380f4da003314aa1a60ee4e508969d75364834,44991778,TRUE,TRUE,TRUE,TECHNICALLY_VERIFIED=TRUE; HUMAN_RELEASE_APPROVED=TRUE; exact source/export tensor equality; endpoint cross-check passed
cohe-146,ICML/outputs_alpha_mix/models/cifar100_budget0.10_K5000_seed2_Disc-Hard.pth,cifar100_main_gate3_disc_hard_budget10_seed2_final.pth,cifar100_main_gate3,CIFAR-100,timm ResNet-18; 100 classes,Disc-Hard,0.1,2,final_epoch_200,64c7f1d419f7d65d3697d87d2f7cb9c3565d7d2e8c6b96bc34211e701bb490fd,44991400,TRUE,TRUE,TRUE,TECHNICALLY_VERIFIED=TRUE; HUMAN_RELEASE_APPROVED=TRUE; exact source/export tensor equality; endpoint cross-check passed
cohe-147,ICML/outputs_alpha_mix/models/cifar100_budget0.70_K35000_seed2_Mix-Harda0.50.pth,cifar100_alpha_mix_mix_harda0_50_budget70_seed2_final.pth,cifar100_alpha_mix,CIFAR-100,timm ResNet-18; 100 classes,Mix-Harda0.50,0.7,2,final_epoch_200,8f6bf860e1988205640650ea6d70bb47bb06a11ed174eec70e850954bd96f1ea,44991778,TRUE,TRUE,TRUE,TECHNICALLY_VERIFIED=TRUE; HUMAN_RELEASE_APPROVED=TRUE; exact source/export tensor equality; endpoint cross-check passed
cohe-148,ICML/outputs_alpha_mix/models/cifar100_budget0.50_K25000_seed2_Disc-Hard.pth,cifar100_main_gate3_disc_hard_budget50_seed2_final.pth,cifar100_main_gate3,CIFAR-100,timm ResNet-18; 100 classes,Disc-Hard,0.5,2,final_epoch_200,e7758de8fbff8e82028f5af6938356017c2403fcf19fc46a4c856b7edf915fc0,44991400,TRUE,TRUE,TRUE,TECHNICALLY_VERIFIED=TRUE; HUMAN_RELEASE_APPROVED=TRUE; exact source/export tensor equality; endpoint cross-check passed
cohe-149,ICML/outputs_alpha_mix/models/cifar100_budget0.50_K25000_seed1_Mix-Harda0.50.pth,cifar100_alpha_mix_mix_harda0_50_budget50_seed1_final.pth,cifar100_alpha_mix,CIFAR-100,timm ResNet-18; 100 classes,Mix-Harda0.50,0.5,1,final_epoch_200,6cc8b7c52a6c53812b037087ec1f8a5695c0e8d4d7ba09e93f8f93d04a9772f6,44991778,TRUE,TRUE,TRUE,TECHNICALLY_VERIFIED=TRUE; HUMAN_RELEASE_APPROVED=TRUE; exact source/export tensor equality; endpoint cross-check passed
cohe-150,ICML/outputs_alpha_mix/models/cifar100_budget0.10_K5000_seed2_Mix-Harda0.25.pth,cifar100_alpha_mix_mix_harda0_25_budget10_seed2_final.pth,cifar100_alpha_mix,CIFAR-100,timm ResNet-18; 100 classes,Mix-Harda0.25,0.1,2,final_epoch_200,216f0779ae3f1f01294d46e2efbfea34dd7116a6e18db84fbdb177c39d73bcf5,44991778,TRUE,TRUE,TRUE,TECHNICALLY_VERIFIED=TRUE; HUMAN_RELEASE_APPROVED=TRUE; exact source/export tensor equality; endpoint cross-check passed
cohe-151,ICML/outputs_alpha_mix/models/cifar100_budget0.70_K35000_seed1_OHS-XORp75.pth,cifar100_main_gate3_ohs_xorp75_budget70_seed1_final.pth,cifar100_main_gate3,CIFAR-100,timm ResNet-18; 100 classes,OHS-XORp75,0.7,1,final_epoch_200,6e0aad70e937b82677dcd235453526fd9cf3cfabec2bf2b05d969692d2beba95,44991526,TRUE,TRUE,TRUE,TECHNICALLY_VERIFIED=TRUE; HUMAN_RELEASE_APPROVED=TRUE; exact source/export tensor equality; endpoint cross-check passed
cohe-152,ICML/outputs_alpha_mix/models/cifar100_budget0.70_K35000_seed2_Mix-Harda1.00.pth,cifar100_alpha_mix_mix_harda1_00_budget70_seed2_final.pth,cifar100_alpha_mix,CIFAR-100,timm ResNet-18; 100 classes,Mix-Harda1.00,0.7,2,final_epoch_200,b7f61a1d2ae8cf5421c70dd0fcf0e253318e6ab8bf72e0144d1965fae259736c,44991778,TRUE,TRUE,TRUE,TECHNICALLY_VERIFIED=TRUE; HUMAN_RELEASE_APPROVED=TRUE; exact source/export tensor equality; endpoint cross-check passed
cohe-153,ICML/outputs_alpha_mix/models/cifar100_budget0.50_K25000_seed0_Mix-Harda1.00.pth,cifar100_alpha_mix_mix_harda1_00_budget50_seed0_final.pth,cifar100_alpha_mix,CIFAR-100,timm ResNet-18; 100 classes,Mix-Harda1.00,0.5,0,final_epoch_200,cdcaba088f82d1aceb632b43d61e9f48de0403972e7c6b9b331ae6e1728c22aa,44991778,TRUE,TRUE,TRUE,TECHNICALLY_VERIFIED=TRUE; HUMAN_RELEASE_APPROVED=TRUE; exact source/export tensor equality; endpoint cross-check passed
cohe-154,ICML/outputs_alpha_mix/models/cifar100_budget0.50_K25000_seed1_Gen-Hard.pth,cifar100_main_gate3_gen_hard_budget50_seed1_final.pth,cifar100_main_gate3,CIFAR-100,timm ResNet-18; 100 classes,Gen-Hard,0.5,1,final_epoch_200,38fb9a8b2cfb445398150879d040d3a5fdde84a2b3ee31974928024bfe42c78c,44991274,TRUE,TRUE,TRUE,TECHNICALLY_VERIFIED=TRUE; HUMAN_RELEASE_APPROVED=TRUE; exact source/export tensor equality; endpoint cross-check passed
cohe-155,ICML/outputs_alpha_mix/models/cifar100_budget0.50_K25000_seed0_OHS-XORp75.pth,cifar100_main_gate3_ohs_xorp75_budget50_seed0_final.pth,cifar100_main_gate3,CIFAR-100,timm ResNet-18; 100 classes,OHS-XORp75,0.5,0,final_epoch_200,1d4086ed16c5c94e9dcbf47d55f0f43bf114ce8874d139df7fb8f24a5e78305b,44991526,TRUE,TRUE,TRUE,TECHNICALLY_VERIFIED=TRUE; HUMAN_RELEASE_APPROVED=TRUE; exact source/export tensor equality; endpoint cross-check passed
cohe-156,ICML/outputs_alpha_mix/models/cifar100_budget0.70_K35000_seed2_Mix-Harda0.00.pth,cifar100_alpha_mix_mix_harda0_00_budget70_seed2_final.pth,cifar100_alpha_mix,CIFAR-100,timm ResNet-18; 100 classes,Mix-Harda0.00,0.7,2,final_epoch_200,79576da27c8db517a14995c19a36753c01f334f41c0c4fc9057f8b6b6d52a279,44991778,TRUE,TRUE,TRUE,TECHNICALLY_VERIFIED=TRUE; HUMAN_RELEASE_APPROVED=TRUE; exact source/export tensor equality; endpoint cross-check passed
cohe-157,ICML/outputs_alpha_mix/models/cifar100_budget0.50_K25000_seed2_Mix-Harda1.00.pth,cifar100_alpha_mix_mix_harda1_00_budget50_seed2_final.pth,cifar100_alpha_mix,CIFAR-100,timm ResNet-18; 100 classes,Mix-Harda1.00,0.5,2,final_epoch_200,e7b22a97922a19dd39f95271b06819043b44b6e52466aedc4334757003d6aa25,44991778,TRUE,TRUE,TRUE,TECHNICALLY_VERIFIED=TRUE; HUMAN_RELEASE_APPROVED=TRUE; exact source/export tensor equality; endpoint cross-check passed
cohe-158,ICML/outputs_alpha_mix/models/cifar100_budget0.50_K25000_seed2_Mix-Harda0.25.pth,cifar100_alpha_mix_mix_harda0_25_budget50_seed2_final.pth,cifar100_alpha_mix,CIFAR-100,timm ResNet-18; 100 classes,Mix-Harda0.25,0.5,2,final_epoch_200,9f9fbd4337efcc6ccb81f1f98b7852aee446fa74eeebdb4978e01ec582033639,44991778,TRUE,TRUE,TRUE,TECHNICALLY_VERIFIED=TRUE; HUMAN_RELEASE_APPROVED=TRUE; exact source/export tensor equality; endpoint cross-check passed
cohe-159,ICML/outputs_alpha_mix/models/cifar100_budget0.10_K5000_seed1_Mix-Harda0.25.pth,cifar100_alpha_mix_mix_harda0_25_budget10_seed1_final.pth,cifar100_alpha_mix,CIFAR-100,timm ResNet-18; 100 classes,Mix-Harda0.25,0.1,1,final_epoch_200,826dd1c5347944c131243b7e5a2d55ec19e0ba69f624c718bb86403c23d41ee9,44991778,TRUE,TRUE,TRUE,TECHNICALLY_VERIFIED=TRUE; HUMAN_RELEASE_APPROVED=TRUE; exact source/export tensor equality; endpoint cross-check passed
cohe-160,ICML/outputs_alpha_mix/models/cifar100_budget0.10_K5000_seed2_Mix-Harda0.75.pth,cifar100_alpha_mix_mix_harda0_75_budget10_seed2_final.pth,cifar100_alpha_mix,CIFAR-100,timm ResNet-18; 100 classes,Mix-Harda0.75,0.1,2,final_epoch_200,6b6ad76b47cc3b2cedd3e8a8bb3a6f02baef31043683193486f4dfc87262b988,44991778,TRUE,TRUE,TRUE,TECHNICALLY_VERIFIED=TRUE; HUMAN_RELEASE_APPROVED=TRUE; exact source/export tensor equality; endpoint cross-check passed
cohe-161,ICML/outputs_alpha_mix/models/cifar100_budget0.50_K25000_seed2_Mix-Harda0.00.pth,cifar100_alpha_mix_mix_harda0_00_budget50_seed2_final.pth,cifar100_alpha_mix,CIFAR-100,timm ResNet-18; 100 classes,Mix-Harda0.00,0.5,2,final_epoch_200,55056611d1da7d813e5cf42d44325b547a1011477517c3ee487a639f354ee55a,44991778,TRUE,TRUE,TRUE,TECHNICALLY_VERIFIED=TRUE; HUMAN_RELEASE_APPROVED=TRUE; exact source/export tensor equality; endpoint cross-check passed
cohe-162,ICML/outputs_alpha_mix/models/cifar100_budget0.70_K35000_seed0_Random.pth,cifar100_main_gate3_random_budget70_seed0_final.pth,cifar100_main_gate3,CIFAR-100,timm ResNet-18; 100 classes,Random,0.7,0,final_epoch_200,0e66d6f93ffa88b13ed9e5dfd200b99f1dc638ae21ceedfa26b1500395b57869,44991022,TRUE,TRUE,TRUE,TECHNICALLY_VERIFIED=TRUE; HUMAN_RELEASE_APPROVED=TRUE; exact source/export tensor equality; endpoint cross-check passed
cohe-163,ICML/outputs_alpha_mix/models/cifar100_budget0.10_K5000_seed0_Disc-Hard.pth,cifar100_main_gate3_disc_hard_budget10_seed0_final.pth,cifar100_main_gate3,CIFAR-100,timm ResNet-18; 100 classes,Disc-Hard,0.1,0,final_epoch_200,55eecffb7677045b48ebf131a1ecce464c8b386dcdd0f531771f662c09be812b,44991400,TRUE,TRUE,TRUE,TECHNICALLY_VERIFIED=TRUE; HUMAN_RELEASE_APPROVED=TRUE; exact source/export tensor equality; endpoint cross-check passed
cohe-164,ICML/outputs_alpha_mix/models/cifar100_budget0.10_K5000_seed0_Mix-Harda0.00.pth,cifar100_alpha_mix_mix_harda0_00_budget10_seed0_final.pth,cifar100_alpha_mix,CIFAR-100,timm ResNet-18; 100 classes,Mix-Harda0.00,0.1,0,final_epoch_200,322e9b068dd041d0e6e84c46c3f741819c5185b5d817d6b0635708caac49201d,44991778,TRUE,TRUE,TRUE,TECHNICALLY_VERIFIED=TRUE; HUMAN_RELEASE_APPROVED=TRUE; exact source/export tensor equality; endpoint cross-check passed
cohe-165,ICML/outputs_alpha_mix/models/cifar100_budget0.70_K35000_seed2_Random.pth,cifar100_main_gate3_random_budget70_seed2_final.pth,cifar100_main_gate3,CIFAR-100,timm ResNet-18; 100 classes,Random,0.7,2,final_epoch_200,9cd68bfe68ef282c85d8dfd412f82c58eb577ead940463d9ef54bfc2a14334a3,44991022,TRUE,TRUE,TRUE,TECHNICALLY_VERIFIED=TRUE; HUMAN_RELEASE_APPROVED=TRUE; exact source/export tensor equality; endpoint cross-check passed
cohe-166,ICML/outputs_alpha_mix/models/cifar100_budget0.10_K5000_seed1_Random.pth,cifar100_main_gate3_random_budget10_seed1_final.pth,cifar100_main_gate3,CIFAR-100,timm ResNet-18; 100 classes,Random,0.1,1,final_epoch_200,e89cf2f7416fb60392f593024f82f4d25b3f629375496c44d990ed987eae746d,44991022,TRUE,TRUE,TRUE,TECHNICALLY_VERIFIED=TRUE; HUMAN_RELEASE_APPROVED=TRUE; exact source/export tensor equality; endpoint cross-check passed
cohe-167,ICML/outputs_alpha_mix/models/cifar100_budget0.70_K35000_seed0_Mix-Harda0.00.pth,cifar100_alpha_mix_mix_harda0_00_budget70_seed0_final.pth,cifar100_alpha_mix,CIFAR-100,timm ResNet-18; 100 classes,Mix-Harda0.00,0.7,0,final_epoch_200,ce457da9566c26ffef33835e07b76758cb8d2a5a164a2d238f25a26b1412cc4c,44991778,TRUE,TRUE,TRUE,TECHNICALLY_VERIFIED=TRUE; HUMAN_RELEASE_APPROVED=TRUE; exact source/export tensor equality; endpoint cross-check passed
cohe-168,ICML/outputs_alpha_mix/models/cifar100_budget0.70_K35000_seed1_Mix-Harda0.00.pth,cifar100_alpha_mix_mix_harda0_00_budget70_seed1_final.pth,cifar100_alpha_mix,CIFAR-100,timm ResNet-18; 100 classes,Mix-Harda0.00,0.7,1,final_epoch_200,190228061dbbb8e514627268ae59d432672e6647bc3f86150bfea9232e4202a3,44991778,TRUE,TRUE,TRUE,TECHNICALLY_VERIFIED=TRUE; HUMAN_RELEASE_APPROVED=TRUE; exact source/export tensor equality; endpoint cross-check passed
cohe-169,ICML/outputs_alpha_mix/models/cifar100_budget0.10_K5000_seed1_Mix-Harda0.50.pth,cifar100_alpha_mix_mix_harda0_50_budget10_seed1_final.pth,cifar100_alpha_mix,CIFAR-100,timm ResNet-18; 100 classes,Mix-Harda0.50,0.1,1,final_epoch_200,79f639330635927f8beb1606f6d09a9d618e0092fa2112c466bee1f984133d46,44991778,TRUE,TRUE,TRUE,TECHNICALLY_VERIFIED=TRUE; HUMAN_RELEASE_APPROVED=TRUE; exact source/export tensor equality; endpoint cross-check passed
cohe-170,ICML/outputs_alpha_mix/models/cifar100_budget0.50_K25000_seed0_Mix-Harda0.50.pth,cifar100_alpha_mix_mix_harda0_50_budget50_seed0_final.pth,cifar100_alpha_mix,CIFAR-100,timm ResNet-18; 100 classes,Mix-Harda0.50,0.5,0,final_epoch_200,3acd8a06909524afba9fa41edc9c1e4d746b43eeaab24d6ce3781015552776b7,44991778,TRUE,TRUE,TRUE,TECHNICALLY_VERIFIED=TRUE; HUMAN_RELEASE_APPROVED=TRUE; exact source/export tensor equality; endpoint cross-check passed
cohe-171,ICML/outputs_alpha_mix/models/cifar100_budget0.70_K35000_seed1_Disc-Hard.pth,cifar100_main_gate3_disc_hard_budget70_seed1_final.pth,cifar100_main_gate3,CIFAR-100,timm ResNet-18; 100 classes,Disc-Hard,0.7,1,final_epoch_200,0759e806ea24aa173071f67bdfdd1351035d45cffc228966e289d7c1c4493b7f,44991400,TRUE,TRUE,TRUE,TECHNICALLY_VERIFIED=TRUE; HUMAN_RELEASE_APPROVED=TRUE; exact source/export tensor equality; endpoint cross-check passed
cohe-172,ICML/outputs_alpha_mix/models/cifar100_budget0.70_K35000_seed2_Disc-Hard.pth,cifar100_main_gate3_disc_hard_budget70_seed2_final.pth,cifar100_main_gate3,CIFAR-100,timm ResNet-18; 100 classes,Disc-Hard,0.7,2,final_epoch_200,a79cbe155359b5844d1a684fc39028b9ecaab0ea73ef196d72f57e9dfa78b06d,44991400,TRUE,TRUE,TRUE,TECHNICALLY_VERIFIED=TRUE; HUMAN_RELEASE_APPROVED=TRUE; exact source/export tensor equality; endpoint cross-check passed
cohe-173,ICML/outputs_alpha_mix/models/cifar100_budget0.50_K25000_seed0_Mix-Harda0.00.pth,cifar100_alpha_mix_mix_harda0_00_budget50_seed0_final.pth,cifar100_alpha_mix,CIFAR-100,timm ResNet-18; 100 classes,Mix-Harda0.00,0.5,0,final_epoch_200,bb296ab10ff66d79940ae846160af27666d08bea3c2592423d1b860dbb637490,44991778,TRUE,TRUE,TRUE,TECHNICALLY_VERIFIED=TRUE; HUMAN_RELEASE_APPROVED=TRUE; exact source/export tensor equality; endpoint cross-check passed
cohe-174,ICML/outputs_alpha_mix/models/cifar100_budget0.70_K35000_seed2_Gen-Hard.pth,cifar100_main_gate3_gen_hard_budget70_seed2_final.pth,cifar100_main_gate3,CIFAR-100,timm ResNet-18; 100 classes,Gen-Hard,0.7,2,final_epoch_200,f31e85a5d5b84b07af8c61e2122e27970ebbba2767575a15cd8b709ea9aa3828,44991274,TRUE,TRUE,TRUE,TECHNICALLY_VERIFIED=TRUE; HUMAN_RELEASE_APPROVED=TRUE; exact source/export tensor equality; endpoint cross-check passed
cohe-175,ICML/outputs_alpha_mix/models/cifar100_budget0.70_K35000_seed0_Mix-Harda1.00.pth,cifar100_alpha_mix_mix_harda1_00_budget70_seed0_final.pth,cifar100_alpha_mix,CIFAR-100,timm ResNet-18; 100 classes,Mix-Harda1.00,0.7,0,final_epoch_200,5d2ba4bb3dfaabcf19653ca2a9ae270a6d3d25696742044569a490083af54749,44991778,TRUE,TRUE,TRUE,TECHNICALLY_VERIFIED=TRUE; HUMAN_RELEASE_APPROVED=TRUE; exact source/export tensor equality; endpoint cross-check passed
cohe-176,ICML/outputs_alpha_mix/models/cifar100_budget0.70_K35000_seed0_Mix-Harda0.50.pth,cifar100_alpha_mix_mix_harda0_50_budget70_seed0_final.pth,cifar100_alpha_mix,CIFAR-100,timm ResNet-18; 100 classes,Mix-Harda0.50,0.7,0,final_epoch_200,77dc473dc320e548e0aa1628f4adef04fcd5d0053d36b848f765bbf13bfe8257,44991778,TRUE,TRUE,TRUE,TECHNICALLY_VERIFIED=TRUE; HUMAN_RELEASE_APPROVED=TRUE; exact source/export tensor equality; endpoint cross-check passed
cohe-177,ICML/outputs_alpha_mix/models/cifar100_budget0.50_K25000_seed1_Disc-Hard.pth,cifar100_main_gate3_disc_hard_budget50_seed1_final.pth,cifar100_main_gate3,CIFAR-100,timm ResNet-18; 100 classes,Disc-Hard,0.5,1,final_epoch_200,c77c2f5925c523053eb99784aff9246bc9cb39daf415c3ba820d6e6811f8d226,44991400,TRUE,TRUE,TRUE,TECHNICALLY_VERIFIED=TRUE; HUMAN_RELEASE_APPROVED=TRUE; exact source/export tensor equality; endpoint cross-check passed
cohe-178,ICML/outputs_alpha_mix/models/cifar100_budget0.50_K25000_seed0_Random.pth,cifar100_main_gate3_random_budget50_seed0_final.pth,cifar100_main_gate3,CIFAR-100,timm ResNet-18; 100 classes,Random,0.5,0,final_epoch_200,26951998268e4a8d640b2093ec3b19ecd886df9cc9d131b8356c585ef1e9973d,44991022,TRUE,TRUE,TRUE,TECHNICALLY_VERIFIED=TRUE; HUMAN_RELEASE_APPROVED=TRUE; exact source/export tensor equality; endpoint cross-check passed
cohe-179,ICML/COHE_ImageNet1K_Gate3_20260726/runs/retry_20260727/random/seed4/best.pt,imagenet1k_vae_gate3_random_budget30_seed4_best.pth,imagenet1k_vae_gate3,ImageNet-1K,torchvision ResNet-18; 1000 classes,random,0.3,4,best_validation_top1,51dd372b83122a6ce1052d3a0c9f002b10cf2ed25cdf928cb062778cfa0b856f,46837870,TRUE,TRUE,TRUE,TECHNICALLY_VERIFIED=TRUE; HUMAN_RELEASE_APPROVED=TRUE; exact source/export tensor equality; endpoint cross-check passed
cohe-180,ICML/COHE_ImageNet1K_Gate3_20260726/runs/retry_20260727/random/seed4/final.pt,imagenet1k_vae_gate3_random_budget30_seed4_final.pth,imagenet1k_vae_gate3,ImageNet-1K,torchvision ResNet-18; 1000 classes,random,0.3,4,final_epoch_90,bbc88243414af8f9cbbf32ed60e08c45bbf1a2b95829eadde323e00a8e7c0612,46837996,TRUE,TRUE,TRUE,TECHNICALLY_VERIFIED=TRUE; HUMAN_RELEASE_APPROVED=TRUE; exact source/export tensor equality; endpoint cross-check passed
cohe-181,ICML/COHE_ImageNet1K_Gate3_20260726/runs/retry_20260727/random/seed3/best.pt,imagenet1k_vae_gate3_random_budget30_seed3_best.pth,imagenet1k_vae_gate3,ImageNet-1K,torchvision ResNet-18; 1000 classes,random,0.3,3,best_validation_top1,484a6e26c584b2a1e75a21bcbfa3d36e3628f04a58fecc368c0c02b1066aabcc,46837870,TRUE,TRUE,TRUE,TECHNICALLY_VERIFIED=TRUE; HUMAN_RELEASE_APPROVED=TRUE; exact source/export tensor equality; endpoint cross-check passed
cohe-182,ICML/COHE_ImageNet1K_Gate3_20260726/runs/retry_20260727/random/seed3/final.pt,imagenet1k_vae_gate3_random_budget30_seed3_final.pth,imagenet1k_vae_gate3,ImageNet-1K,torchvision ResNet-18; 1000 classes,random,0.3,3,final_epoch_90,e89933ad70154fe41f46f11a9f49c554c1cc679e16af3d57ddf8d7611e91c7b7,46837996,TRUE,TRUE,TRUE,TECHNICALLY_VERIFIED=TRUE; HUMAN_RELEASE_APPROVED=TRUE; exact source/export tensor equality; endpoint cross-check passed
cohe-183,ICML/COHE_ImageNet1K_Gate3_20260726/runs/retry_20260727/random/seed0/best.pt,imagenet1k_vae_gate3_random_budget30_seed0_best.pth,imagenet1k_vae_gate3,ImageNet-1K,torchvision ResNet-18; 1000 classes,random,0.3,0,best_validation_top1,bb5ebe9e1100fa9fcd7b4f01c6773aa1ca1a4f605716ab8d2a4df06d2705b83d,46837870,TRUE,TRUE,TRUE,TECHNICALLY_VERIFIED=TRUE; HUMAN_RELEASE_APPROVED=TRUE; exact source/export tensor equality; endpoint cross-check passed
cohe-184,ICML/COHE_ImageNet1K_Gate3_20260726/runs/retry_20260727/random/seed0/final.pt,imagenet1k_vae_gate3_random_budget30_seed0_final.pth,imagenet1k_vae_gate3,ImageNet-1K,torchvision ResNet-18; 1000 classes,random,0.3,0,final_epoch_90,a1ecf575fe14f47ab38cc1a4086ee805714be983b68c556c941ddfd678f00bb8,46837996,TRUE,TRUE,TRUE,TECHNICALLY_VERIFIED=TRUE; HUMAN_RELEASE_APPROVED=TRUE; exact source/export tensor equality; endpoint cross-check passed
cohe-185,ICML/COHE_ImageNet1K_Gate3_20260726/runs/retry_20260727/random/seed1/best.pt,imagenet1k_vae_gate3_random_budget30_seed1_best.pth,imagenet1k_vae_gate3,ImageNet-1K,torchvision ResNet-18; 1000 classes,random,0.3,1,best_validation_top1,5c41418b2584ffbb4d249365d84afd530d374c09baf67fd5c2772b37ff828870,46837870,TRUE,TRUE,TRUE,TECHNICALLY_VERIFIED=TRUE; HUMAN_RELEASE_APPROVED=TRUE; exact source/export tensor equality; endpoint cross-check passed
cohe-186,ICML/COHE_ImageNet1K_Gate3_20260726/runs/retry_20260727/random/seed1/final.pt,imagenet1k_vae_gate3_random_budget30_seed1_final.pth,imagenet1k_vae_gate3,ImageNet-1K,torchvision ResNet-18; 1000 classes,random,0.3,1,final_epoch_90,c9f5b46192072f707a09b01071a584a8c3a1eb17ad28df29f3697f0a9a3b8db8,46837996,TRUE,TRUE,TRUE,TECHNICALLY_VERIFIED=TRUE; HUMAN_RELEASE_APPROVED=TRUE; exact source/export tensor equality; endpoint cross-check passed
cohe-187,ICML/COHE_ImageNet1K_Gate3_20260726/runs/retry_20260727/random/seed2/best.pt,imagenet1k_vae_gate3_random_budget30_seed2_best.pth,imagenet1k_vae_gate3,ImageNet-1K,torchvision ResNet-18; 1000 classes,random,0.3,2,best_validation_top1,c767b560867e287b3633704864bd7cc6a5d7ac0edd0440367c53386ffb2cb66d,46837870,TRUE,TRUE,TRUE,TECHNICALLY_VERIFIED=TRUE; HUMAN_RELEASE_APPROVED=TRUE; exact source/export tensor equality; endpoint cross-check passed
cohe-188,ICML/COHE_ImageNet1K_Gate3_20260726/runs/retry_20260727/random/seed2/final.pt,imagenet1k_vae_gate3_random_budget30_seed2_final.pth,imagenet1k_vae_gate3,ImageNet-1K,torchvision ResNet-18; 1000 classes,random,0.3,2,final_epoch_90,5891a6f5209cbc0376409fa5573e04026e33729afdca16a595a59fe17a83efa0,46837996,TRUE,TRUE,TRUE,TECHNICALLY_VERIFIED=TRUE; HUMAN_RELEASE_APPROVED=TRUE; exact source/export tensor equality; endpoint cross-check passed
cohe-189,ICML/COHE_ImageNet1K_Gate3_20260726/runs/retry_20260727/proxy_hard/seed4/best.pt,imagenet1k_vae_gate3_proxy_hard_budget30_seed4_best.pth,imagenet1k_vae_gate3,ImageNet-1K,torchvision ResNet-18; 1000 classes,proxy_hard,0.3,4,best_validation_top1,7ee9779875361df115afc767518ce1c578a6485ea3f88433ce35a5b3277cd35a,46838374,TRUE,TRUE,TRUE,TECHNICALLY_VERIFIED=TRUE; HUMAN_RELEASE_APPROVED=TRUE; exact source/export tensor equality; endpoint cross-check passed
cohe-190,ICML/COHE_ImageNet1K_Gate3_20260726/runs/retry_20260727/proxy_hard/seed4/final.pt,imagenet1k_vae_gate3_proxy_hard_budget30_seed4_final.pth,imagenet1k_vae_gate3,ImageNet-1K,torchvision ResNet-18; 1000 classes,proxy_hard,0.3,4,final_epoch_90,9206dab6dc125f22a6a44d21f353ba339d8f6d10c8f1b17e4ed3f30d86385e6c,46838500,TRUE,TRUE,TRUE,TECHNICALLY_VERIFIED=TRUE; HUMAN_RELEASE_APPROVED=TRUE; exact source/export tensor equality; endpoint cross-check passed
cohe-191,ICML/COHE_ImageNet1K_Gate3_20260726/runs/retry_20260727/proxy_hard/seed3/best.pt,imagenet1k_vae_gate3_proxy_hard_budget30_seed3_best.pth,imagenet1k_vae_gate3,ImageNet-1K,torchvision ResNet-18; 1000 classes,proxy_hard,0.3,3,best_validation_top1,4d06eaf70d85f6e9f40dad9b27764751a705db149865653ec1c30942712e3993,46838374,TRUE,TRUE,TRUE,TECHNICALLY_VERIFIED=TRUE; HUMAN_RELEASE_APPROVED=TRUE; exact source/export tensor equality; endpoint cross-check passed
cohe-192,ICML/COHE_ImageNet1K_Gate3_20260726/runs/retry_20260727/proxy_hard/seed3/final.pt,imagenet1k_vae_gate3_proxy_hard_budget30_seed3_final.pth,imagenet1k_vae_gate3,ImageNet-1K,torchvision ResNet-18; 1000 classes,proxy_hard,0.3,3,final_epoch_90,c542e98b080001b52fd11613b0e63c8c09ac4880cc2d66685b93e6244c9d4723,46838500,TRUE,TRUE,TRUE,TECHNICALLY_VERIFIED=TRUE; HUMAN_RELEASE_APPROVED=TRUE; exact source/export tensor equality; endpoint cross-check passed
cohe-193,ICML/COHE_ImageNet1K_Gate3_20260726/runs/retry_20260727/proxy_hard/seed0/best.pt,imagenet1k_vae_gate3_proxy_hard_budget30_seed0_best.pth,imagenet1k_vae_gate3,ImageNet-1K,torchvision ResNet-18; 1000 classes,proxy_hard,0.3,0,best_validation_top1,1939812213d43c00ecf0c352f733bbd445f722e0dc5842dfc147d52b8a0c2423,46838374,TRUE,TRUE,TRUE,TECHNICALLY_VERIFIED=TRUE; HUMAN_RELEASE_APPROVED=TRUE; exact source/export tensor equality; endpoint cross-check passed
cohe-194,ICML/COHE_ImageNet1K_Gate3_20260726/runs/retry_20260727/proxy_hard/seed0/final.pt,imagenet1k_vae_gate3_proxy_hard_budget30_seed0_final.pth,imagenet1k_vae_gate3,ImageNet-1K,torchvision ResNet-18; 1000 classes,proxy_hard,0.3,0,final_epoch_90,591c0146b088d0ba4362043e4d42f51f037e35b55cf4a1f5b230b01374a29835,46838500,TRUE,TRUE,TRUE,TECHNICALLY_VERIFIED=TRUE; HUMAN_RELEASE_APPROVED=TRUE; exact source/export tensor equality; endpoint cross-check passed
cohe-195,ICML/COHE_ImageNet1K_Gate3_20260726/runs/retry_20260727/proxy_hard/seed1/best.pt,imagenet1k_vae_gate3_proxy_hard_budget30_seed1_best.pth,imagenet1k_vae_gate3,ImageNet-1K,torchvision ResNet-18; 1000 classes,proxy_hard,0.3,1,best_validation_top1,2b655160ee3c58aae7ae7ab87d9fbf124d1b1a41a2790ce5abf2edf131a54286,46838374,TRUE,TRUE,TRUE,TECHNICALLY_VERIFIED=TRUE; HUMAN_RELEASE_APPROVED=TRUE; exact source/export tensor equality; endpoint cross-check passed
cohe-196,ICML/COHE_ImageNet1K_Gate3_20260726/runs/retry_20260727/proxy_hard/seed1/final.pt,imagenet1k_vae_gate3_proxy_hard_budget30_seed1_final.pth,imagenet1k_vae_gate3,ImageNet-1K,torchvision ResNet-18; 1000 classes,proxy_hard,0.3,1,final_epoch_90,8d60997cb4d5e57db9dd5479fb74549546d9e1c96635fdbf0fca7176ab80653f,46838500,TRUE,TRUE,TRUE,TECHNICALLY_VERIFIED=TRUE; HUMAN_RELEASE_APPROVED=TRUE; exact source/export tensor equality; endpoint cross-check passed
cohe-197,ICML/COHE_ImageNet1K_Gate3_20260726/runs/retry_20260727/proxy_hard/seed2/best.pt,imagenet1k_vae_gate3_proxy_hard_budget30_seed2_best.pth,imagenet1k_vae_gate3,ImageNet-1K,torchvision ResNet-18; 1000 classes,proxy_hard,0.3,2,best_validation_top1,a0fc2a9459929700ac4427a2d7c1265df37427ed5d58883d6d10cecf5167fb4b,46838374,TRUE,TRUE,TRUE,TECHNICALLY_VERIFIED=TRUE; HUMAN_RELEASE_APPROVED=TRUE; exact source/export tensor equality; endpoint cross-check passed
cohe-198,ICML/COHE_ImageNet1K_Gate3_20260726/runs/retry_20260727/proxy_hard/seed2/final.pt,imagenet1k_vae_gate3_proxy_hard_budget30_seed2_final.pth,imagenet1k_vae_gate3,ImageNet-1K,torchvision ResNet-18; 1000 classes,proxy_hard,0.3,2,final_epoch_90,013850bd3d0098f0bb2d2944d2bf77e60d42a790cc215d938aaee945ac425b55,46838500,TRUE,TRUE,TRUE,TECHNICALLY_VERIFIED=TRUE; HUMAN_RELEASE_APPROVED=TRUE; exact source/export tensor equality; endpoint cross-check passed
cohe-199,ICML/rebuttal_2026/ttal_full_response/results/w3_balanced_control/raw/models/cifar100_budget0.30_K15000_seed0_balanced_Gen-Hard.pth,cifar100_balanced_controls_balanced_gen_hard_budget30_seed0_final.pth,cifar100_balanced_controls,CIFAR-100,timm ResNet-18; 100 classes,balanced_Gen-Hard,0.3,0,final_epoch_200,bf3cbfa803e9db8491d1f6747e5874d33a0a986bccfae7244cd15b467bfb6335,44994698,TRUE,TRUE,TRUE,TECHNICALLY_VERIFIED=TRUE; HUMAN_RELEASE_APPROVED=TRUE; exact source/export tensor equality; endpoint cross-check passed
cohe-200,ICML/rebuttal_2026/ttal_full_response/results/w3_balanced_control/raw/models/cifar100_budget0.10_K5000_seed1_balanced_Disc-Hard.pth,cifar100_balanced_controls_balanced_disc_hard_budget10_seed1_final.pth,cifar100_balanced_controls,CIFAR-100,timm ResNet-18; 100 classes,balanced_Disc-Hard,0.1,1,final_epoch_200,e47f62483eeb14db6be94e54839fb73ae40860ad987c9663b138d5298211df1e,44994888,TRUE,TRUE,TRUE,TECHNICALLY_VERIFIED=TRUE; HUMAN_RELEASE_APPROVED=TRUE; exact source/export tensor equality; endpoint cross-check passed
cohe-201,ICML/rebuttal_2026/ttal_full_response/results/w3_balanced_control/raw/models/cifar100_budget0.10_K5000_seed0_balanced_Random.pth,cifar100_balanced_controls_balanced_random_budget10_seed0_final.pth,cifar100_balanced_controls,CIFAR-100,timm ResNet-18; 100 classes,balanced_Random,0.1,0,final_epoch_200,dc921f5733d697c57aab33cee5278e221b18da9ac2153a949f48d7bd094aa21a,44994254,TRUE,TRUE,TRUE,TECHNICALLY_VERIFIED=TRUE; HUMAN_RELEASE_APPROVED=TRUE; exact source/export tensor equality; endpoint cross-check passed
cohe-202,ICML/rebuttal_2026/ttal_full_response/results/w3_balanced_control/raw/models/cifar100_budget0.30_K15000_seed1_balanced_Disc-Hard.pth,cifar100_balanced_controls_balanced_disc_hard_budget30_seed1_final.pth,cifar100_balanced_controls,CIFAR-100,timm ResNet-18; 100 classes,balanced_Disc-Hard,0.3,1,final_epoch_200,f70450d8668263633e83fd5efd0f6e29ae9fafe7f95e6657af96e70d777271af,44994888,TRUE,TRUE,TRUE,TECHNICALLY_VERIFIED=TRUE; HUMAN_RELEASE_APPROVED=TRUE; exact source/export tensor equality; endpoint cross-check passed
cohe-203,ICML/rebuttal_2026/ttal_full_response/results/w3_balanced_control/raw/models/cifar100_budget0.30_K15000_seed0_balanced_Disc-Hard.pth,cifar100_balanced_controls_balanced_disc_hard_budget30_seed0_final.pth,cifar100_balanced_controls,CIFAR-100,timm ResNet-18; 100 classes,balanced_Disc-Hard,0.3,0,final_epoch_200,08ab59f764f463e9f57ff57b27da78f63b7cf0ababaa116e0cde4d30aa1521a0,44994888,TRUE,TRUE,TRUE,TECHNICALLY_VERIFIED=TRUE; HUMAN_RELEASE_APPROVED=TRUE; exact source/export tensor equality; endpoint cross-check passed
cohe-204,ICML/rebuttal_2026/ttal_full_response/results/w3_balanced_control/raw/models/cifar100_budget0.30_K15000_seed1_balanced_Gen-Hard.pth,cifar100_balanced_controls_balanced_gen_hard_budget30_seed1_final.pth,cifar100_balanced_controls,CIFAR-100,timm ResNet-18; 100 classes,balanced_Gen-Hard,0.3,1,final_epoch_200,3221e7264911775b7b57f3c49e559c64904666a1c9eb7182cf6e2fd8a2268830,44994698,TRUE,TRUE,TRUE,TECHNICALLY_VERIFIED=TRUE; HUMAN_RELEASE_APPROVED=TRUE; exact source/export tensor equality; endpoint cross-check passed
cohe-205,ICML/rebuttal_2026/ttal_full_response/results/w3_balanced_control/raw/models/cifar100_budget0.10_K5000_seed1_balanced_Gen-Hard.pth,cifar100_balanced_controls_balanced_gen_hard_budget10_seed1_final.pth,cifar100_balanced_controls,CIFAR-100,timm ResNet-18; 100 classes,balanced_Gen-Hard,0.1,1,final_epoch_200,1e446854c1c3ed5b6072cd26864b62beb6f43d0b36fd9c7c8045ac149622de55,44994698,TRUE,TRUE,TRUE,TECHNICALLY_VERIFIED=TRUE; HUMAN_RELEASE_APPROVED=TRUE; exact source/export tensor equality; endpoint cross-check passed
cohe-206,ICML/rebuttal_2026/ttal_full_response/results/w3_balanced_control/raw/models/cifar100_budget0.30_K15000_seed2_balanced_Gen-Hard.pth,cifar100_balanced_controls_balanced_gen_hard_budget30_seed2_final.pth,cifar100_balanced_controls,CIFAR-100,timm ResNet-18; 100 classes,balanced_Gen-Hard,0.3,2,final_epoch_200,cbc59ee9b8dd5aa1c26bcc29103551a961606be04c00c63ad0754cfaac6c8ba8,44994698,TRUE,TRUE,TRUE,TECHNICALLY_VERIFIED=TRUE; HUMAN_RELEASE_APPROVED=TRUE; exact source/export tensor equality; endpoint cross-check passed
cohe-207,ICML/rebuttal_2026/ttal_full_response/results/w3_balanced_control/raw/models/cifar100_budget0.10_K5000_seed2_balanced_Disc-Hard.pth,cifar100_balanced_controls_balanced_disc_hard_budget10_seed2_final.pth,cifar100_balanced_controls,CIFAR-100,timm ResNet-18; 100 classes,balanced_Disc-Hard,0.1,2,final_epoch_200,c1afa7b7bc04f17294036810b1c25b065dd33d8efc3b27ad0f897e229fd3b6b4,44994888,TRUE,TRUE,TRUE,TECHNICALLY_VERIFIED=TRUE; HUMAN_RELEASE_APPROVED=TRUE; exact source/export tensor equality; endpoint cross-check passed
cohe-208,ICML/rebuttal_2026/ttal_full_response/results/w3_balanced_control/raw/models/cifar100_budget0.10_K5000_seed2_balanced_Random.pth,cifar100_balanced_controls_balanced_random_budget10_seed2_final.pth,cifar100_balanced_controls,CIFAR-100,timm ResNet-18; 100 classes,balanced_Random,0.1,2,final_epoch_200,96fa8446de8d817746282f24963db9118291ef2d103e484fd4f7b48fabd40037,44994254,TRUE,TRUE,TRUE,TECHNICALLY_VERIFIED=TRUE; HUMAN_RELEASE_APPROVED=TRUE; exact source/export tensor equality; endpoint cross-check passed
cohe-209,ICML/rebuttal_2026/ttal_full_response/results/w3_balanced_control/raw/models/cifar100_budget0.10_K5000_seed0_balanced_Disc-Hard.pth,cifar100_balanced_controls_balanced_disc_hard_budget10_seed0_final.pth,cifar100_balanced_controls,CIFAR-100,timm ResNet-18; 100 classes,balanced_Disc-Hard,0.1,0,final_epoch_200,e948cc4d21074bd9771a20a2f2fe268bcdfde4f1fc566c92cf26b98ac3f50b77,44994888,TRUE,TRUE,TRUE,TECHNICALLY_VERIFIED=TRUE; HUMAN_RELEASE_APPROVED=TRUE; exact source/export tensor equality; endpoint cross-check passed
cohe-210,ICML/rebuttal_2026/ttal_full_response/results/w3_balanced_control/raw/models/cifar100_budget0.30_K15000_seed0_balanced_Random.pth,cifar100_balanced_controls_balanced_random_budget30_seed0_final.pth,cifar100_balanced_controls,CIFAR-100,timm ResNet-18; 100 classes,balanced_Random,0.3,0,final_epoch_200,6b19a98e333377b8e67c0a7f1741500711294f8f8444749c448e33184536a1a1,44994254,TRUE,TRUE,TRUE,TECHNICALLY_VERIFIED=TRUE; HUMAN_RELEASE_APPROVED=TRUE; exact source/export tensor equality; endpoint cross-check passed
cohe-211,ICML/rebuttal_2026/ttal_full_response/results/w3_balanced_control/raw/models/cifar100_budget0.10_K5000_seed0_balanced_Gen-Hard.pth,cifar100_balanced_controls_balanced_gen_hard_budget10_seed0_final.pth,cifar100_balanced_controls,CIFAR-100,timm ResNet-18; 100 classes,balanced_Gen-Hard,0.1,0,final_epoch_200,23a593ee6505bbc02b435e3ec7764549ec7b89602886ead10a7f9e442dc98c82,44994698,TRUE,TRUE,TRUE,TECHNICALLY_VERIFIED=TRUE; HUMAN_RELEASE_APPROVED=TRUE; exact source/export tensor equality; endpoint cross-check passed
cohe-212,ICML/rebuttal_2026/ttal_full_response/results/w3_balanced_control/raw/models/cifar100_budget0.30_K15000_seed2_balanced_Random.pth,cifar100_balanced_controls_balanced_random_budget30_seed2_final.pth,cifar100_balanced_controls,CIFAR-100,timm ResNet-18; 100 classes,balanced_Random,0.3,2,final_epoch_200,7cfdf8cb4c65c6e7b0851abdcd3e515b3f74938f0e98262c1de53ae3a8164c31,44994254,TRUE,TRUE,TRUE,TECHNICALLY_VERIFIED=TRUE; HUMAN_RELEASE_APPROVED=TRUE; exact source/export tensor equality; endpoint cross-check passed
cohe-213,ICML/rebuttal_2026/ttal_full_response/results/w3_balanced_control/raw/models/cifar100_budget0.30_K15000_seed1_balanced_Random.pth,cifar100_balanced_controls_balanced_random_budget30_seed1_final.pth,cifar100_balanced_controls,CIFAR-100,timm ResNet-18; 100 classes,balanced_Random,0.3,1,final_epoch_200,2c4059d09b9bb7e54c1aa304b0ad029ad098dc9d0776ef73f4bdf69d6ece01ae,44994254,TRUE,TRUE,TRUE,TECHNICALLY_VERIFIED=TRUE; HUMAN_RELEASE_APPROVED=TRUE; exact source/export tensor equality; endpoint cross-check passed
cohe-214,ICML/rebuttal_2026/ttal_full_response/results/w3_balanced_control/raw/models/cifar100_budget0.30_K15000_seed2_balanced_Disc-Hard.pth,cifar100_balanced_controls_balanced_disc_hard_budget30_seed2_final.pth,cifar100_balanced_controls,CIFAR-100,timm ResNet-18; 100 classes,balanced_Disc-Hard,0.3,2,final_epoch_200,417ae512650352b51a254a692d9d876a90989063bebf6fd29815d0e6bfa4cb49,44994888,TRUE,TRUE,TRUE,TECHNICALLY_VERIFIED=TRUE; HUMAN_RELEASE_APPROVED=TRUE; exact source/export tensor equality; endpoint cross-check passed
cohe-215,ICML/rebuttal_2026/ttal_full_response/results/w3_balanced_control/raw/models/cifar100_budget0.10_K5000_seed1_balanced_Random.pth,cifar100_balanced_controls_balanced_random_budget10_seed1_final.pth,cifar100_balanced_controls,CIFAR-100,timm ResNet-18; 100 classes,balanced_Random,0.1,1,final_epoch_200,4b2b0a2581bcc51b935a2044dd060f421421721178f2d58309298254426bb624,44994254,TRUE,TRUE,TRUE,TECHNICALLY_VERIFIED=TRUE; HUMAN_RELEASE_APPROVED=TRUE; exact source/export tensor equality; endpoint cross-check passed
cohe-216,ICML/rebuttal_2026/ttal_full_response/results/w3_balanced_control/raw/models/cifar100_budget0.10_K5000_seed2_balanced_Gen-Hard.pth,cifar100_balanced_controls_balanced_gen_hard_budget10_seed2_final.pth,cifar100_balanced_controls,CIFAR-100,timm ResNet-18; 100 classes,balanced_Gen-Hard,0.1,2,final_epoch_200,61ba0fd1345e357a2d73e7b60e2c1575ea62f84bc0eff785b0bec86914b2f5cb,44994698,TRUE,TRUE,TRUE,TECHNICALLY_VERIFIED=TRUE; HUMAN_RELEASE_APPROVED=TRUE; exact source/export tensor equality; endpoint cross-check passed
cohe-217,ICML/rebuttal_2026/ttal_full_response/results/w3_uncertainty_baseline/runs/budget0.5/models/cifar100_budget0.50_K25000_seed0_Predictive-Entropy.pth,cifar100_main_gate3_predictive_entropy_budget50_seed0_final.pth,cifar100_main_gate3,CIFAR-100,timm ResNet-18; 100 classes,Predictive-Entropy,0.5,0,final_epoch_200,b79ca441d714ec74fa34a40787463fb55370a8726b6950b67990c33143761557,44992662,TRUE,TRUE,TRUE,TECHNICALLY_VERIFIED=TRUE; HUMAN_RELEASE_APPROVED=TRUE; exact source/export tensor equality; endpoint cross-check passed
cohe-218,ICML/rebuttal_2026/ttal_full_response/results/w3_uncertainty_baseline/runs/budget0.5/models/cifar100_budget0.50_K25000_seed2_Predictive-Entropy.pth,cifar100_main_gate3_predictive_entropy_budget50_seed2_final.pth,cifar100_main_gate3,CIFAR-100,timm ResNet-18; 100 classes,Predictive-Entropy,0.5,2,final_epoch_200,7d55135a6e6d0917228a7ca772afd26d6ba264073e2e87559ddf56ab70436fe8,44992662,TRUE,TRUE,TRUE,TECHNICALLY_VERIFIED=TRUE; HUMAN_RELEASE_APPROVED=TRUE; exact source/export tensor equality; endpoint cross-check passed
cohe-219,ICML/rebuttal_2026/ttal_full_response/results/w3_uncertainty_baseline/runs/budget0.5/models/cifar100_budget0.50_K25000_seed1_Predictive-Entropy.pth,cifar100_main_gate3_predictive_entropy_budget50_seed1_final.pth,cifar100_main_gate3,CIFAR-100,timm ResNet-18; 100 classes,Predictive-Entropy,0.5,1,final_epoch_200,5f8d013aff7f6d662afed972e606743515383b62896ba9320ba2a28835d8faa0,44992662,TRUE,TRUE,TRUE,TECHNICALLY_VERIFIED=TRUE; HUMAN_RELEASE_APPROVED=TRUE; exact source/export tensor equality; endpoint cross-check passed
cohe-220,ICML/rebuttal_2026/ttal_full_response/results/w3_uncertainty_baseline/runs/budget0.1/models/cifar100_budget0.10_K5000_seed0_Predictive-Entropy.pth,cifar100_main_gate3_predictive_entropy_budget10_seed0_final.pth,cifar100_main_gate3,CIFAR-100,timm ResNet-18; 100 classes,Predictive-Entropy,0.1,0,final_epoch_200,2247a29f9ae71c7da668280442d574a0e2fc7ca202b8123b00da6a9d28d68931,44992662,TRUE,TRUE,TRUE,TECHNICALLY_VERIFIED=TRUE; HUMAN_RELEASE_APPROVED=TRUE; exact source/export tensor equality; endpoint cross-check passed
cohe-221,ICML/rebuttal_2026/ttal_full_response/results/w3_uncertainty_baseline/runs/budget0.1/models/cifar100_budget0.10_K5000_seed1_Predictive-Entropy.pth,cifar100_main_gate3_predictive_entropy_budget10_seed1_final.pth,cifar100_main_gate3,CIFAR-100,timm ResNet-18; 100 classes,Predictive-Entropy,0.1,1,final_epoch_200,90356107000cdbc1edafc2b39beb7e812bfb379c5ec9893bc6bb1192399ca379,44992662,TRUE,TRUE,TRUE,TECHNICALLY_VERIFIED=TRUE; HUMAN_RELEASE_APPROVED=TRUE; exact source/export tensor equality; endpoint cross-check passed
cohe-222,ICML/rebuttal_2026/ttal_full_response/results/w3_uncertainty_baseline/runs/budget0.1/models/cifar100_budget0.10_K5000_seed2_Predictive-Entropy.pth,cifar100_main_gate3_predictive_entropy_budget10_seed2_final.pth,cifar100_main_gate3,CIFAR-100,timm ResNet-18; 100 classes,Predictive-Entropy,0.1,2,final_epoch_200,6bb51a67751ad3f73e3be8dce1bc28ac72df8666ee1961c3ad691cab052c0405,44992662,TRUE,TRUE,TRUE,TECHNICALLY_VERIFIED=TRUE; HUMAN_RELEASE_APPROVED=TRUE; exact source/export tensor equality; endpoint cross-check passed
cohe-223,ICML/rebuttal_2026/ttal_full_response/results/w3_uncertainty_baseline/runs/budget0.7/models/cifar100_budget0.70_K35000_seed0_Predictive-Entropy.pth,cifar100_main_gate3_predictive_entropy_budget70_seed0_final.pth,cifar100_main_gate3,CIFAR-100,timm ResNet-18; 100 classes,Predictive-Entropy,0.7,0,final_epoch_200,398d33b9906ff5b4ae551f2dc99a65b2db7982a961a756c50abd54d9cc63c127,44992662,TRUE,TRUE,TRUE,TECHNICALLY_VERIFIED=TRUE; HUMAN_RELEASE_APPROVED=TRUE; exact source/export tensor equality; endpoint cross-check passed
cohe-224,ICML/rebuttal_2026/ttal_full_response/results/w3_uncertainty_baseline/runs/budget0.7/models/cifar100_budget0.70_K35000_seed2_Predictive-Entropy.pth,cifar100_main_gate3_predictive_entropy_budget70_seed2_final.pth,cifar100_main_gate3,CIFAR-100,timm ResNet-18; 100 classes,Predictive-Entropy,0.7,2,final_epoch_200,dd81290c60b5dd127b72791cdf73ea3a1861026a5a3adad0cccc076f9934d51d,44992662,TRUE,TRUE,TRUE,TECHNICALLY_VERIFIED=TRUE; HUMAN_RELEASE_APPROVED=TRUE; exact source/export tensor equality; endpoint cross-check passed
cohe-225,ICML/rebuttal_2026/ttal_full_response/results/w3_uncertainty_baseline/runs/budget0.7/models/cifar100_budget0.70_K35000_seed1_Predictive-Entropy.pth,cifar100_main_gate3_predictive_entropy_budget70_seed1_final.pth,cifar100_main_gate3,CIFAR-100,timm ResNet-18; 100 classes,Predictive-Entropy,0.7,1,final_epoch_200,e8ec2a7180dc26c05d5e3539e58be9188e9370116c0392f8a4d63b549c3ce19e,44992662,TRUE,TRUE,TRUE,TECHNICALLY_VERIFIED=TRUE; HUMAN_RELEASE_APPROVED=TRUE; exact source/export tensor equality; endpoint cross-check passed
cohe-226,ICML/rebuttal_2026/ttal_full_response/results/w3_coreset_baseline/runs/budget0.5/models/cifar100_budget0.50_K25000_seed1_Coreset-kCenter.pth,cifar100_main_gate3_coreset_kcenter_budget50_seed1_final.pth,cifar100_main_gate3,CIFAR-100,timm ResNet-18; 100 classes,Coreset-kCenter,0.5,1,final_epoch_200,76bce7ca0a9a4905cbebbb785cb09c7806d4307723555d245668dc0423f389f7,44992284,TRUE,TRUE,TRUE,TECHNICALLY_VERIFIED=TRUE; HUMAN_RELEASE_APPROVED=TRUE; exact source/export tensor equality; endpoint cross-check passed
cohe-227,ICML/rebuttal_2026/ttal_full_response/results/w3_coreset_baseline/runs/budget0.5/models/cifar100_budget0.50_K25000_seed0_Coreset-kCenter.pth,cifar100_main_gate3_coreset_kcenter_budget50_seed0_final.pth,cifar100_main_gate3,CIFAR-100,timm ResNet-18; 100 classes,Coreset-kCenter,0.5,0,final_epoch_200,3f8c8142887b895ebf58a336b264365295212f7997542bfad6399e7b08d0d78f,44992284,TRUE,TRUE,TRUE,TECHNICALLY_VERIFIED=TRUE; HUMAN_RELEASE_APPROVED=TRUE; exact source/export tensor equality; endpoint cross-check passed
cohe-228,ICML/rebuttal_2026/ttal_full_response/results/w3_coreset_baseline/runs/budget0.5/models/cifar100_budget0.50_K25000_seed2_Coreset-kCenter.pth,cifar100_main_gate3_coreset_kcenter_budget50_seed2_final.pth,cifar100_main_gate3,CIFAR-100,timm ResNet-18; 100 classes,Coreset-kCenter,0.5,2,final_epoch_200,b0ef5fa5eba363e4986248db37771613476e11a97dc7a1b31370a5e97af4ad7f,44992284,TRUE,TRUE,TRUE,TECHNICALLY_VERIFIED=TRUE; HUMAN_RELEASE_APPROVED=TRUE; exact source/export tensor equality; endpoint cross-check passed
cohe-229,ICML/rebuttal_2026/ttal_full_response/results/w3_coreset_baseline/runs/budget0.1/models/cifar100_budget0.10_K5000_seed1_Coreset-kCenter.pth,cifar100_main_gate3_coreset_kcenter_budget10_seed1_final.pth,cifar100_main_gate3,CIFAR-100,timm ResNet-18; 100 classes,Coreset-kCenter,0.1,1,final_epoch_200,1e3cb979bb96179c93b3195839ee1b49e6f1d1ca604304af7d61d01e088cca64,44992284,TRUE,TRUE,TRUE,TECHNICALLY_VERIFIED=TRUE; HUMAN_RELEASE_APPROVED=TRUE; exact source/export tensor equality; endpoint cross-check passed
cohe-230,ICML/rebuttal_2026/ttal_full_response/results/w3_coreset_baseline/runs/budget0.1/models/cifar100_budget0.10_K5000_seed2_Coreset-kCenter.pth,cifar100_main_gate3_coreset_kcenter_budget10_seed2_final.pth,cifar100_main_gate3,CIFAR-100,timm ResNet-18; 100 classes,Coreset-kCenter,0.1,2,final_epoch_200,32a4ea5fe381b6ffc5f817b0d0aca4ce74a641df131cad8e707a83f1df39b9b7,44992284,TRUE,TRUE,TRUE,TECHNICALLY_VERIFIED=TRUE; HUMAN_RELEASE_APPROVED=TRUE; exact source/export tensor equality; endpoint cross-check passed
cohe-231,ICML/rebuttal_2026/ttal_full_response/results/w3_coreset_baseline/runs/budget0.1/models/cifar100_budget0.10_K5000_seed0_Coreset-kCenter.pth,cifar100_main_gate3_coreset_kcenter_budget10_seed0_final.pth,cifar100_main_gate3,CIFAR-100,timm ResNet-18; 100 classes,Coreset-kCenter,0.1,0,final_epoch_200,2024a0a63788e68f78eb74653a065b92fdb83e42c1cc6749651a3e25fa0d2074,44992284,TRUE,TRUE,TRUE,TECHNICALLY_VERIFIED=TRUE; HUMAN_RELEASE_APPROVED=TRUE; exact source/export tensor equality; endpoint cross-check passed
cohe-232,ICML/rebuttal_2026/ttal_full_response/results/w3_coreset_baseline/runs/budget0.7/models/cifar100_budget0.70_K35000_seed0_Coreset-kCenter.pth,cifar100_main_gate3_coreset_kcenter_budget70_seed0_final.pth,cifar100_main_gate3,CIFAR-100,timm ResNet-18; 100 classes,Coreset-kCenter,0.7,0,final_epoch_200,f3ae7ac70cbc95d24e667ce90e7b2834d9b5d4efd8efde4782d6cc7f0b9bb43f,44992284,TRUE,TRUE,TRUE,TECHNICALLY_VERIFIED=TRUE; HUMAN_RELEASE_APPROVED=TRUE; exact source/export tensor equality; endpoint cross-check passed
cohe-233,ICML/rebuttal_2026/ttal_full_response/results/w3_coreset_baseline/runs/budget0.7/models/cifar100_budget0.70_K35000_seed1_Coreset-kCenter.pth,cifar100_main_gate3_coreset_kcenter_budget70_seed1_final.pth,cifar100_main_gate3,CIFAR-100,timm ResNet-18; 100 classes,Coreset-kCenter,0.7,1,final_epoch_200,d4357673327600db123cbb14a4c2d40efb0c550dc52d705ff42ffce895440679,44992284,TRUE,TRUE,TRUE,TECHNICALLY_VERIFIED=TRUE; HUMAN_RELEASE_APPROVED=TRUE; exact source/export tensor equality; endpoint cross-check passed
cohe-234,ICML/rebuttal_2026/ttal_full_response/results/w3_coreset_baseline/runs/budget0.7/models/cifar100_budget0.70_K35000_seed2_Coreset-kCenter.pth,cifar100_main_gate3_coreset_kcenter_budget70_seed2_final.pth,cifar100_main_gate3,CIFAR-100,timm ResNet-18; 100 classes,Coreset-kCenter,0.7,2,final_epoch_200,d530bd108406e2ce60feb51a597876cbe0bede3106c59c69b2a0bec120baa9af,44992284,TRUE,TRUE,TRUE,TECHNICALLY_VERIFIED=TRUE; HUMAN_RELEASE_APPROVED=TRUE; exact source/export tensor equality; endpoint cross-check passed
